[{"id": 8,"asset_id": 778,"catid": 86,"title": "Country","label": "Country","name": "LIVING_COUNTRY","attrs": "{\"name\":\"LIVING_COUNTRY\",\"label\":\"Country\",\"description\":\"\",\"default\":\"\",\"required\":\"0\",\"maxlength\":\"\",\"size\":\"\",\"class\":\"\",\"filter\":\"\",\"readonly\":\"0\",\"disabled\":\"0\",\"hide_in_registration\":\"0\"}","field_type": "text","required": 0,"element": "<fieldname=\"LIVING_COUNTRY\"label=\"Country\"type=\"text\"></field>","created": "2013-03-22 06:50:51","created_by": 986,"modified": "2013-03-22 14:57:24","modified_by": 986,"ordering": 1,"published": 1,"publish_up": "0000-00-00 00:00:00","publish_down": "0000-00-00 00:00:00","checked_out": 0,"checked_out_time": "0000-00-00 00:00:00","access": 1,"language": "*","params": "{}"}, {"id": 9,"asset_id": 780,"catid": 86,"title": "Zip Code","label": "Zip Code","name": "LIVING_ZIPCODE","attrs": "{\"name\":\"LIVING_ZIPCODE\",\"label\":\"Zip Code\",\"description\":\"\",\"default\":\"\",\"required\":\"0\",\"maxlength\":\"\",\"size\":\"4\",\"class\":\"input-small\",\"filter\":\"\",\"readonly\":\"0\",\"disabled\":\"0\",\"hide_in_registration\":\"0\"}","field_type": "text","required": 0,"element": "<fieldname=\"LIVING_ZIPCODE\"label=\"Zip Code\"size=\"4\"class=\"input-small\"type=\"text\"></field>","created": "2013-03-22 06:50:51","created_by": 986,"modified": "2013-03-22 14:57:36","modified_by": 986,"ordering": 3,"published": 1,"publish_up": "0000-00-00 00:00:00","publish_down": "0000-00-00 00:00:00","checked_out": 0,"checked_out_time": "0000-00-00 00:00:00","access": 1,"language": "*","params": "{}"}, {"id": 10,"asset_id": 781,"catid": 86,"title": "City","label": "City","name": "LIVING_CITY","attrs": "{\"name\":\"LIVING_CITY\",\"label\":\"City\",\"description\":\"\",\"default\":\"\",\"required\":\"0\",\"maxlength\":\"\",\"size\":\"\",\"class\":\"\",\"filter\":\"\",\"readonly\":\"0\",\"disabled\":\"0\",\"hide_in_registration\":\"0\"}","field_type": "text","required": 0,"element": "<fieldname=\"LIVING_CITY\"label=\"City\"type=\"text\"></field>","created": "2013-03-22 06:50:51","created_by": 986,"modified": "2013-03-22 14:57:41","modified_by": 986,"ordering": 4,"published": 1,"publish_up": "0000-00-00 00:00:00","publish_down": "0000-00-00 00:00:00","checked_out": 0,"checked_out_time": "0000-00-00 00:00:00","access": 1,"language": "*","params": "{}"}, {"id": 11,"asset_id": 782,"catid": 86,"title": "Address","label": "Address","name": "LIVING_ADDRESS","attrs": "{\"name\":\"LIVING_ADDRESS\",\"label\":\"Address\",\"description\":\"\",\"default\":\"\",\"required\":\"0\",\"maxlength\":\"\",\"size\":\"40\",\"class\":\"input-xlarge\",\"filter\":\"\",\"readonly\":\"0\",\"disabled\":\"0\",\"hide_in_registration\":\"0\"}","field_type": "text","required": 0,"element": "<fieldname=\"LIVING_ADDRESS\"label=\"Address\"size=\"40\"class=\"input-xlarge\"type=\"text\"></field>","created": "2013-03-22 06:50:51","created_by": 986,"modified": "2013-03-22 14:57:47","modified_by": 986,"ordering": 5,"published": 1,"publish_up": "0000-00-00 00:00:00","publish_down": "0000-00-00 00:00:00","checked_out": 0,"checked_out_time": "0000-00-00 00:00:00","access": 1,"language": "*","params": "{}"}, {"id": 12,"asset_id": 779,"catid": 86,"title": "Region","label": "Region","name": "LIVING_REGION","attrs": "{\"name\":\"LIVING_REGION\",\"label\":\"Region\",\"description\":\"\",\"default\":\"\",\"required\":\"0\",\"maxlength\":\"\",\"size\":\"\",\"class\":\"\",\"filter\":\"\",\"readonly\":\"0\",\"disabled\":\"0\",\"hide_in_registration\":\"0\"}","field_type": "text","required": 0,"element": "<fieldname=\"LIVING_REGION\"label=\"Region\"type=\"text\"></field>","created": "2013-03-22 06:50:51","created_by": 986,"modified": "2013-03-22 14:57:30","modified_by": 986,"ordering": 2,"published": 1,"publish_up": "0000-00-00 00:00:00","publish_down": "0000-00-00 00:00:00","checked_out": 0,"checked_out_time": "0000-00-00 00:00:00","access": 1,"language": "*","params": "{}"}]