<?xml version="1.0" encoding="utf-8"?>
<extension version="1.6" type="plugin" group="system" method="upgrade">
    <name>Installer</name>
	<author>${author}</author>
	<creationDate>${build_date}</creationDate>
	<copyright>${copyright}</copyright>
	<license>${license}</license>
	<authorEmail>${authorEmail}</authorEmail>
	<authorUrl>${authorUrl}</authorUrl>
	<version>${project.version}</version>
	<description></description>
    <scriptfile>install.script.php</scriptfile>
    <files>
        <filename plugin="installer">installer.php</filename>
    </files>
    <cogs>
        <cog type="module" client="site" access="1" enabled="true" protected="false">
            mod_rokfeaturetable
            <name>RokFeatureTable Module</name>
            <description>RocketTheme RokFeatureTable Module</description>
        </cog>
    </cogs>
</extension>
