<?xml version="1.0" encoding="utf-8"?>
<install method="upgrade" version="1.5" type="component">
	<name>rsinstaller</name> 
	<author>RSJoomla!</author>
	<creationDate>November 2010</creationDate>
	<copyright>Copyright (C) 2010 www.rsjoomla.com. All rights reserved.</copyright>
	<license>GNU General Public License</license>
	<authorEmail>support@rsjoomla.com</authorEmail>
	<authorUrl>www.rsjoomla.com</authorUrl>
	<version>1.3.0</version>
	<description><![CDATA[RSForm!Pro Feedback Module allows you to display a module with a custom text on the left, right, top or bottom side of your website. Works with at least RSForm! Pro 1.3.0 REV30!]]></description>
		<installfile>install.php</installfile>
		<scriptfile>script.rsinstaller.php</scriptfile>
		<administration></administration>
</install>