<?xml version="1.0" encoding="utf-8" ?>
<install version="1.6" client="administrator" type="language" method="upgrade">
 <author>Norbert Graup</author>
 <authorEmail>language@nobbis.net</authorEmail>
 <authorUrl>http://www.nobbis.net</authorUrl>
 <copyright>Copyright (C) 2011 NGEDV</copyright>
 <creationDate>Juni 2011</creationDate>
 <description></description>
 <license>http://www.gnu.org/licenses/gpl-2.0.html GNU/GPL</license>
 <name>Deutsch</name>
 <tag>de-DE</tag>
 
 <version>1.4.0</version>
	<files folder="../">
			<filename>de-DE.com_rsform.ini</filename>
			<filename>de-DE.com_rsform.menu.ini</filename>
			<filename>de-DE.com_rsform.sys.ini</filename>
			<filename>de-DE.plg_system_rsfpgoogle.ini</filename>
			<filename>de-DE.plg_system_rsfpmailchimp.ini</filename>
			<filename>de-DE.plg_system_rsfpmappings.ini</filename>
			<filename>de-DE.plg_system_rsfppaypal.ini</filename>
			<filename>de-DE.plg_system_rsfprecaptcha.ini</filename>
			<filename>de-DE.plg_system_rsfprsevents.ini</filename>
			<filename>de-DE.plg_system_rsfpsalesforce.ini</filename>
			<filename>de-DE.plg_system_rsfpakismet.ini</filename>
			<filename>de-DE.plg_system_rsfpconstantcontact.ini</filename>
			<filename>de-DE.plg_system_rsfpmigration.ini</filename>
			<filename>de-DE.plg_system_rsfpregistration.ini</filename>
    </files>
</install>
