<?xml version="1.0" encoding="utf-8"?>
<install type="module" version="1.5.0" method="upgrade">
	<name>EasyBlog Latest Bloggers</name>
	<author>StackIdeas</author>
	<creationDate>25th May 2010</creationDate>
	<copyright>Copyright 2009 - 2010 StackIdeas. All rights reserved.</copyright>
	<license>GPL License</license>
	<authorEmail>support@stackideas.com</authorEmail>
	<authorUrl>http://www.stackideas.com</authorUrl>
	<version>3.5.4</version>
	<description>Latest bloggers module for your EasyBlog's component.</description>
	<languages>
		<language tag="en-GB">en-GB.mod_easybloglatestblogger.ini</language>
		<language tag="da-DK">da-DK.mod_easybloglatestblogger.ini</language>
		<language tag="fr-FR">fr-FR.mod_easybloglatestblogger.ini</language>
		<language tag="sv-SE">sv-SE.mod_easybloglatestblogger.ini</language>
	</languages>
	<files>
		<filename module="mod_easybloglatestblogger">mod_easybloglatestblogger.php</filename>
		<filename>helper.php</filename>
		<filename>index.html</filename>
		<folder>tmpl</folder>
		<folder>assets</folder>
	</files>
	<params addpath="/administrator/components/com_easyblog/elements">
		<param name="moduleclass_sfx" type="text" default="" label="Module Class Suffix" description="PARAMMODULECLASSSUFFIX" />
		<param name="routingtype" type="list" default="default" label="Routing Type" description="Choose the routing type when generate blogger link">
			<option value="default">Use default behaviour</option>
			<option value="menuitem">Use menu item</option>
		</param>
		<param name="menuitemid" type="easyblogmenuitem" default="" label="Use Menu Item" description="Select menu item if you have choose to use 'menu item' as routing type" state="1" />

		<param name="@spacer" type="spacer" default="" label="" description="" />
		<param name="count" type="text" default="5" label="Count" description="The number of items to display (set it to 0 if number of blogger limiting if not required)." />
		<param name="showavatar" type="list" default="1" label="Show Blogger's Avatar" description="Show or hide blogger's avatar in the module.">
			<option value="0">No</option>
			<option value="1">Yes</option>
		</param>
		<param name="showwebsite" type="list" default="1" label="Show Blogger's Website" description="Show or hide blogger's website in the module.">
			<option value="0">No</option>
			<option value="1">Yes</option>
		</param>
		<param name="showcount" type="list" default="1" label="Show Total Post Count" description="Show or hide the number of total post count in the module.">
			<option value="0">No</option>
			<option value="1">Yes</option>
		</param>
		<param name="excludeemptypost" type="list" default="0" label="Exclude Blogger with zero post" description="Exclude Blogger with zero post from display in module.">
			<option value="0">No</option>
			<option value="1">Yes</option>
		</param>
		<param name="onlyfeatured" type="list" default="0" label="Show only featured bloggers" description="Show only featured bloggers in the module.">
			<option value="0">No</option>
			<option value="1">Yes</option>
		</param>
		<param name="ordertype" type="list" default="DESC" label="Ordering of bloggers" description="Specify the ordering of the bloggers in the module">
			<option value="DESC">Recent</option>
			<option value="ASC">Oldest</option>
			<option value="POSTS">Most posts</option>
		</param>
	</params>
	<params group="advanced">
		<param name="cache" type="list" default="0" label="Caching" description="Select whether to cache the content of this module">
			<option value="1">Use global</option>
			<option value="0">No caching</option>
		</param>
		<param name="cache_time" type="text" default="900" label="Cache Time" description="The time before the module is recached" />
	</params>

	<config>
		<fields name="params">
			<fieldset name="basic" addfieldpath="/administrator/components/com_easyblog/elements/fields">
				<field name="routingtype" type="list" default="default" label="Routing Type" description="Choose the routing type when generate blogger link">
					<option value="default">Use default behaviour</option>
					<option value="menuitem">Use menu item</option>
				</field>
				<field name="menuitemid" type="modal_easyblogmenuitem" default="" label="Use Menu Item" description="Select menu item if you have choose to use 'menu item' as routing type" state="1" />

				<field
					name="count"
					type="text"
					default="5"
					label="Count"
					description="The number of items to display (set it to 0 if number of blogger limiting if not required)." />

				<field
					name="showavatar"
					type="list"
					default="1"
					label="Show Blogger's Avatar"
					description="Show or hide blogger's avatar in the module." >
					<option value="0">No</option>
					<option value="1">Yes</option>
				</field>

				<field
					name="showwebsite"
					type="list"
					default="1"
					label="Show Blogger's Website"
					description="Show or hide blogger's website in the module." >
					<option value="0">No</option>
					<option value="1">Yes</option>
				</field>

				<field
					name="showcount"
					type="list"
					default="1"
					label="Show Total Post Count"
					description="Show or hide the number of total post count in the module." >
					<option value="0">No</option>
					<option value="1">Yes</option>
				</field>

				<field
					name="excludeemptypost"
					type="list"
					default="0"
					label="Exclude Blogger with zero post"
					description="Exclude Blogger with zero post from display in module." >
					<option value="0">No</option>
					<option value="1">Yes</option>
				</field>

				<field
					name="onlyfeatured"
					type="list"
					default="0"
					label="Show only featured bloggers"
					description="Show only featured bloggers in the module." >
					<option value="0">No</option>
					<option value="1">Yes</option>
				</field>
				<field name="ordertype" type="list" default="DESC" label="Ordering of bloggers" description="Specify the ordering of the bloggers in the module">
					<option value="DESC">Recent</option>
					<option value="ASC">Oldest</option>
					<option value="POSTS">Most posts</option>
				</field>
			</fieldset>
			<fieldset name="advanced">
				<field
					name="moduleclass_sfx" type="text"
					label="COM_MODULES_FIELD_MODULECLASS_SFX_LABEL"
					description="COM_MODULES_FIELD_MODULECLASS_SFX_DESC" />

				<field
					name="cache"
					type="list"
					default="0"
					label="COM_MODULES_FIELD_CACHING_LABEL"
					description="COM_MODULES_FIELD_CACHING_DESC" >
					<option value="1">JGLOBAL_USE_GLOBAL</option>
					<option value="0">COM_MODULES_FIELD_VALUE_NOCACHING
					</option>
				</field>

				<field
					name="cache_time"
					type="text"
					default="900"
					label="COM_MODULES_FIELD_CACHE_TIME_LABEL"
					description="COM_MODULES_FIELD_CACHE_TIME_DESC" />
			</fieldset>
		</fields>
	</config>

</install>
