<?xml version="1.0" encoding="iso-8859-1"?>
<RSinstall type="rsformupdate">
<name>RSForm! Pro Update</name>
<creationDate>17/06/2009</creationDate>
<author>www.rsjoomla.com</author>
<copyright>(C) 2007-2011 www.rsjoomla.com</copyright>
<license>http://www.gnu.org/copyleft/gpl.html GNU/GPL</license> 
<authorEmail>support@rsjoomla.com</authorEmail>
<authorUrl>www.rsjoomla.com</authorUrl>
<version>1.4.0</version>
<description>RSForm! Pro Update</description>
<tasks>
	<task type="eval" source="">
	JError::raiseWarning(500, 'Please use the Extensions Install/Uninstall menu in order to update RSForm! Pro.');
	</task>
</tasks>
</RSinstall>