<?xml version="1.0" encoding="utf-8" ?>
<install version="1.6" client="site" type="language" method="upgrade">
 <author>RafalDesign.pl</author>
 <authorEmail>admin@rafaldesign.pl</authorEmail>
 <authorUrl>http://www.rafaldesign.pl</authorUrl>
 <copyright>Copyright (C) 2007 - 2011 RSJoomla.com</copyright>
 <creationDate>2011-05-16</creationDate>
 <description></description>
 <license>http://www.gnu.org/licenses/gpl-2.0.html GNU/GPL</license>
 <name>Polish</name>
 <tag>pl-PL</tag>
 
 <version>1.3.0</version>
	<files folder="../">
		  <filename>pl-PL.com_rsform.ini</filename>
    </files>
</install>
