<?xml version="1.0" encoding="utf-8"?>
<install version="1.5" type="plugin" group="search" method="upgrade">
	<name>Search - AceShop</name>
	<author>JoomAce LLC</author>
	<creationDate>April 2012</creationDate>
	<copyright>2009-2012 JoomAce LLC. All rights reserved.</copyright>
	<license>http://www.gnu.org/licenses/gpl-2.0.html GNU/GPL</license>
	<authorEmail>info@joomace.net</authorEmail>
	<authorUrl>www.joomace.net</authorUrl>
	<version>1.0.0</version>
	<description>Displays AceShop products within the search results</description>
	<files>
		<filename plugin="aceshop">aceshop.php</filename>
	</files>
	<params>
		<param name="search_limit" type="text" size="5" default="50" label="Search Limit" description="The number of items to return when performing a search."/>
		<!--<param name="search_tags" type="radio" default="0" label="Search in tags" description="Select if you want to search product's tags. Note that this can be very slow on large sites.">
			<option value="0">No</option>
			<option value="1">Yes</option>
		</param>-->
	</params>
	<config>
		<fields name="params">
			<fieldset name="basic">
				<field name="search_limit" type="text" size="5" default="50" label="Search Limit" description="The number of items to return when performing a search."/>
				<!--<field name="search_tags" type="radio" default="0" label="Search in tags" description="Select if you want to search product's tags. Note that this can be very slow on large sites.">
					<option value="0">No</option>
					<option value="1">Yes</option>
				</field>-->
			</fieldset>
		</fields>
	</config>
</install>
