<?xml version="1.0" encoding="utf-8"?>
<extension
	type="module"
	version="1.6.0"
	client="site"
	method="upgrade">
	<name>mod_djc2filters</name>
	<creationDate>September 2012</creationDate>
	<author>DJ-Extensions.com LTD</author>
	<copyright>Copyright (C) 2010-2012 DJ-Extensions.com LTD, All rights reserved.</copyright>
	<license> http://www.gnu.org/licenses GNU/GPL</license>
	<authorEmail>contact@dj-extensions.com</authorEmail>
	<authorUrl>http://dj-extensions.com</authorUrl>
	<version>3.0</version>
	<description>MOD_DJC2FILTERS_DESC</description>
	<files>
		<filename module="mod_djc2filters">mod_djc2filters.php</filename>
		<filename>helper.php</filename>
		<filename>index.html</filename>
		<folder>language</folder>
		<folder>tmpl</folder>
	</files>
	<config>
		<fields name="params">
			<fieldset name="basic" addfieldpath="/administrator/components/com_djcatalog2/models/fields">
				<field name="moduleclass_sfx" type="text" default=""
					label="Module Class Suffix" />
				<field name="visibility" type="list" default="" label="MOD_DJC2FILTERS_MODULE_VISIBILITY" description="MOD_DJC2FILTERS_MODULE_VISIBILITY_DESC">
					<option value="">MOD_DJC2FILTERS_MODULE_VISIBILITY_EVERYWHERE</option>
					<option value="1">MOD_DJC2FILTERS_MODULE_VISIBILITY_ITEMS_VIEW</option>
					<option value="2">MOD_DJC2FILTERS_MODULE_VISIBILITY_ITEMS_N_ITEM_VIEW</option>
				</field>
				<field name="group_title" type="list" default="1" label="MOD_DJC2FILTERS_GROUP_TITLE">
					<option value="0">JHIDE</option>
					<option value="1">JSHOW</option>
				</field>
				<field name="fieldgroups" type="sql" query="SELECT id, name FROM #__djc2_items_extra_fields_groups ORDER BY name ASC" 
					key_field="id" value_field="name" multiple="true" label="MOD_DJC2FILTERS_FIELD_GROUPS" size="10" 
					description="MOD_DJC2FILTERS_FIELD_GROUPS_DESC" />
				<field name="categories" type="djcategory" default=""
					label="MOD_DJC2FILTERS_CATEGORIES" description="MOD_DJC2FILTERS_CATEGORIES_DESC" multiple="true" size="10" default_name="MOD_DJC2FILTERS_ROOT_CATEGORY" />
			</fieldset>
		</fields>
	</config>
</extension>