<?xml version="1.0" encoding="utf-8"?>
<element type="imagepro" group="ZOOlanders">
	<name>Image Pro</name>
	<author>ZOOlanders</author>
	<creationDate>December 2010</creationDate>
	<copyright>Copyright (C) 2010 JOOlanders, SL</copyright>
	<authorEmail>info@zoolanders.com</authorEmail>
	<authorUrl>http://www.zoolanders.com</authorUrl>
	<version>2.6</version>
	<description>Image Pro Element</description>
	<params>
		<param name="files" type="zlfield" label="Files" addctrl="files" toggle="true">
			<loadfield type="files" />
		</param>
		<param name="specific" type="zlfield" label="Specific" addctrl="specific" toggle="starthidden">
			<loadfield type="loadjson">
				<load path="elements:imagepro/params/config.php" />
			</loadfield>
		</param>
	</params>
	<params group="render">
		<param name="layout" type="zlfield" label="Layout" addctrl="layout" toggle="true">
			<loadfield type="layout">
				<layout label="PLG_ZLFRAMEWORK_MAIN_LAYOUT" help="PLG_ZLFRAMEWORK_MAIN_LAYOUT_DESC" path="elements:imagepro/tmpl/render" default="default.php">
					<options>
						<option value="widgetkit.php">WidgetKit</option>
						<option value="qtip.php">qTip</option>
					</options>
				</layout>
			</loadfield>
		</param>

		<param name="filter" type="zlfield" label="Filter" addctrl="filter" toggle="starthidden">
			<loadfield type="filter" />
		</param>
		<param name="separator" type="zlfield" label="Separator" addctrl="separator" toggle="starthidden">
			<loadfield type="separator" />
		</param>
	</params>
	<params group="submission">
		<param name="layout" type="zlfield" label="Layout" addctrl="layout" toggle="true">
			<loadfield type="layout">
				<layout label="PLG_ZLFRAMEWORK_MAIN_LAYOUT" help="PLG_ZLFRAMEWORK_MAIN_LAYOUT_DESC" path="elements:imagepro/tmpl/submission" default="default.php">
					<options>
						<option value="advanced">Advanced</option>
					</options>
				</layout>
			</loadfield>
		</param>
	</params>
</element>