<?xml version="1.0" encoding="UTF-8"?>
<cbinstall version="1.0" type="plugin" group="user">
	<name>EasyBlog</name>
	<author>StackIdeas</author>
	<creationDate>18/05/2010</creationDate>
	<copyright>Copyright 2009-2010 stackideas.com</copyright>
	<license>GNU/GPL</license>
	<authorEmail>support@stackideas.com</authorEmail>
	<authorUrl>http://stackideas.com</authorUrl>
	<version>1.2.2</version>
	<description>Provides a user tab in Community Builder which displays blog entries written by the blogger.</description>
	<files>
		<filename plugin="cb.easyblog">cb.easyblog.php</filename>
		<filename>index.html</filename>
		<filename>favicon.png</filename>
		
		<filename>assets/easyblog.js</filename>
		<filename>assets/style.css</filename>
		<filename>assets/index.html</filename>		
		
		<filename>assets/calendar.png</filename>
		<filename>assets/comments.png</filename>
		<filename>assets/dashboard.png</filename>
		<filename>assets/hits.png</filename>
		<filename>assets/loading.gif</filename>
		<filename>assets/ratings.png</filename>
		<filename>assets/readon.png</filename>
		<filename>assets/settings.png</filename>
		<filename>assets/write-new.png</filename>		
	</files>
    <params>	
    </params>	
    <tabs>
    	<tab name="EasyBlog" description="" class="getEasyBlogTab" cbfields="0" position="cb_tabmain" displaytype="tab">
			<params>			
				<param name="expanded" type="list" default="0" label="Content initially expanded" description="Collapse or expand the blog content when the page loaded.">
					<option value="0">Collapsed</option>
					<option value="1">Expanded</option>
				</param>
				<param name="allowcomment" type="list" default="1" label="Allow comment" description="Allow site member and site visitor to comment on the blog post.">
					<option value="0">No</option>
					<option value="1">yes</option>
				</param>
				<param name="allowhits" type="list" default="1" label="Display hits" description="Enable or disable hits in the listings.">
					<option value="0">No</option>
					<option value="1">yes</option>
				</param>
				<param name="allowreadon" type="list" default="1" label="Display readon" description="Enable or disable readon in the listings.">
					<option value="0">No</option>
					<option value="1">yes</option>
				</param>
				<param name="limit" type="text" default="250" label="Text Limit" description="Limit the length of the blog content." />
				<param name="count" type="text" default="5" label="Max Count" description="The number of max blog entries to display." />			
			</params>
			<fields>
			</fields>
		</tab>
    </tabs>   
    <install>
    	<queries>
    	</queries>
    </install>
    <uninstall>
        <queries>
    	</queries>
    </uninstall>
	<database>
	</database>
</cbinstall>