<?xml version="1.0" encoding="utf-8"?>
<element type="itemname" group="Core" hidden="true" orderable="true">
	<name>Item Name</name>
	<author>YOOtheme</author>
	<creationDate>August 2011</creationDate>
	<copyright>Copyright (C) YOOtheme GmbH</copyright>
	<authorEmail>info@yootheme.com</authorEmail>
	<authorUrl>http://www.yootheme.com</authorUrl>
	<version>2.5.0</version>
	<description>Item Name Core System</description>
	<params group="render">
		<param name="link_to_item" type="radio" default="1" label="Link to item" description="Wrap name in link to item">
			<option value="0">JNO</option>
			<option value="1">JYES</option>
		</param>
	</params>
</element>