<?xml version="1.0" encoding="UTF-8" ?>
<extension type="package" version="1.6">
<name>Italian</name>
<packagename>it-IT</packagename>
<version>1.6</version>
<url></url>
<packager></packager>
<packagerurl></packagerurl>
<description><![CDATA[
  <div align="center">
    <table border="0" width="90%">
	    <tr>
		    <td width="100%" colspan="2">
		      <div align="center"> <a href="http://rsjoomla.com" target="_blank"><img border="0" src="http://www.rsjoomla.com/templates/rsjoomla/img/logo.png" alt="RSJoomla.com" /></a>
				<h3> RSForm!Pro revision 30 language file:</h3>
		      </div>
		      <hr />
		    </td>
	    </tr>
	    <tr>
		    <td width="18%"><u><b>Lingua:</b></u></td>
		    <td width="80%">Italiano(Italian)</td>
	    </tr>
	    <tr>
		    <td width="18%"><u><b>Sezione del sito:</b></u></td>
		    <td width="80%">Amministratore (back-end) e del sito (Front-end)</td>
	    </tr>
	    <tr>
		    <td width="18%"><u><b>Autore:</b></u></td>
		    <td width="80%">rsjoomla.com</td>
	    </tr>
	    <tr>
		    <td width="18%"><u><b>Sito web:</b></u></td>
		    <td width="80%"><a href="http://www.rsjoomla.com" target="_blank">http://www.rsjoomla.com</a></td>
	    </tr>
	    <tr>
		    <td width="18%"><u><b>Versione Traduzione:</b></u></td>
		    <td width="80%">3.1.0 Rev 30</td>
	    </tr>
	    <tr>
		    <td width="100%" colspan="2">
		      <p align="center"><b><font color="#008000">Controlla se ci sono nuovi aggiornamenti e nuove versioni della traduzione per questa estensione.</font></b></td>
	    </tr>
    </table>
  </div>]]></description>
<files>
    <file type="language" client="site" id="it-IT">site</file>
    <file type="language" client="administrator" id="it-IT">admin</file>
</files>
</extension>