<?xml version="1.0" encoding="UTF-8"?>
<!DOCTYPE easyproject PUBLIC "-//EasyCreator 0.0.14.1//DTD project 1.0//EN"
"http://joomlacode.org/gf/project/elkuku/scmsvn/?action=browse&path=/*checkout*/dtd/easycreator/0.0.14.1/project.dtd">
<easyproject type="component" scope="" version="0.0.15.4" tpl="">
  <name>COM_MOOFAQ</name>
  <comname>com_moofaq</comname>
  <JCompat>1.6</JCompat>
  <extensionPrefix />
  <langFormat>ini</langFormat>
  <zipPath />
  <dbTypes />
  <headerType />
  <buildoptions>
    <lng_separate_javascript>OFF</lng_separate_javascript>
    <archive_zip>ON</archive_zip>
    <archive_tgz>OFF</archive_tgz>
    <archive_bz2>OFF</archive_bz2>
    <create_indexhtml>OFF</create_indexhtml>
    <create_md5>OFF</create_md5>
    <create_md5_compressed>OFF</create_md5_compressed>
    <include_ecr_projectfile>OFF</include_ecr_projectfile>
    <remove_autocode>OFF</remove_autocode>
  </buildoptions>
</easyproject>