<?xml version="1.0" encoding="UTF-8"?>
<extension type="module" version="2.5" client="site" method="upgrade">
	<name>Slicebox Responsive Slider</name>
	<author>Daniel Pardons</author>
	<creationDate>23 February 2013</creationDate>
	<copyright>Copyright (C) 2012 Daniel Pardons/joompad.be</copyright>
	<license>GNU General Public License version 2 or later</license>
	<authorEmail>daniel.pardons@joompad.be</authorEmail>
	<authorURL>http://www.joompad.be</authorURL>
	<version>1.5.1</version>
	<description>MOD_SLICEBOXSL_XML_DESCRIPTION</description>
	
	<files>
		<filename module="mod_slicebox_slider">mod_slicebox_slider.php</filename>
		<filename>mod_slicebox_slider.xml</filename>
		<filename>License.txt</filename>
		<filename>helper.php</filename>
		<filename>index.html</filename>
		<folder>tmpl</folder>
		<folder>js</folder>
		<folder>css</folder>
		<folder>elements</folder>
		<folder>images</folder>
		<folder>demo</folder>
	</files>

	<languages>
		<language tag="en-GB">language/en-GB/en-GB.mod_slicebox_slider.ini</language>
		<language tag="en-GB">language/en-GB/en-GB.mod_slicebox_slider.sys.ini</language>
	</languages>
	
	<config>
		<fields addfieldpath="/modules/mod_slicebox_slider/elements" name="params">
			<fieldset name="MOD_SLICEBOXSL_PARAMETERS">

				<field type="spacer" default="MOD_SLICEBOXSL_MODULE_SETTINGS"/>
				<field name="load_jquery" type="radio" default="1" label="MOD_SLICEBOXSL_LOADJQUERY" description="MOD_SLICEBOXSL_LOADJQUERY_DESC">
					<option value="0">J_NO</option>
					<option value="1">J_YES</option>
				</field>
				<field name="load_modernizr" type="radio" default="1" label="MOD_SLICEBOXSL_LOADMODERNIZR" description="MOD_SLICEBOXSL_LOADMODERNIZR_DESC">
					<option value="0">J_NO</option>
					<option value="1">J_YES</option>
				</field>

				<field type="spacer" default="MOD_SLICEBOXSL_GALLERY_SETTINGS"/>				
				<field name="gallery_position" type="radio" default="1" label="MOD_SLICEBOXSL_GALLERYPOSITION" description="MOD_SLICEBOXSL_GALLERYPOSITION_DESC">
					<option value="0">MOD_SLICEBOXSL_LEFT</option>
					<option value="1">MOD_SLICEBOXSL_CENTERED</option>
				</field>

				<field name="gallery_width" type="text" default="100%" label="MOD_SLICEBOXSL_GALLERYWIDTH" description="MOD_SLICEBOXSL_GALLERYWIDTH_DESC" />

				<field name="g_max_img" type="text" default="9" label="MOD_SLICEBOXSL_MAXIMAGES" description="MOD_SLICEBOXSL_MAXIMAGES_DESC" />
				<field name="g_img_src" type="list" default="folder" label="MOD_SLICEBOXSL_SOURCE" description="MOD_SLICEBOXSL_SOURCE_DESC">
					<option value="folder">MOD_SLICEBOXSL_FOLDER</option>
					<option value="module">MOD_SLICEBOXSL_MODULE</option>
				</field>
				<field name="g_s_crit" type="list" default="0" label="MOD_SLICEBOXSL_SORTCRIT" description="MOD_SLICEBOXSL_SORTCRIT_DESC">
					<option value="0">MOD_SLICEBOXSL_FIXED</option>
					<option value="1">MOD_SLICEBOXSL_RANDOMIZE</option>
				</field>
				<field name="folder" type="text" size="60" default="modules/mod_slicebox_slider/demo/" label="MOD_SLICEBOXSL_IMAGESFOLDER" description="MOD_SLICEBOXSL_IMAGESFOLDER_DESC" />				
				
				<field type="spacer" default="MOD_SLICEBOXSL_SLIDER_SETTINGS"/>
				<field name="orientation" type="list" default="v" label="MOD_SLICEBOXSL_ORIENTATION" description="MOD_SLICEBOXSL_ORIENTATION_DESC">
					<option value="v">MOD_SLICEBOXSL_V</option>
					<option value="h">MOD_SLICEBOXSL_H</option>
					<option value="r">MOD_SLICEBOXSL_R</option>
				</field>
				<field name="perspective" type="text" default="1200" label="MOD_SLICEBOXSL_PERPECTIVE" description="MOD_SLICEBOXSL_PERPECTIVE_DESC" />		
				<field name="cuboids_count" type="list" default="5" label="MOD_SLICEBOXSL_CUBOIDS_COUNT" description="MOD_SLICEBOXSL_CUBOIDS_COUNT_DESC">
					<option value="1">1</option>
					<option value="3">3</option>
					<option value="5">5</option>
					<option value="7">7</option>
					<option value="9">9</option>
					<option value="11">11</option>
					<option value="13">13</option>
					<option value="15">15</option>
				</field>	
				<field name="cuboids_effect" type="list" default="false" label="MOD_SLICEBOXSL_CUBOIDS_EFFECT_MODE" description="MOD_SLICEBOXSL_CUBOIDS_EFFECT_MODE_DESC">
					<option value="false">MOD_SLICEBOXSL_CUBOIDS_MODE_FIXED</option>
					<option value="true">MOD_SLICEBOXSL_CUBOIDS_MODE_RANDOM</option>
				</field>
				<field name="max_cuboids_count_random" type="list" default="5" label="MOD_SLICEBOXSL_CUBOIDS_MAX_COUNT_RANDOM" description="MOD_SLICEBOXSL_CUBOIDS_MAX_COUNT_RANDOM_DESC">
					<option value="1">1</option>
					<option value="3">3</option>
					<option value="5">5</option>
					<option value="7">7</option>
					<option value="9">9</option>
					<option value="11">11</option>
					<option value="13">13</option>
					<option value="15">15</option>
				</field>
				<field name="dispersefactor" type="text" default="0" label="MOD_SLICEBOXSL_DISPERSE_FACTOR" description="MOD_SLICEBOXSL_DISPERSE_FACTOR_DESC" />
				<field name="hidden_slides_color" type="text" default="#222" label="MOD_SLICEBOXSL_HIDDEN_SLIDES_COLOR" description="MOD_SLICEBOXSL_HIDDEN_SLIDES_COLOR_DESC" />
				<field name="sequential_factor" type="text" default="150" label="MOD_SLICEBOXSL_SEQUENTIAL_FACTOR" description="MOD_SLICEBOXSL_SEQUENTIAL_FACTOR_DESC" />
				<field name="animation_speed" type="text" default="600" label="MOD_SLICEBOXSL_ANIMATION_SPEED" description="MOD_SLICEBOXSL_ANIMATION_SPEED_DESC" />					
				<field name="easing_effect" type="list" default="ease" label="MOD_SLICEBOXSL_EASING_EFFECT" description="MOD_SLICEBOXSL_EASING_EFFECT_DESC">
					<option value="ease">ease</option>
					<option value="swing">swing</option>
					<option value="linear">linear</option>
				</field>
				<field name="autoplay" type="list" default="false" label="MOD_SLICEBOXSL_AUTOPLAY" description="MOD_SLICEBOXSL_AUTOPLAY_DESC">
					<option value="false">J_NO</option>
					<option value="true">J_YES</option>
				</field>
				<field name="interval" type="text" default="5000" label="MOD_SLICEBOXSL_INTERVAL" description="MOD_SLICEBOXSL_INTERVAL_DESC" />					
				<field name="fallback_fade_speed" type="text" default="300" label="MOD_SLICEBOXSL_FALLBACKFADESPEED" description="MOD_SLICEBOXSL_FALLBACKFADESPEED_DESC" />					

				<field type="spacer" default="MOD_SLICEBOXSL_NAV_CONTROL_SETTINGS"/>			

				<field name="nav_controls" default="1" type="list" label="MOD_SLICEBOXSL_NAV_CONTROL" description="MOD_SLICEBOXSL_NAV_CONTROL_DESC">
					<option value="0">MOD_SLICEBOXSL_NONE</option>
					<option value="1">MOD_SLICEBOXSL_BULLETS</option>
					<option value="2">MOD_SLICEBOXSL_PLAY_PAUSE</option>
				</field>
				<field name="controls_bg" type="lofcolorpicker" default="cbbfae" label="MOD_SLICEBOXSL_CONTROLS_BG" description="MOD_SLICEBOXSL_CONTROLS_BG_DESC" />

				<field type="spacer" default="MOD_SLICEBOXSL_CAPTION_TITLE_SETTINGS"/>				
				<field name="caption_css" type="textarea" rows="8" cols="34" default="padding: 5px 5px 0 5px; bottom: 5px; left: 5px; right: 5px; background-color: #303200; background: rgba(190,176,155, 0.4); border-left: 4px solid rgb(255,255,255);" label="MOD_SLICEBOXSL_CAPTIONBOX_CSS" description="MOD_SLICEBOXSL_CAPTIONBOX_CSS_DESC" />
				<field name="title_css" type="textarea" rows="8" cols="34" default='margin: 10px 0 5px; text-shadow: 1px 1px 1px rgba(0,0,0,0.3);' label="MOD_SLICEBOXSL_TITLE_CSS" description="MOD_SLICEBOXSL_TITLE_CSS_DESC"/>
				<field name="titleusewebfont" type="radio" default="0" label="MOD_SLICEBOXSL_TITLE_USE_WEBFONT" description="MOD_SLICEBOXSL_TITLE_USE_WEBFONT_DESC">
					<option value="0">J_NO</option>
					<option value="1">J_YES</option>
				</field>
				<field name="titlewebfont" type="list" default="Droid Sans" label="MOD_SLICEBOXSL_TITLE_WEBFONT" description="MOD_SLICEBOXSL_TITLE_WEBFONT_DESC">
					<option value="Abel">Abel</option>
					<option value="Abril Fatface">Abril Fatface</option>
					<option value="Acme">Acme</option>
					<option value="Actor">Actor</option>
					<option value="Aclonica">Aclonica</option>
					<option value="Adamina">Adamina</option>
					<option value="Aguafina Script">Aguafina Script</option>
					<option value="Aladin">Aladin</option> 
					<option value="Aldrich">Aldrich</option>
					<option value="Alice">Alice</option>
					<option value="Alex Brush">Alex Brush</option>
					<option value="Alfa Slab One">Alfa Slab One</option>
					<option value="Allan">Allan</option>
					<option value="Allerta">Allerta</option>
					<option value="Allerta Stencil">Allerta Stencil</option>
					<option value="Alike">Alike</option>
					<option value="Alike Angular">Alike Angular</option>
					<option value="Almendra">Almendra</option>
					<option value="Almendra SC">Almendra SC</option>
					<option value="Amaranth">Amaranth</option>
					<option value="Amatic SC">Amatic SC</option>
					<option value="Andada">Andada</option>
					<option value="Andika">Andika</option>
					<option value="Annie Use Your Telescope">Annie Use Your Telescope</option>
					<option value="Anonymous Pro">Anonymous Pro</option>
					<option value="Antic">Antic</option>
					<option value="Anton">Anton</option>
					<option value="Architects Daughter">Architects Daughter</option>
					<option value="Arbutus">Arbutus</option>
					<option value="Arapey">Arapey</option>
					<option value="Arimo">Arimo</option>
					<option value="Armata">Armata</option>
					<option value="Arzonia">Arizonia</option>
					<option value="Artifika">Artifika</option>
					<option value="Arvo">Arvo</option>
					<option value="Asset">Asset</option>
					<option value="Astloch">Astloch</option>
					<option value="Atomic Age">Atomic Age</option>
					<option value="Aubrey">Aubrey</option>
					<option value="Asul">Asul</option>
					<option value="Bd Script">Bad Script</option>
					<option value="Baumans">Baumans</option>
					<option value="Basic">Basic</option>
					<option value="Bangers">Bangers</option>
					<option value="Bathazar">Bathazar</option>
					<option value="Belgrano">Belgrano</option>
					<option value="Bentham">Bentham</option>
					<option value="Bevan">Bevan</option>
					<option value="Bilbo">Bilbo</option>
					<option value="Bilbo Swash Caps">Bilbo Swash Caps</option>
					<option value="Bitter">Bitter</option>
					<option value="Bigshot One">Bigshot One</option>
					<option value="Black Ops One">Black Ops One</option>
					<option value="Bonbon">Bonbon</option>
					<option value="Boogaloo">Boogaloo</option>
					<option value="Bowlby One">Bowlby One</option>
					<option value="Bowlby One SC">Bowlby One SC</option>
					<option value="Brawler">Brawler</option>
					<option value="Bree Serif">Bree Serif</option>
					<option value="Bubblegun Sans">Bubblegun Sans</option>
					<option value="Buda">Buda</option>
					<option value="Buenard">Buenard</option>
					<option value="Butcherman">Butcherman</option>
					<option value="Cabin">Cabin</option>
					<option value="Cabin Condensed">Cabin Condensed</option>
					<option value="Cabin Sketch">Cabin Sketch</option>
					<option value="Caesar Dressing">Caesar Dressing</option>
					<option value="Calligraffitti">Calligraffitti</option>
					<option value="Cambo">Cambo</option>
					<option value="Candal">Candal</option>
					<option value="Cantarell">Cantarell</option>
					<option value="Cardo">Cardo</option>
					<option value="Carme">Carme</option>
					<option value="Carter One">Carter One</option>
					<option value="Caudex">Caudex</option>
					<option value="Cedarville Cursive">Cedarville Cursive</option>
					<option value="Cevivhe One">Cevivhe One</option>
					<option value="Cagliostro">Cagliostro</option>
					<option value="Changa One">Changa One</option>
					<option value="Chango">Chango</option>
					<option value="Chelsea Market">Chelsea Market</option>
					<option value="Chicle">Chicle</option>
					<option value="Chiva">Chiva</option>
					<option value="Chivo">Chivo</option>
					<option value="Coda">Coda</option>
					<option value="Coda Caption">Coda Caption</option>
					<option value="Concert One">Concert One</option>
					<option value="Contrail One">Contrail One</option>
					<option value="Convergence">Convergence</option>
					<option value="Comfortaa Book">Comfortaa Book</option>
					<option value="Comfortaa Normal">Comfortaa Normal</option>
					<option value="Cookie">Cookie</option>
					<option value="Copse">Copse</option>
					<option value="Corben">Corben</option>
					<option value="Cousine">Cousine</option>
					<option value="Coustard">Coustard</option>
					<option value="Covered By Your Grace">Covered By Your Grace</option>
					<option value="Creepster">Creepster</option>
					<option value="Crete Round">Crete Round</option>
					<option value="Crimson Text">Crimson Text</option>
					<option value="Cuprum">Cuprum</option>
					<option value="Damion">Damion</option>
					<option value="Dawning of a New Day">Dawning of a New Day</option>
					<option value="Days One">Days One</option>
					<option value="Delius">Delius</option>
					<option value="Delius Swash Caps">Delius Swash Caps</option>
					<option value="Delius Unicase">Delius Unicase</option>
					<option value="Devonshire">Devonshire</option>
					<option value="Didact Gothic">Didact Gothic</option>
					<option value="Dorsa">Dorsa</option>
					<option value="Dr Sugiyama">Dr Sugiyama</option>
					<option value="Droid Sans">Droid Sans</option>
					<option value="Droid Sans Mono">Droid Sans Mono</option>
					<option value="Droid Serif">Droid Serif</option>
					<option value="Duru Sans">Duru Sans</option>
					<option value="Dynalight">Dynalight</option>
					<option value="Eater">Eater</option>
					<option value="EB Garamond">EB Garamond</option>
					<option value="Electrolize">Electrolize</option>
					<option value="Engagement">Engagement</option>
					<option value="Enriqueta">Enriqueta</option>
					<option value="Exo">Exo</option>
					<option value="Expletus Sans">Expletus Sans</option>
					<option value="Fascinate">Fascinate</option>
					<option value="Fascinate Inline">Fascinate Inline</option>
					<option value="Fanwood Text">Fanwood Text</option>
					<option value="Federo">Federo</option>
					<option value="Federant">Federant</option>
					<option value="Fjord One">Fjord One</option>
					<option value="Flamenco">Flamenco</option>
					<option value="Flavors">Flavors</option>
					<option value="Fondamento">Fondamento</option>
					<option value="Forum">Forum</option>
					<option value="Francois One">Francois One</option>
					<option value="Fresca">Fresca</option>
					<option value="Frijole">Francois One</option>
					<option value="Fugaz One">Fugaz One</option>
					<option value="Galdeano">Galdeano</option>
					<option value="Gentium Basic">Gentium Basic</option>
					<option value="Gentium Book Basic">Gentium Book Basic</option>
					<option value="Geo">Geo</option>
					<option value="Geostar">Geostar</option>
					<option value="Geostar Fill">Geostar Fill</option>
					<option value="Give You Glory">Give You Glory</option>
					<option value="Gloria Hallelujah">Gloria Hallelujah</option>
					<option value="Goblin One">Goblin One</option>
					<option value="Gochi Hand">Gochi Hand</option>
					<option value="Gravitas One">Gravitas One</option>
					<option value="Gruppo">Gruppo</option>
					<option value="Habibi">Habibi</option>
					<option value="Hammersmith One">Hammersmith One</option>
					<option value="Handlee">Handlee</option>
					<option value="Herr Von Muellerhoff">Herr Von Muellerhoff</option>
					<option value="Holtwood One SC">Holtwood One SC</option>
					<option value="Iceland">Iceland</option>
					<option value="Indie Flower">Indie Flower</option>
					<option value="IM Fell Double Pica">IM Fell Double Pica</option>
					<option value="IM Fell Double Pica SC">IM Fell Double Pica SC</option>
					<option value="IM Fell DW Pica">IM Fell DW Pica</option>
					<option value="IM Fell DW Pica SC">IM Fell DW Pica SC</option>
					<option value="IM Fell English">IM Fell English</option>
					<option value="IM Fell English SC">IM Fell English SC</option>
					<option value="IM Fell French Canon">IM Fell French Canon</option>
					<option value="IM Fell French Canon SC">IM Fell French Canon SC</option>
					<option value="IM Fell Great Primer">IM Fell Great Primer</option>
					<option value="IM Fell Great Primer SC">IM Fell Great Primer SC</option>
					<option value="Inconsolata">Inconsolata</option>
					<option value="Inder">Inder</option>
					<option value="Irish Grover">Irish Grover</option>
					<option value="Istok Web">Istok Web</option>
					<option value="Italianno">Italianno</option>
					<option value="Jim Nightshade">Jim Nightshade</option>
					<option value="Jockey One">Jockey One</option>
					<option value="Josefin Sans">Josefin Sans</option>
					<option value="Josefin Slab">Josefin Slab</option>
					<option value="Judson">Judson</option>
					<option value="Julee">Julee</option>
					<option value="Jura">Jura</option>
					<option value="Just Another Hand">Just Another Hand</option>
					<option value="Just Me Again Down Here">Just Me Again Down Here</option>
					<option value="Kameron">Kameron</option>
					<option value="Kelly Slab">Kelly Slab</option>
					<option value="Kenia">Kenia</option>
					<option value="Knewave">Knewave</option>
					<option value="Kreon">Kreon</option>
					<option value="Kristi">Kristi</option>
					<option value="La Belle Aurore">La Belle Aurore</option>
					<option value="Lancelot">Lancelot</option>
					<option value="Lato">Lato</option>
					<option value="League Script">League Script</option>
					<option value="Leckerli One">Leckerli One</option>
					<option value="Lekton">Lekton</option>
					<option value="Lemon">Lemon</option>
					<option value="Lato">Lato</option>
					<option value="Limelight">Limelight</option>
					<option value="Linden Hill">Linden Hill</option>
					<option value="Lora">Lora</option>
					<option value="Lobster">Lobster</option>
					<option value="Lobster Two">Lobster Two</option>
					<option value="Love Ya Like A Sister">Love Ya Like A Sister</option>
					<option value="Loved by the King">Loved by the King</option>
					<option value="Luckiest Guy">Luckiest Guy</option>
					<option value="Maiden Orange">Maiden Orange</option>
					<option value="Mako">Mako</option>
					<option value="Marck Script">Marck Script</option>
					<option value="Marko One">Marko One</option>
					<option value="Marvel">Marvel</option>
					<option value="Mate">Mate</option>
					<option value="Mate SC">Mate SC</option>
					<option value="Maven Pro">Maven Pro</option>
					<option value="MedievalSharp">MedievalSharp</option>
					<option value="Medula One">Medula One</option>
					<option value="Megrim">Megrim</option>
					<option value="Merienda One">Merienda One</option>
					<option value="Mermelad">Mermelad</option>
					<option value="Merriweather">Merriweather</option>
					<option value="Metamorphous">Metamorphous</option>
					<option value="Metrophobic">Metrophobic</option>
					<option value="Michroma">Michroma</option>
					<option value="Miltonian">Miltonian</option>
					<option value="Miltonian Tattoo">Miltonian Tattoo</option>
					<option value="Miniver">Miniver</option>
					<option value="Miss Fajardose">Miss Fajardose</option>
					<option value="Miss Saint Delafield">Miss Saint Delafield</option>
					<option value="Modern Antiqua">Modern Antiqua</option>
					<option value="Molengo">Molengo</option>
					<option value="Monofett">Monofett</option>
					<option value="Monoton">Monoton</option>
					<option value="Monsieur La Doulaise">Monsieur La Doulaise</option>
					<option value="Montez">Montez</option>
					<option value="Montserrat">Montserrat</option>
					<option value="Mountains of Christmas">Mountains of Christmas</option>
					<option value="Mr Bedford">Mr Bedford</option>
					<option value="Mr Dafoe">Mr Dafoe</option>
					<option value="Mr De Gaviland">Mr De Gaviland</option>
					<option value="Mrs Sheppards">Mrs Sheppards</option>
					<option value="Muli">Muli</option>
					<option value="Neucha">Neucha</option>
					<option value="Neuton">Neuton</option>
					<option value="News Cycle">News Cycle</option>
					<option value="Niconne">Niconne</option>
					<option value="Nixie One">Nixie One</option>
					<option value="Nobile">Nobile</option>
					<option value="Nosifer">Nosifer</option>
					<option value="Noticia Text">Noticia Text</option>
					<option value="Nova Round">Nova Round</option>
					<option value="Nova Script">Nova Script</option>
					<option value="Nova Slim">Nova Slim</option>
					<option value="Nova Cut">Nova Cut</option>
					<option value="Nova Oval">Nova Oval</option>
					<option value="Nova Mono">Nova Mono</option>
					<option value="Nova Flat">Nova Flat</option>
					<option value="Numans">Numans</option>
					<option value="Nunito">Nunito</option>
					<option value="OFL Sorts Mill Goudy TT">OFL Sorts Mill Goudy TT</option>
					<option value="Oldenburg">Oldenburg</option>
					<option value="Old Standard TT">Old Standard TT</option>
					<option value="Orbitron">Orbitron</option>
					<option value="Original Surfer">Original Surfer</option>
					<option value="Oswald">Oswald</option>
					<option value="Ovo">Ovo</option>
					<option value="Overlock">Overlock</option>
					<option value="Overlock SC">Overlock SC</option>
					<option value="Over the Rainbow">Over the Rainbow</option>
					<option value="Pacifico">Pacifico</option>
					<option value="Passion One">Passion One</option>
					<option value="Passero One">Passero One</option>
					<option value="Patrick Hand">Patrick Hand</option>
					<option value="Patua One">Patua One</option>
					<option value="Paytone One">Paytone One</option>
					<option value="Petrona">Petrona</option>
					<option value="Piedra">Piedra</option>
					<option value="Play">Play</option>
					<option value="Plaster">Plaster</option>
					<option value="Playball">Playball</option>
					<option value="Playfair Display">Playfair Display</option>
					<option value="Pinyon Script">Pinyon Script</option>
					<option value="Podkova">Podkova</option>
					<option value="Poly">Poly</option>
					<option value="Pompiere">Pompiere</option>
					<option value="Prata">Prata</option>
					<option value="Prociono">Prociono</option>
					<option value="PT Sans">PT Sans</option>
					<option value="PT Sans Caption">PT Sans Caption</option>
					<option value="PT Sans Narrow">PT Sans Narrow</option>
					<option value="PT Serif">PT Serif</option>
					<option value="PT Serif Caption">PT Serif Caption</option>
					<option value="Philosopher">Philosopher</option>
					<option value="Poller One">Poller One</option>
					<option value="Puritan">Puritan</option>
					<option value="Quantico">Quantico</option>
					<option value="Quattrocento">Quattrocento</option>
					<option value="Quattrocento Sans">Quattrocento Sans</option>
					<option value="Questrial">Questrial</option>
					<option value="Quicksand">Quicksand</option>
					<option value="Quigley">Quigley</option>
					<option value="Rancho">Rancho</option>
					<option value="Raleway">Raleway</option>
					<option value="Rammetto One">Rammetto One</option>
					<option value="Rationale">Rationale</option>
					<option value="Redressed">Redressed</option>
					<option value="Reenie Beanie">Reenie Beanie</option>
					<option value="Ribeye">Ribeye</option>
					<option value="Ribeye Marrow">Ribeye Marrow</option>
					<option value="Righteous">Righteous</option>
					<option value="Rochester">Rochester</option>
					<option value="Rosario">Rosario</option>
					<option value="Rokkitt">Rokkitt</option>
					<option value="Ruge Boogie">Ruge Boogie</option>
					<option value="Ruslan Display">Ruslan Display</option>
					<option value="Ruthie">Ruthie</option>
					<option value="Sail">Sail</option>
					<option value="Salsa">Salsa</option>
					<option value="Sancreek">Sancreek</option>
					<option value="Sanista One">Sanista One</option>
					<option value="Sarina">Sarina</option>
					<option value="Satisfy">Satisfy</option>
					<option value="Shanti">Shanti</option>
					<option value="Short Stack">Short Stack</option>
					<option value="Signika">Signika</option>
					<option value="Signika Negative">Signika Negative</option>
					<option value="Sigmar One">Sigmar One</option>
					<option value="Smokum">Smokum</option>
					<option value="Smythe">Smythe</option>
					<option value="Sniglet">Sniglet</option>
					<option value="Special Elite">Special Elite</option>
					<option value="Spicy Rice">Spicy Rice</option>
					<option value="Stardos Stencil">Stardos Stencil</option>
					<option value="Stint Ultra Condensed">Stint Ultra Condensed</option>
					<option value="Stoke">Stoke</option>
					<option value="Sue Ellen Francisco">Sue Ellen Francisco</option>
					<option value="Swanky and Moo Moo">Swanky and Moo Moo</option>
					<option value="Shadows into Light">Shadows into Light</option>
					<option value="Sofia">Sofia</option>
					<option value="Sorts Mill Goudy">Sorts Mill Goudy</option>
					<option value="Spirax">Spirax</option>
					<option value="Squada One">Squanda One</option>
					<option value="Supermercado One">Supermercado One</option>
					<option value="Syncopate">Syncopate</option>
					<option value="Tangerine">Tangerine</option>
					<option value="Tenor Sans">Tenor Sans</option>
					<option value="Terminal Dosis">Terminal Dosis</option>
					<option value="Terminal Dosis Light">Terminal Dosis Light</option>
					<option value="The Girl Next Door">The Girl Next Door</option>
					<option value="Tienne">Tienne</option>
					<option value="Tinos">Tinos</option>
					<option value="Trade Winds">Trade Winds</option>
					<option value="Trykker">Trykker</option>
					<option value="Tulpen One">Tulpen One</option>
					<option value="Ubuntu">Ubuntu</option>
					<option value="Ubuntu Mon">Ubuntu Mon</option>
					<option value="Ubuntu Condensed">Ubuntu Condensed</option>
					<option value="Ultra">Ultra</option>
					<option value="Uncial Antiqua">Uncial Antiqua</option>
					<option value="UnifrakturCook">UnifrakturCook</option>
					<option value="UnifrakturMaguntia">UnifrakturMaguntia</option>
					<option value="Unlock">Unlock</option>
					<option value="Unna">Unna</option>
					<option value="Varela">Varela</option>
					<option value="Varela Round">Varela Round</option>
					<option value="Vast Shadow">Vast Shadow</option>
					<option value="Vibur">Vibur</option>
					<option value="Vidaloka">Vidaloka</option>
					<option value="Vigo">Vigo</option>
					<option value="Volkhov">Volkhov</option>
					<option value="Vollkorn">Vollkorn</option>
					<option value="Voltaire">Voltaire</option>
					<option value="VT323">VT323</option>
					<option value="Waiting for the Sunrise">Waiting for the Sunrise</option>
					<option value="Wallpoet">Wallpoet</option>
					<option value="Wire One">Wire One</option>
					<option value="Yanone Kaffeesatz">Yanone Kaffeesatz</option>
					<option value="Yellowtail">Yellowtail</option>
					<option value="Yeseva One">Yeseva One</option>
					<option value="Yesteryear">Yesteryear</option>
					<option value="Zeyada">Zeyada</option>
				</field>
				<field name="titlefontsize" type="text" default="16px" label="MOD_SLICEBOXSL_FONTSIZE" description="MOD_SLICEBOXSL_FONTSIZE_DESC"/>
				<field name="titlefontcolor" type="lofcolorpicker" default="" label="MOD_SLICEBOXSL_FONTCOLOR" description="MOD_SLICEBOXSL_FONTCOLOR_DESC"/>
				<field name="titlefontweight" type="radio" default="normal" label="MOD_SLICEBOXSL_FONTWEIGHT" description="MOD_SLICEBOXSL_FONTWEIGHT_DESC">
					<option value="bold">MOD_SLICEBOXSL_BOLD</option>
					<option value="normal">MOD_SLICEBOXSLK_NORMAL</option>
				</field>
			
			</fieldset>

			<fieldset name="IMAGES_SETTINGS">
				<field type="spacer" default="MOD_SLICEBOXSL_IMG01"/>
				<field name="img_img1" type="text" size="60" default="1.jpg" label="MOD_SLICEBOXSL_IMGFILENAME" description="MOD_SLICEBOXSL_IMGFILENAME_DESC" />
				<field name="img_title1" type="text" size="60" default="" label="MOD_SLICEBOXSL_IMGTITLE" description="MOD_SLICEBOXSL_IMGTITLE_DESC" />
				<field name="img_url1" type="text" size="60" default="" label="MOD_SLICEBOXSL_IMGURL" description="MOD_SLICEBOXSL_IMGURL_DESC" />
				<field name="img_target_url1" type="radio" default="_self" label="MOD_SLICEBOXSL_IMGTARGET" description="MOD_SLICEBOXSL_IMGTARGET_DESC">
					<option value="_self">MOD_SLICEBOXSL_SELF_BROWSER</option>
					<option value="_blank">MOD_SLICEBOXSL_OPEN_NEW_BROWSER</option>
				</field>
				<field type="spacer" default="MOD_SLICEBOXSL_IMG02"/>
				<field name="img_img2" type="text" size="60" default="2.jpg" label="MOD_SLICEBOXSL_IMGFILENAME" description="MOD_SLICEBOXSL_IMGFILENAME_DESC" />
				<field name="img_title2" type="text" size="60" default="" label="MOD_SLICEBOXSL_IMGTITLE" description="MOD_SLICEBOXSL_IMGTITLE_DESC" />
				<field name="img_url2" type="text" size="60" default="" label="MOD_SLICEBOXSL_IMGURL" description="MOD_SLICEBOXSL_IMGURL_DESC" />
				<field name="img_target_url2" type="radio" default="_self" label="MOD_SLICEBOXSL_IMGTARGET" description="MOD_SLICEBOXSL_IMGTARGET_DESC">
					<option value="_self">MOD_SLICEBOXSL_SELF_BROWSER</option>
					<option value="_blank">MOD_SLICEBOXSL_OPEN_NEW_BROWSER</option>
				</field>
				<field type="spacer" default="MOD_SLICEBOXSL_IMG03"/>
				<field name="img_img3" type="text" size="60" default="" label="MOD_SLICEBOXSL_IMGFILENAME" description="MOD_SLICEBOXSL_IMGFILENAME_DESC" />
				<field name="img_title3" type="text" size="60" default="" label="MOD_SLICEBOXSL_IMGTITLE" description="MOD_SLICEBOXSL_IMGTITLE_DESC" />
				<field name="img_url3" type="text" size="60" default="" label="MOD_SLICEBOXSL_IMGURL" description="MOD_SLICEBOXSL_IMGURL_DESC" />
				<field name="img_target_url3" type="radio" default="_self" label="MOD_SLICEBOXSL_IMGTARGET" description="MOD_SLICEBOXSL_IMGTARGET_DESC">
					<option value="_self">MOD_SLICEBOXSL_SELF_BROWSER</option>
					<option value="_blank">MOD_SLICEBOXSL_OPEN_NEW_BROWSER</option>
				</field>			
				<field type="spacer" default="MOD_SLICEBOXSL_IMG04"/>
				<field name="img_img4" type="text" size="60" default="" label="MOD_SLICEBOXSL_IMGFILENAME" description="MOD_SLICEBOXSL_IMGFILENAME_DESC" />
				<field name="img_title4" type="text" size="60" default="" label="MOD_SLICEBOXSL_IMGTITLE" description="MOD_SLICEBOXSL_IMGTITLE_DESC" />
				<field name="img_url4" type="text" size="60" default="" label="MOD_SLICEBOXSL_IMGURL" description="MOD_SLICEBOXSL_IMGURL_DESC" />
				<field name="img_target_url4" type="radio" default="_self" label="MOD_SLICEBOXSL_IMGTARGET" description="MOD_SLICEBOXSL_IMGTARGET_DESC">
					<option value="_self">MOD_SLICEBOXSL_SELF_BROWSER</option>
					<option value="_blank">MOD_SLICEBOXSL_OPEN_NEW_BROWSER</option>
				</field>
				<field type="spacer" default="MOD_SLICEBOXSL_IMG05"/>
				<field name="img_img5" type="text" size="60" default="" label="MOD_SLICEBOXSL_IMGFILENAME" description="MOD_SLICEBOXSL_IMGFILENAME_DESC" />
				<field name="img_title5" type="text" size="60" default="" label="MOD_SLICEBOXSL_IMGTITLE" description="MOD_SLICEBOXSL_IMGTITLE_DESC" />
				<field name="img_url5" type="text" size="60" default="" label="MOD_SLICEBOXSL_IMGURL" description="MOD_SLICEBOXSL_IMGURL_DESC" />
				<field name="img_target_url5" type="radio" default="_self" label="MOD_SLICEBOXSL_IMGTARGET" description="MOD_SLICEBOXSL_IMGTARGET_DESC">
					<option value="_self">MOD_SLICEBOXSL_SELF_BROWSER</option>
					<option value="_blank">MOD_SLICEBOXSL_OPEN_NEW_BROWSER</option>
				</field>
				<field type="spacer" default="MOD_SLICEBOXSL_IMG06"/>
				<field name="img_img6" type="text" size="60" default="" label="MOD_SLICEBOXSL_IMGFILENAME" description="MOD_SLICEBOXSL_IMGFILENAME_DESC" />
				<field name="img_title6" type="text" size="60" default="" label="MOD_SLICEBOXSL_IMGTITLE" description="MOD_SLICEBOXSL_IMGTITLE_DESC" />
				<field name="img_url6" type="text" size="60" default="" label="MOD_SLICEBOXSL_IMGURL" description="MOD_SLICEBOXSL_IMGURL_DESC" />
				<field name="img_target_url6" type="radio" default="_self" label="MOD_SLICEBOXSL_IMGTARGET" description="MOD_SLICEBOXSL_IMGTARGET_DESC">
					<option value="_self">MOD_SLICEBOXSL_SELF_BROWSER</option>
					<option value="_blank">MOD_SLICEBOXSL_OPEN_NEW_BROWSER</option>
				</field>
				<field type="spacer" default="MOD_SLICEBOXSL_IMG07"/>
				<field name="img_img7" type="text" size="60" default="" label="MOD_SLICEBOXSL_IMGFILENAME" description="MOD_SLICEBOXSL_IMGFILENAME_DESC" />
				<field name="img_title7" type="text" size="60" default="" label="MOD_SLICEBOXSL_IMGTITLE" description="MOD_SLICEBOXSL_IMGTITLE_DESC" />
				<field name="img_url7" type="text" size="60" default="" label="MOD_SLICEBOXSL_IMGURL" description="MOD_SLICEBOXSL_IMGURL_DESC" />
				<field name="img_target_url7" type="radio" default="_self" label="MOD_SLICEBOXSL_IMGTARGET" description="MOD_SLICEBOXSL_IMGTARGET_DESC">
					<option value="_self">MOD_SLICEBOXSL_SELF_BROWSER</option>
					<option value="_blank">MOD_SLICEBOXSL_OPEN_NEW_BROWSER</option>
				</field>
				<field type="spacer" default="MOD_SLICEBOXSL_IMG08"/>
				<field name="img_img8" type="text" size="60" default="" label="MOD_SLICEBOXSL_IMGFILENAME" description="MOD_SLICEBOXSL_IMGFILENAME_DESC" />
				<field name="img_title8" type="text" size="60" default="" label="MOD_SLICEBOXSL_IMGTITLE" description="MOD_SLICEBOXSL_IMGTITLE_DESC" />
				<field name="img_url8" type="text" size="60" default="" label="MOD_SLICEBOXSL_IMGURL" description="MOD_SLICEBOXSL_IMGURL_DESC" />
				<field name="img_target_url8" type="radio" default="_self" label="MOD_SLICEBOXSL_IMGTARGET" description="MOD_SLICEBOXSL_IMGTARGET_DESC">
					<option value="_self">MOD_SLICEBOXSL_SELF_BROWSER</option>
					<option value="_blank">MOD_SLICEBOXSL_OPEN_NEW_BROWSER</option>
				</field>
				<field type="spacer" default="MOD_SLICEBOXSL_IMG09"/>
				<field name="img_img9" type="text" size="60" default="" label="MOD_SLICEBOXSL_IMGFILENAME" description="MOD_SLICEBOXSL_IMGFILENAME_DESC" />
				<field name="img_title9" type="text" size="60" default="" label="MOD_SLICEBOXSL_IMGTITLE" description="MOD_SLICEBOXSL_IMGTITLE_DESC" />
				<field name="img_url9" type="text" size="60" default="" label="MOD_SLICEBOXSL_IMGURL" description="MOD_SLICEBOXSL_IMGURL_DESC" />
				<field name="img_target_url9" type="radio" default="_self" label="MOD_SLICEBOXSL_IMGTARGET" description="MOD_SLICEBOXSL_IMGTARGET_DESC">
					<option value="_self">MOD_SLICEBOXSL_SELF_BROWSER</option>
					<option value="_blank">MOD_SLICEBOXSL_OPEN_NEW_BROWSER</option>
				</field>
			</fieldset>

			<fieldset name="advanced">
				<field name="moduleclass_sfx" type="text" label="COM_MODULES_FIELD_MODULECLASS_SFX_LABEL" description="COM_MODULES_FIELD_MODULECLASS_SFX_DESC" />
				<field name="cache" type="list" default="1" label="COM_MODULES_FIELD_CACHING_LABEL" description="COM_MODULES_FIELD_CACHING_DESC">
					<option value="1">JGLOBAL_USE_GLOBAL</option>
					<option value="0">COM_MODULES_FIELD_VALUE_NOCACHING</option>
				</field>
				<field name="cache_time" type="text" default="900" label="COM_MODULES_FIELD_CACHE_TIME_LABEL" description="COM_MODULES_FIELD_CACHE_TIME_DESC" />
				<field name="cachemode" type="hidden" default="itemid">
					<option value="itemid"></option>
				</field>
			</fieldset>
		</fields>
	</config>
</extension>
