<?xml version="1.0" encoding="utf-8"?>
<metadata>
	<layout title="com_amm_api_title" option="com_amm_api_option">
		<help
			key = "COM_AMM_API_MENU_MANAGER_HELP"
		/>
		<message>
			<![CDATA[COM_AMM_API_MENU_MANAGER_DESC]]>
		</message>
	</layout>

	<!-- Add fields to the request variables for the layout. -->
	<fields name="request">
		<fieldset name="request"
			addfieldpath="/administrator/components/com_amm/models/fields">

			<field name="format" type="text"
				label="COM_AMM_SELECT_MENU"
				required="true"
				description="CCOM_AMM_SELECT_MENU_DESC"
				default="json"
			/>
		</fieldset>
	</fields>
</metadata>
