<?xml version="1.0" encoding="utf-8"?>
<extension type="module"
           version="2.5"
           client="site"
           method="upgrade"
		>
	<name>mod_hotspots_list</name>
	<author>compojoom.com</author>
	<creationDate>2013-08-26</creationDate>
	<copyright>Copyright (C) 2012 Daniel Dimitrov - compojoom.com. All rights reserved.</copyright>
	<license>GNU General Public License version 2 or later; see LICENSE.txt</license>
	<authorEmail>daniel@compojoom.com</authorEmail>
	<authorUrl>compojoom.com</authorUrl>
	<version>3.5.4</version>
	<description>MOD_HOTSPOTS_LIST_DESCRIPTION</description>
	<files>
		<file>helper.php</file>
<folder>language</folder>
<file module="mod_hotspots_list">mod_hotspots_list.php</file>
<folder>tmpl</folder>
	</files>
	<languages folder="language">
		##LANGUAGEFILES##
	</languages>
	<media destination="mod_hotspots_list" folder="media/mod_hotspots_list">
		
	</media>
	<config>
		<fields name="params">
			<fieldset name="basic">
				<field
						name="catid"
						type="sql"
						query="SELECT id, cat_name FROM #__hotspots_categorie"
						multiple="true"
						size="10"
						default=""
						key_field="id" value_field="cat_name"
						label="JCATEGORY"
						description="MOD_LATEST_NEWS_FIELD_CATEGORY_DESC">
				</field>
				<field
						name="limit"
						type="text"
						default="10"
						label="MOD_HOTSPOTS_LIST_FIELD_LIMIT_LABEL"
						description="MOD_HOTSPOTS_LIST_FIELD_LIMIT_DESC"/>

				<field
						name="ordering"
						type="list"
						default="created"
						label="MOD_HOTSPOTS_LIST_FIELD_ORDERING_LABEL"
						description="MOD_HOTSPOTS_LIST_FIELD_ORDERING_DESC">
					<option
							value="created">MOD_HOTSPOTS_LIST_VALUE_CREATED
					</option>
					<option
							value="name">MOD_HOTSPOTS_LIST_VALUE_NAME
					</option>
				</field>

				<field
						name="direction"
						type="list"
						default="desc"
						label="MOD_HOTSPOTS_LIST_FIELD_DIRECTION_LABEL"
						description="MOD_HOTSPOTS_LIST_FIELD_DIRECTION_DESC">
					<option
							value="asc">MOD_HOTSPOTS_LIST_VALUE_ASC
					</option>
					<option
							value="desc">MOD_HOTSPOTS_LIST_VALUE_DSC
					</option>
				</field>

			</fieldset>

		</fields>
	</config>
</extension>
