<?xml version="1.0" encoding="utf-8"?>
<install type="component" version="1.5" method="upgrade">
  <name>QuickSell</name>
  <creationDate>18-Nov-2012</creationDate>
  <author>Deian Motov</author>
  <authorEmail>deian@motov.net</authorEmail>
  <authorUrl>shopfiles.com</authorUrl>
  <copyright>Shopfiles.com</copyright>
  <license>GPL</license>
  <version>3.1.4</version>
  <description>QuickSell component, fast and easy tool for selling files online.</description>
  <installfile>install/install.php</installfile>
  <uninstallfile>install/uninstall.php</uninstallfile>
  <install>
    <sql>
      <file driver="mysql" charset="utf8">install/sql/install.utf8.sql</file>
    </sql>
  </install>
  <uninstall>
    <sql>
      <file driver="mysql" charset="utf8">install/sql/uninstall.utf8.sql</file>
    </sql>
  </uninstall>
  <files folder="site">
    <folder>fpdi</folder>
    <folder>images</folder>
    <folder>includes</folder>
    <folder>views</folder>
    <filename>controller.php</filename>
    <filename>index.html</filename>
    <filename>ipnlistener.php</filename>
    <filename>quicksell.php</filename>
  </files>
  <administration>
    <menu img="components/com_quicksell/assets/images/com_quicksell-16.png" link="index.php?option=com_quicksell">QuickSell</menu>
    <files folder="admin">
      <folder>assets</folder>
      <folder>css</folder>
      <folder>fields</folder>
      <folder>ibutton</folder>
      <folder>images</folder>
      <folder>install</folder>
      <folder>js</folder>
      <folder>language</folder>
      <folder>tables</folder>
      <folder>uploads</folder>
      <filename>addToDb.php</filename>
      <filename>class.php</filename>
      <filename>config.php</filename>
      <filename>deletefiles.php</filename>
      <filename>deleteorders.php</filename>
      <filename>dump.php</filename>
      <filename>files.php</filename>
      <filename>finish.php</filename>
      <filename>help.php</filename>
      <filename>home.php</filename>
      <filename>index.html</filename>
      <filename>ipn.php</filename>
      <filename>landing.php</filename>
      <filename>makeBundle.php</filename>
      <filename>makeButton.php</filename>
      <filename>orders.php</filename>
      <filename>publishfile.php</filename>
      <filename>publishorder.php</filename>
      <filename>quicksell.php</filename>
      <filename>removeBundle.php</filename>
      <filename>stats.php</filename>
      <filename>unpublishfile.php</filename>
      <filename>unpublishorder.php</filename>
      <filename>upload.php</filename>
    </files>
    <languages folder="admin/language">
      <language tag="en-GB">en-GB/en-GB.com_quicksell.sys.ini</language>
      <language tag="index">en-GB/index.html</language>
      <language tag="index">index.html</language>
    </languages>
  </administration>
  <params/>
  <config/>
</install>
