<?xml version="1.0" encoding="utf-8"?>
<install version="1.5" type="plugin" group="eventbooking" method="upgrade">
	<name>Events Booking - Jomsocial Activities</name>
	<author>Tuan Pham Ngoc</author>
	<creationDate>Aug 2010</creationDate>
	<copyright>Ossolution Team</copyright>
	<license>http://www.gnu.org/licenses/gpl-2.0.html GNU/GPL</license>
	<authorEmail>contact@joomdonation.com</authorEmail>
	<authorUrl>www.joomdonation.com</authorUrl>
	<version>1.0</version>
	<description>This plugin is use to insert information into Jomsocial activities stream when someone registers for an event</description>
	<files>
		<filename plugin="jsactivities">jsactivities.php</filename>
	</files>	
</install>
