<?xml version="1.0" encoding="UTF-8" ?>
<extension type="package" version="1.6">
<name>Dutch</name>
<packagename>nl-NL</packagename>
<version>1.6</version>
<url>http://www.con-con.nl</url>
<packager>Connecting Connections</packager>
<packagerurl>http://www.connecting-connections.nl</packagerurl>
<description>Dutch Language files for RSForm! Pro</description>
<files>
    <file type="language" client="site" id="nl-NL">site</file>
    <file type="language" client="administrator" id="nl-NL">admin</file>
</files>
</extension>