<?xml version="1.0" encoding="utf-8" ?>
<install client="both" method="upgrade" type="language" version="1.5">
 <author>Connecting Connections</author>
 <authorEmail>info@con-con.nl</authorEmail>
 <authorUrl>http://www.con-con.nl</authorUrl>
 <copyright>Copyright (C) 2008 - 2011 Connecting Connections All rights reserved.</copyright>
 <creationDate>2011-11-12</creationDate>
 <description><![CDATA[
  <div align="center">
    <table border="0" width="90%">
	    <tr>
		    <td width="100%" colspan="2">
		      <div align="center"> <a href="http://www.con-con.nl" target="_blank"><img border="0" src="http://www.con-con.nl/images/conban.jpg" alt="Connecting Connections" /></a>
				<h3> RSForm! Pro Revisie 42 Taalpakket:</h3>
		      </div>
		      <hr />
		    </td>
	    </tr>
	    <tr>
		    <td width="18%"><u><b>Taal:</b></u></td>
		    <td width="80%">Nederlands(Dutch)</td>
	    </tr>
	    <tr>
		    <td width="18%"><u><b>Website deel:</b></u></td>
		    <td width="80%">Administrator (Back-end) en Website (Front-end)</td>
	    </tr>
	    <tr>
		    <td width="18%"><u><b>Auteur:</b></u></td>
		    <td width="80%">Connecting Connections</td>
	    </tr>
	    <tr>
		    <td width="18%"><u><b>Website:</b></u></td>
		    <td width="80%"><a href="http://www.con-con.nl" target="_blank">http://www.con-con.nl</a></td>
	    </tr>
	    <tr>
		    <td width="18%"><u><b>Vertaling voor versie:</b></u></td>
		    <td width="80%">1.0.0 Revisie 42</td>
	    </tr>
	    <tr>
		    <td width="100%" colspan="2">
		      <p align="center"><b><u><font color="#008000">Indien je tips, opmerkingen, verbeteringen en dergelijk hebt kun je een mail sturen naar <a href="mailto:vertaling@con-con.nl">vertaling@con-con.nl</a> en zal deze zo snel mogelijk verwerkt en beantwoord worden.</font></u></b></td>
	    </tr>
		<tr>
		    <td width="100%" colspan="2">
		      <p align="center"><b><font color="#008000">Controleer regelmatig de RSJoomla! downloadsite voor een nieuwe versie van de vertaling voor deze extensie.</font></b></td>
	    </tr>
    </table>
  </div>]]></description>
 <license>http://www.gnu.org/licenses/gpl-2.0.html GNU/GPL</license>
 <name>Dutch (Netherlands)</name>
 <tag>nl-NL</tag>
  <version>1.0.0.42</version>
      <administration>
        <files folder="admin">
		  <filename>nl-NL.com_rsform.ini</filename>
		  <filename>nl-NL.com_rsform.menu.ini</filename>
		  <filename>nl-NL.com_rsform.sys.ini</filename>
		  <filename>nl-NL.plg_system_rsfpakismet.ini</filename>
		  <filename>nl-NL.plg_system_rsfpbfforms.ini</filename>
		  <filename>nl-NL.plg_system_rsfpconstantcontact.ini</filename>
		  <filename>nl-NL.plg_system_rsfpgoogle.ini</filename>
		  <filename>nl-NL.plg_system_rsfpmailchimp.ini</filename>
		  <filename>nl-NL.plg_system_rsfpmigration.ini</filename>
		  <filename>nl-NL.plg_system_rsfppaypal.ini</filename>
		  <filename>nl-NL.plg_system_rsfprecaptcha.ini</filename>
		  <filename>nl-NL.plg_system_rsfpregistration.ini</filename>
		  <filename>nl-NL.plg_system_rsfprsevents.ini</filename>
		  <filename>nl-NL.plg_system_rsfpsalesforce.ini</filename>
        </files>
      </administration>
	  <site>
        <files folder="site">
          <filename>nl-NL.com_rsform.ini</filename>
		  <filename>nl-NL.mod_rsform_feedback.ini</filename>
		  <filename>nl-NL.mod_rsform_list.ini</filename>
        </files>
      </site>
</install>
