<?xml version="1.0" encoding="utf-8"?>
<install type="module" version="1.5.0" method="upgrade">
	<name>Event Booking Mini Calendar</name>
	<creationDate>July 2011</creationDate>
	<author>Tuan Pham Ngoc</author>
	<authorEmail>contact@joomdonation.com</authorEmail>
	<authorUrl>http://www.joomdonation.com</authorUrl>
	<copyright>Copyright (C) 2010 Ossolution Team</copyright>
	<license>http://www.gnu.org/licenses/gpl-2.0.html GNU/GPL</license>
	<version>1.0</version>
	<description>Shows event in one monthly calendar for Ebooking component</description>
	<files>
		<filename module="mod_eb_minicalendar">mod_eb_minicalendar.php</filename>
		<filename>helper.php</filename>
		<folder>tmpl</folder>
		<folder>css</folder>
	</files>
	<config>
		<fields name="params">
			<fieldset name="basic">
				<field name="moduleclass_sfx" type="text"
					label="Module Class Suffix" description="PARAMMODULECLASSSUFFIX">
				</field>	
				<field name="default_month" type="list" default="0" label="Default Month" description="Choose the month you want to display events from. If you don't choose any month, the current month will be used">
						<option value="0">Current Month</option>
						<option value="1">January</option>
						<option value="2">February</option>
						<option value="3">March</option>
						<option value="4">April</option>
						<option value="5">May</option>
						<option value="6">June</option>
						<option value="7">July</option>
						<option value="8">August</option>
						<option value="9">September</option>
						<option value="10">October</option>
						<option value="11">November</option>
						<option value="12">December</option>
				</field>	
				<field name="item_id" type="text"
					label="Itemid" description="Itemid">
				</field>						
			</fieldset>
		</fields>
	</config>	
	<params>
		<param name="moduleclass_sfx" type="text"
			label="Module Class Suffix" description="PARAMMODULECLASSSUFFIX">
		</param>	
		<param name="default_month" type="list" default="0" label="Default Month" description="Choose the month you want to display events from. If you don't choose any month, the current month will be used">
			<option value="0">Current Month</option>
			<option value="1">January</option>
			<option value="2">February</option>
			<option value="3">March</option>
			<option value="4">April</option>
			<option value="5">May</option>
			<option value="6">June</option>
			<option value="7">July</option>
			<option value="8">August</option>
			<option value="9">September</option>
			<option value="10">October</option>
			<option value="11">November</option>
			<option value="12">December</option>
		</param>
		<param name="item_id" type="text"
			label="Itemid" description="Itemid">
		</param>			
	</params>		
</install>
