<?xml version="1.0" encoding="UTF-8"?>
<extension version="2.5" client="administrator" type="language" method="upgrade">
	<name>Traditional Chinese language pake for ACL Manager</name>
	<tag>zh-TW</tag>
	<author>A-Bo Kuo</author>
	<creationDate>2013-03-31</creationDate>
	<copyright>Copyright (C) 2011-2013 Sander Potjer Webdevelopment. All rights reserved.</copyright>
	<license>http://www.gnu.org/licenses/gpl-3.0.html GNU/GPL</license>
	<authorEmail>abokuo@gmail.com</authorEmail>
	<authorUrl>www.abokuo.com</authorUrl>
	<version>2.3.1</version>
	<description>ACL Manager Traditional Chinese (Taiwan) translation by A-Bo Kuo</description>

<files>
	<file type="language" client="administrator" id="zh-TW">zh-TW.com_aclmanager.ini</file>
	<file type="language" client="administrator" id="zh-TW">zh-TW.com_aclmanager.sys.ini</file>
</files>
</extension>
