<?xml version="1.0" encoding="UTF-8"?>
<cbinstall version="1.0" type="plugin" group="user">
	<name>EB Registration History</name>
	<author>Ossolution Team</author>
	<creationDate>November 2008</creationDate>
	<copyright>www.joomdonation.com</copyright>
	<license>Commercial</license>
	<authorEmail>contact@joomdonation.com</authorEmail>
	<authorUrl>www.joomdonation.com</authorUrl>	
	<version>1.0</version>
	<description>This plugin is used to display registration history of the user in a community builder tab</description>
	<files>
		<filename plugin="cb.ebregistrationhistory">cb.ebregistrationhistory.php</filename>
		<filename>index.html</filename>		
	</files>
	<params>		
	</params>
	<tabs>
		<tab name="Regisration History" description="" class="getEBRegistrationHistoryTab"  position="cb_tabmain" displaytype="tab">
			<params />			    			
			<fields />
		</tab>
	</tabs>	
</cbinstall>