<?xml version="1.0" encoding="utf-8"?>
<extension type="component" version="2.5.0" method="upgrade">
	<name>com_userxtd</name>
	<creationDate>2013-2-15</creationDate>
	<copyright>Copyright (C) 2012. All rights reserved.</copyright>
	<license>GNU General Public License version 2 or later; see LICENSE.txt</license>
    <author>Asika</author>
	<authorEmail>asika32764@gmail.com</authorEmail>
	<authorUrl>http://asikart.com</authorUrl>
	<version>1.0.0</version>
	<description>COM_USERXTD_XML_DESCRIPTION</description>
	
	
	<scriptfile>install.php</scriptfile>
	

	<install>
    	<sql>
        	<file driver="mysql" charset="utf8">sql/install.sql</file>
  		</sql>
    </install>
	
	
	<uninstall>
    	<sql>
        	<file driver="mysql" charset="utf8">sql/uninstall.sql</file>
  		</sql>
    </uninstall>
	
	

	<files folder="../site">
		<filename>index.html</filename>
		<filename>userxtd.php</filename>
		<filename>controller.php</filename>
		<filename>router.php</filename>
		<folder>views</folder>
		<folder>sql</folder>
		<folder>models</folder>
		<folder>controllers</folder>
		<folder>images</folder>
		<folder>includes</folder>
	</files>
	
	
	
	<administration>
		<menu img="components/com_userxtd/images/admin-icons/menu-userxtd.png">COM_USERXTD</menu>
		
		<!-- Submenu
			Note that all & must be escaped to &amp; for the file to be valid
			XML and be parsed by the installer-->
		<submenu>
				
			<menu link="option=com_userxtd&amp;view=fields" view="fields"
				img="components/com_userxtd/images/admin-icons/menu-fields.png"
				alt="Weblinks/Links">com_userxtd_fields</menu>
			
			<menu link="option=com_userxtd&amp;view=profiles" view="profiles"
				img="components/com_userxtd/images/admin-icons/menu-profiles.png"
				alt="Weblinks/Links">com_userxtd_profiles</menu>
			
			<menu link="option=com_userxtd&amp;view=users" view="users"
				img="components/com_userxtd/images/admin-icons/menu-users.png"
				alt="Weblinks/Links">com_userxtd_users</menu>
		</submenu>
		
		
		
		<files folder="admin">
			<filename>index.html</filename>
			<filename>controller.php</filename>
			<filename>userxtd.php</filename>
			<filename>install.php</filename>
			<filename>access.xml</filename>
			<filename>config.xml</filename>
			<folder>windwalker</folder>
			<folder>class</folder>
			<folder>controllers</folder>
			<folder>helpers</folder>
			<folder>images</folder>
			<folder>includes</folder>
			<folder>language</folder>
			<folder>models</folder>
			<folder>sql</folder>
			<folder>tables</folder>
			<folder>views</folder>
		</files>
	</administration>
	
	
	
	<modules>
		<!--<module>mod_userxtd</module>-->
	</modules>
	
	
	<plugins>
		<plugin>plg_system_userxtd</plugin>
	</plugins>
	
	
</extension>

