<?xml version="1.0" encoding="utf-8"?>
<install version="1.5.2" type="plugin" group="system">
	<name>PHP Image Editor - Edit your images directly in Joomla!</name>
	<author>Patrik Hultgren</author>
	<creationDate>November 2008</creationDate>
	<copyright>Copyright (C) 2008, 2009, 2010, 2011 Holder.</copyright>
	<license>http://www.phpimageeditor.se/license-pro.php PHP Image Editor Joomla Pro Software License</license>
	<authorEmail>patrik.hult@gmail.com</authorEmail>
	<authorUrl>http://www.phpimageeditor.se</authorUrl>
	<version>2.31</version>
	<description><![CDATA[IMPORTANT! <a href="../plugins/system/phpimageeditor/install_joomla_plugin.php">Click here</a> to complete the installation.]]></description>
	<files>
		<filename plugin="joomla_phpimageeditor">joomla_phpimageeditor.php</filename>
		<filename>phpimageeditor/index.php</filename>
		<filename>phpimageeditor/install_joomla_plugin.php</filename>
		<filename>phpimageeditor/sample.jpg</filename>
		<filename>phpimageeditor/download/sample.jpg</filename>
		<filename>phpimageeditor/includes/ajax_save_code.php</filename>
		<filename>phpimageeditor/includes/constants.php</filename>
		<filename>phpimageeditor/language/ar-AA.ini</filename>
		<filename>phpimageeditor/language/en-GB.ini</filename>
		<filename>phpimageeditor/language/sv-SE.ini</filename>
        <filename>phpimageeditor/language/hu-HU.ini</filename>
        <filename>phpimageeditor/language/de-DE.ini</filename>
        <filename>phpimageeditor/language/pt-BR.ini</filename>
        <filename>phpimageeditor/language/nl-NL.ini</filename>
        <filename>phpimageeditor/language/es-ES.ini</filename>
        <filename>phpimageeditor/language/es-LA.ini</filename>
        <filename>phpimageeditor/language/nb-NO.ini</filename>
        <filename>phpimageeditor/language/ru-RU.ini</filename>
        <filename>phpimageeditor/language/pl-PL.ini</filename>
        <filename>phpimageeditor/language/bg-BG.ini</filename>
        <filename>phpimageeditor/language/he-IL.ini</filename>
        <filename>phpimageeditor/language/fr-FR.ini</filename>
        <filename>phpimageeditor/language/it-IT.ini</filename>
        <filename>phpimageeditor/language/zh-CN.ini</filename>
        <filename>phpimageeditor/language/sk-SK.ini</filename>
        <filename>phpimageeditor/language/sr-YU.ini</filename>        
		<filename>phpimageeditor/pro/javascript/load_squeeze_box.js</filename>		
		<filename>phpimageeditor/pro/shared/javascript/joomla_editimagelink.js</filename>
		<filename>phpimageeditor/pro/shared/images/edit.gif</filename>
		<filename>phpimageeditor/pro/shared/includes/acl_functions.php</filename>
		<filename>phpimageeditor/pro/shared/includes/ajax_file_info.php</filename>
		<filename>phpimageeditor/pro/shared/includes/ajax_save_code_xml.php</filename>
		<filename>phpimageeditor/pro/shared/includes/functions.php</filename>
		<filename>phpimageeditor/pro/shared/includes/plugin.php</filename>
	</files>
</install>