<?xml version="1.0" encoding="utf-8"?>
<extension type="module" version="1.7" client="site" method="upgrade">
	<name>FaceBook Slider</name>
	<author>xing</author>
	<creationDate>16-Oct-2011</creationDate>
	<copyright>Copyright (C) 2005 - 2008 Open Source Matters. All rights reserved.</copyright>
	<license>http://www.gnu.org/licenses/gpl-2.0.html GNU/GPL</license>
	<authorEmail>info@autson.com</authorEmail>
	<authorUrl>www.autson.com</authorUrl>
	<version>1.0.0</version>
	<description>
		 FaceBook Slider
	</description>
	<files>

		<filename module="mod_FaceBookSlider">mod_FaceBookSlider.php</filename>

		<filename>index.html</filename>

        <filename>helper.php</filename>

        <filename>tmpl/default.php</filename>

        <filename>tmpl/index.html</filename>

		<folder>images</folder>

		<folder>elements</folder>

		<folder>css</folder>

		<folder>js</folder>

	</files>

<config>

		<fields name="params" addfieldpath="/modules/mod_FaceBookSlider/elements">

			<fieldset name="basic">


	<field type="spacer" name="&lt;div style=&quot;color:#fff; font-size:12px; font-weight:bold; padding:3px; margin:0; text-align:center; background:#333333;&quot;&gt;Settings&lt;/div&gt;" />















	<field name="moduleclass_sfx" type="text" default="" label="Class:" description="specify class to apply" />
		<field name="channel_id" type="text" default="19292868552" label="Channel ID" description="" />
			<field name="stream" type="list" default="yes" label="Show Stream" description="">

			<option value="1">YES</option>

			<option value="0">NO</option>

		</field>

	<field type="spacer" name="&lt;div style=&quot;color:#fff; font-size:12px; font-weight:bold; padding:3px; margin:0; text-align:center; background:#333333;&quot;&gt;Dimensions&lt;/div&gt;" />

		<field name="width" type="text" default="300" label="Width" description="" />
		<field name="height" type="text" default="600" label="Height" description="" />

<field type="spacer" name="&lt;div style=&quot;color:#fff; font-size:12px; font-weight:bold; padding:3px; margin:0; text-align:center; background:#333333;&quot;&gt;Slider&lt;/div&gt;" />



			<field name="position" type="list" default="left" label="Slider Position" description="">
			<option value="left">left</option>
			<option value="right">right</option>
		    </field>

			<field name="click" type="radio" default="mouse" label="Slider Open On" description="">

			<option value="click">On Click</option>



			<option value="mouse">On Mouse Over</option>



		    </field>



				<field name="slidert" type="text" default="10" label="Slider from top(px):" description="" />

		<field type="spacer" name="&lt;div style=&quot;color:#fff; font-size:12px; font-weight:bold; padding:3px; margin:0; text-align:center; background:#333333;&quot;&gt;Slider Appearance&lt;/div&gt;" />

			<field name="cont_background" type="colorpicker" default="#D2E0EA" label="Container Background" description="" />

		<field name="border_color" type="colorpicker" default="#899CAA" label="Container Border" description="" />


		<field type="spacer" name="&lt;div style=&quot;color:#fff; font-size:12px; font-weight:bold; padding:3px; margin:0; text-align:center; background:#333333;&quot;&gt;Button&lt;/div&gt;" />

				<field name="buttont" type="text" default="150" label="button from top(px):" description="" />


<field type="spacer" name="&lt;div style=&quot;color:#fff; font-size:12px; font-weight:bold; padding:3px; margin:0; text-align:center; background:#333333;&quot;&gt;Jquery&lt;/div&gt;" />

				<field name="show_jquery" type="radio" default="yes" label="Show Jquery" description="">
			<option value="yes">Yes</option>
			<option value="no">No</option>
		</field>
		
		

			</fieldset>

		</fields>



	</config>



</extension>


