<?xml version="1.0" encoding="utf-8"?>
<extension type="component" version="2.5.0" method="upgrade">
	<name>com_akextension</name>
	<creationDate>2013-1-7</creationDate>
	<copyright>Copyright (C) 2012. All rights reserved.</copyright>
	<license>GNU General Public License version 2 or later; see LICENSE.txt</license>
    <author>Asika</author>
	<authorEmail>asika32764@gmail.com</authorEmail>
	<authorUrl>http://asikart.com</authorUrl>
	<version>1.0.0</version>
	<description>COM_AKEXTENSION_XML_DESCRIPTION</description>
	
	
	<scriptfile>install.php</scriptfile>	
	
	<administration>
		<menu img="components/com_akextension/images/admin-icons/menu-akextension.png">COM_AKEXTENSION</menu>
		
		
		<files folder="admin">
			<filename>index.html</filename>
			<filename>controller.php</filename>
			<filename>akextension.php</filename>
			<filename>install.php</filename>
			<filename>access.xml</filename>
			<filename>config.xml</filename>
			<folder>windwalker</folder>
			<folder>controllers</folder>
			<folder>helpers</folder>
			<folder>images</folder>
			<folder>includes</folder>
			<folder>language</folder>
			<folder>models</folder>
			<folder>sql</folder>
			<folder>tables</folder>
			<folder>views</folder>
		</files>
	</administration>
	
	
	
	<modules>
		<!--<module>mod_akextension</module>-->
	</modules>
	
	
	<plugins>
		<plugin>plg_system_akextension</plugin>
	</plugins>
	
	
	<updateservers>
        <server type="extension" priority="1" name="Asikart Akextension Component">http://update.asikart.com/component/com_akextension.xml</server>
    </updateservers>
	
	
</extension>

