<?xml version="1.0" encoding="utf-8"?>
<!DOCTYPE install SYSTEM "http://dev.joomla.org/xml/1.5/module-install.dtd">
<extension version="2.5" type="module" client="site" method="upgrade">
	<name>Community - Jomsocial Notification</name>
	<author>JomSocial Team</author>
	<creationDate>March 2011</creationDate>
	<copyright>Copyright (C) 2008 - 2010 JomSocial. All rights reserved.</copyright>
	<license>http://www.gnu.org/licenses/gpl-2.0.html GNU/GPL</license>
	<authorEmail>support@jomsocial.com</authorEmail>
	<authorUrl>http://www.jomsocial.com</authorUrl>	
	<version>2.8.3</version>
	<description>This module is meant to display the three JomSocial notifications; global notification, friend requests and private messages. Please make sure this module is made visible for Registered users only.</description>
	<languages>
		<language tag="en-GB">en-GB.mod_notify.ini</language>
	</languages>
	<files>
		<filename module="mod_notify">mod_notify.php</filename>
		<filename>mod_notify.xml</filename>
		<filename>helper.php</filename>
		<filename>style.css</filename>
		<folder>tmpl</folder>
	</files>
	<params>
		<param name="cache" type="hidden" default="0" label="Caching" description="Disable global caching." />
		<param name="customCache" type="list" default="1" label="Caching" description="Select whether to cache the content of this module.">
			<option value="1">Yes</option>
			<option value="0">No</option>
		</param>
		<param name="show_global_notification" type="list" default="1" label="Show Global Notification" description="Select whether to show the global notification.">
			<option value="1">Yes</option>
			<option value="0">No</option>
		</param>
		<param name="show_friend_request" type="list" default="1" label="Show Friend Request" description="Select whether to show the friend request.">
			<option value="1">Yes</option>
			<option value="0">No</option>
		</param>
		<param name="enable_private_message" type="list" default="1" label="Show Private Message" description="Select to enable the private message.">
			<option value="1">Yes</option>
			<option value="0">No</option>
		</param>
		<param name="moduleclass_sfx" type="text" default="" label="Module Class Suffix" description="PARAMMODULECLASSSUFFIX" />
	</params>
	<config>
		<fields name="params">
			<fieldset name="basic">
				<field name="cache" type="hidden" default="0" label="Caching" description="Disable global caching." />
				<field name="customCache" type="list" default="1" label="Caching" description="Select whether to cache the content of this module.">
					<option value="1">Yes</option>
					<option value="0">No</option>
				</field>
				<field name="customCache" type="list" default="1" label="Caching" description="Select whether to cache the content of this module.">
					<option value="1">Yes</option>
					<option value="0">No</option>
				</field>
				<field name="show_global_notification" type="list" default="1" label="Show Global Notification" description="Select whether to show the global notification.">
					<option value="1">Yes</option>
					<option value="0">No</option>
				</field>
				<field name="show_friend_request" type="list" default="1" label="Show Friend Request" description="Select whether to show the friend request.">
					<option value="1">Yes</option>
					<option value="0">No</option>
				</field>
				<field name="enable_private_message" type="list" default="1" label="Show Private Message" description="Select to enable the private message.">
					<option value="1">Yes</option>
					<option value="0">No</option>
				</field>
				<field name="moduleclass_sfx" type="text" default="" label="Module Class Suffix" description="PARAMMODULECLASSSUFFIX" />
			</fieldset>
		</fields>
	</config>
</extension>