<?xml version="1.0" encoding="utf-8"?>
<extension type="component" version="2.5.0" method="upgrade">
	<name>com_amm</name>
	<creationDate>2013-6-25</creationDate>
	<copyright>Copyright (C) 2013. All rights reserved.</copyright>
	<license>GNU General Public License version 2 or later; see LICENSE.txt</license>
    <author>Asika , William</author>
	<authorEmail>service@asikart.com</authorEmail>
	<authorUrl>http://asikart.com</authorUrl>
	<version>1.0.3</version>
	<description>COM_AMM_XML_DESCRIPTION</description>
	
	
	<scriptfile>install.php</scriptfile>
	
	<!-- do not re install sql when generator working.
	<install>
    	<sql>
        	<file driver="mysql" charset="utf8">sql/install.sql</file>
  		</sql>
    </install>
	-->
	
	<uninstall>
    	<sql>
        	<file driver="mysql" charset="utf8">sql/uninstall.sql</file>
  		</sql>
    </uninstall>
	

	
	
	
	<administration>
		<menu img="components/com_amm/images/admin-icons/menu-amm.png">COM_AMM</menu>
		
		<!-- Submenu
			Note that all & must be escaped to &amp; for the file to be valid
			XML and be parsed by the installer-->
		<!-- <submenu>
				
			<menu link="option=com_amm&amp;view=menus" view="menus"
				img="components/com_amm/images/admin-icons/menu-menus.png"
				alt="Weblinks/Links">com_amm_menus</menu>
			<menu link="option=com_categories&amp;extension=com_amm"
				view="categories" img="class:category" alt="Amm/Categories">jcategories</menu>
		</submenu> -->
		
		
		
		<files folder="admin">
			<filename>index.html</filename>
			<filename>controller.php</filename>
			<filename>amm.php</filename>
			<filename>install.php</filename>
			<filename>access.xml</filename>
			<filename>config.xml</filename>
			<folder>windwalker</folder>
			<folder>controllers</folder>
			<folder>helpers</folder>
			<folder>images</folder>
			<folder>includes</folder>
			<folder>language</folder>
			<folder>models</folder>
			<folder>sql</folder>
			<folder>tables</folder>
			<folder>views</folder>
		</files>
	</administration>
	
	
	
	<modules>
		<!--<module>mod_amm</module>-->
	</modules>
	
	
	<plugins>
		<!--<plugin>plg_system_amm</plugin>-->
	</plugins>
	
	
	<updateservers>
        <server type="extension" priority="1" name="Asikart Amm Component">http://update.asikart.com/component/com_amm.xml</server>
    </updateservers>
	
	
</extension>

