<?xml version="1.0" encoding="utf-8"?>
<extension type="component" version="1.6" method="upgrade">
  <name>COM_MOOFAQ</name>
  <creationDate>02-Jul-2012</creationDate>
  <author>Douglas Machado</author>
  <authorEmail>admin@fok.com.br</authorEmail>
  <authorUrl>http://idealextensions.com</authorUrl>
  <copyright>2006 - 2011 - Ideal Extensions for Joomla - All rights reserved.</copyright>
  <license>http://www.gnu.org/licenses/gpl-2.0.html GNU/GPL</license>
  <version>2.5.4</version>
  <description>COM_MOOFAQ_XML_DESCRIPTION</description>
  <scriptfile>install/script.php</scriptfile>
  <install>
    <sql/>
  </install>
  <uninstall>
    <sql/>
  </uninstall>
  <update>
    <schemas/>
  </update>
  <files folder="site">
    <folder>controllers</folder>
    <folder>helpers</folder>
    <folder>images</folder>
    <folder>language</folder>
    <folder>models</folder>
    <folder>templates</folder>
    <folder>views</folder>
    <filename>controller.php</filename>
    <filename>includes.php</filename>
    <filename>index.html</filename>
    <filename>metadata.xml</filename>
    <filename>moofaq.php</filename>
    <filename>router.php</filename>
    <filename>view.php</filename>
  </files>
  <administration>
    <menu img="components/com_moofaq/com_moofaq-16x16.png">MooFAQ</menu>
    <files folder="admin">
      <folder>assets</folder>
      <folder>controllers</folder>
      <folder>helpers</folder>
      <folder>install</folder>
      <folder>language</folder>
      <folder>models</folder>
      <folder>views</folder>
      <filename>com_moofaq-16x16.png</filename>
      <filename>com_moofaq-48x48.png</filename>
      <filename>com_moofaq-64x64.png</filename>
      <filename>config.xml</filename>
      <filename>controller.php</filename>
      <filename>easycreator.xml</filename>
      <filename>index.html</filename>
      <filename>moofaq.php</filename>
    </files>
  </administration>
  <media destination="com_moofaq" folder="media">
    <folder>images</folder>
    <filename>index.html</filename>
  </media>
</extension>
