<?xml version="1.0" encoding="utf-8"?>
<install type="module" version="1.5.0" method="upgrade">
	<name>EasyBlog Image wall module</name>
	<author>StackIdeas</author>
	<creationDate>May 2010</creationDate>
	<copyright>Copyright 2009 - 2011 StackIdeas. All rights reserved.</copyright>
	<license>GPL License</license>
	<authorEmail>support@stackideas.com</authorEmail>
	<authorUrl>http://stackideas.com</authorUrl>
	<version>3.5.4</version>
	<description>Displays a list of blog posts represented as an image stream in a module.</description>
	<files>
		<filename module="mod_imagewall">mod_imagewall.php</filename>
		<filename>helper.php</filename>
		<filename>index.html</filename>
		<filename>styles.css</filename>
		<folder>tmpl</folder>
	</files>
	<params addpath="/administrator/components/com_easyblog/elements">
		<param name="moduleclass_sfx" type="text" default="" label="Module Class Suffix" description="PARAMMODULECLASSSUFFIX" />
		<param name="routingtype" type="list" default="default" label="Routing Type" description="Choose the routing type when generate blog post link">
			<option value="default">Use default behaviour</option>
			<option value="menuitem">Use menu item</option>
			<option value="category">Use post's category</option>
			<option value="tag">Use post's tag</option>
		</param>
		<param name="menuitemid" type="easyblogmenuitem" default="" label="Use Menu Item" description="Select menu item if you have choose to use 'menu item' as routing type" state="1" />
		<param name="@spacer" type="spacer" default="" label="" description="" />
		<param name="count" type="text" default="20" label="Count" description="The number of items to display (set it to 0 if post limiting if not required)." />
		<param name="catid" type="text" label="Category ID" description="Only select blog posts from specific categories. To enter multiple categories, separate them with a comma E.g:(1,2,3) . Leave empty to select from all categories" />
		<param name="columns" type="text" default="3" label="Columns" description="Enter the number of columns that you want to display for each row." />
		<param name="imagewidth" type="text" default="300" label="Maximum width of image" description="Enter the maximum width of the image item in pixels" />
		<param name="imageheight" type="text" default="300" label="Maximum height of image" description="Enter the maximum height of the image item in pixels" />
	</params>
	<params group="advanced">
		<param name="cache" type="list" default="0" label="Caching" description="Select whether to cache the content of this module">
			<option value="1">Use global</option>
			<option value="0">No caching</option>
		</param>
		<param name="cache_time" type="text" default="900" label="Cache Time" description="The time before the module is recached" />
	</params>


	<config>
		<fields name="params">
			<fieldset name="basic" addfieldpath="/administrator/components/com_easyblog/elements/fields">
				<field name="moduleclass_sfx" type="text" default="" label="Module Class Suffix" description="PARAMMODULECLASSSUFFIX" />
				<field name="routingtype" type="list" default="default" label="Routing Type" description="Choose the routing type when generate blog post link">
					<option value="default">Use default behaviour</option>
					<option value="menuitem">Use menu item</option>
					<option value="category">Use post's category</option>
					<option value="tag">Use post's tag</option>
				</field>
				<field name="menuitemid" type="modal_easyblogmenuitem" default="" label="Use Menu Item" description="Select menu item if you have choose to use 'menu item' as routing type" state="1" />
				<field name="@spacer" type="spacer" default="" label="" description="" />
				<field name="count" type="text" default="5" label="Count" description="The number of items to display (set it to 0 if post limiting if not required)." />
				<field
					name="catid"
					type="text"
					default=""
					label="Category ID"
					description="Only select blog posts from specific categories. Leave empty to select from all categories" />
				<field name="showimageless" type="list" default="1" label="Display contents with images" description="If enabled, blog posts without images are displayed">
					<option value="1">Yes</option>
					<option value="0">No</option>
				</field>
				<field name="imagewall" type="list" label="Show posts as image wall" description="If enabled, posts will be displayed as an image wall">
					<option value="1">Yes</option>
					<option value="0">No</option>
				</field>
				<field name="columns" type="text" default="3" label="Columns" description="Enter the number of columns that you want to display for each row." />
				<field name="imagewidth" type="text" default="300" label="Maximum width of image" description="Enter the maximum width of the image item in pixels" />
				<field name="imageheight" type="text" default="300" label="Maximum height of image" description="Enter the maximum height of the image item in pixels" />
			</fieldset>
			<fieldset name="advanced">
				<field
					name="moduleclass_sfx" type="text"
					label="COM_MODULES_FIELD_MODULECLASS_SFX_LABEL"
					description="COM_MODULES_FIELD_MODULECLASS_SFX_DESC" />

				<field
					name="cache"
					type="list"
					default="0"
					label="COM_MODULES_FIELD_CACHING_LABEL"
					description="COM_MODULES_FIELD_CACHING_DESC" >
					<option value="1">JGLOBAL_USE_GLOBAL</option>
					<option value="0">COM_MODULES_FIELD_VALUE_NOCACHING
					</option>
				</field>

				<field
					name="cache_time"
					type="text"
					default="900"
					label="COM_MODULES_FIELD_CACHE_TIME_LABEL"
					description="COM_MODULES_FIELD_CACHE_TIME_DESC" />
			</fieldset>
		</fields>
	</config>

</install>
