<?xml version="1.0" encoding="utf-8"?>
<install version="1.5" type="plugin" group="system" method="upgrade">
	<name>ebreminder</name>
	<author>Tuan Pham Ngoc</author>
	<creationDate>Feb 2012</creationDate>
	<copyright>Copyright (C) 2005 - 2012 Open Source Matters. All rights reserved.</copyright>
	<license>GNU General Public License version 2 or later; see LICENSE.txt</license>
	<authorEmail>admin@joomla.org</authorEmail>
	<authorUrl>www.joomla.org</authorUrl>
	<version>1.4.4</version>
	<description>This plugin check and send reminder emails to registrants automatically</description>
	<files>
		<filename plugin="ebreminder">ebreminder.php</filename>
		<filename>index.html</filename>
	</files>	
	<config>
		<fields name="params">
			<fieldset name="basic">
				<field name="last_run" label="Last Run Time" type="text" readonly="true" size="30" description="Store Last Run Time of the plugin"></field>
				<field name="number_registrants" label="Number Registrants" type="text" size="30" default="15" description="Number of registrants which we will send reminder each time the plugin run"></field>
			</fieldset>
		</fields>
	</config>
	<params>
		<param name="last_run" label="Last Run Time" type="text" readonly="true" size="30" description="Store Last Run Time of the plugin"></param>
		<param name="number_registrants" label="Number Registrants" type="text" size="30" default="15" description="Number of registrants which we will send reminder each time the plugin run"></param>
	</params>
</install>
