<?xml version="1.0" encoding="utf-8"?>
<install version="1.5" type="plugin" group="system" method="upgrade" >
	<name>System - ZOO Event</name>
	<author>YOOtheme</author>
	<creationDate>March 2011</creationDate>
	<copyright>Copyright (C) YOOtheme GmbH</copyright>
	<license>http://www.gnu.org/licenses/gpl-2.0.html GNU/GPLv2 only</license>
	<assetsLicense>YOOtheme Proprietary Use License (http://www.yootheme.com/license)</assetsLicense>
	<authorEmail>info@yootheme.com</authorEmail>
	<authorUrl>http://www.yootheme.com</authorUrl>
	<version>2.4.1</version>
	<description>Event plugin for ZOO developed by YOOtheme (http://www.yootheme.com)</description>
	<files>
		<filename plugin="zooevent">zooevent.php</filename>
		<folder>zooevent</folder>		
	</files>
</install>