[{"id": 1,"asset_id": 771,"catid": 85,"title": "Avatar","label": "Avatar","name": "BASIC_AVATAR","attrs": "{\"name\":\"BASIC_AVATAR\",\"label\":\"Avatar\",\"description\":\"Upload your Avatar\",\"default\":\"\",\"required\":\"0\",\"width\":\"\",\"height\":\"\",\"crop\":\"0\",\"size\":\"\",\"class\":\"\",\"filter\":\"\",\"readonly\":\"0\",\"disabled\":\"0\",\"hide_in_registration\":\"1\"}","field_type": "uploadimage","required": 0,"element": "<fieldname=\"BASIC_AVATAR\"label=\"Avatar\"description=\"Upload your Avatar\"hide_in_registration=\"1\"type=\"uploadimage\"></field>","created": "2013-03-22 06:50:51","created_by": 986,"modified": "2013-03-22 14:56:32","modified_by": 986,"ordering": 1,"published": 1,"publish_up": "0000-00-00 00:00:00","publish_down": "0000-00-00 00:00:00","checked_out": 0,"checked_out_time": "0000-00-00 00:00:00","access": 1,"language": "*","params": "{}"}, {"id": 2,"asset_id": 772,"catid": 85,"title": "Career","label": "Career","name": "BASIC_CAREER","attrs": "{\"name\":\"BASIC_CAREER\",\"label\":\"Career\",\"description\":\"Your Career\",\"default\":\"\",\"required\":\"true\",\"maxlength\":\"\",\"size\":\"\",\"class\":\"\",\"filter\":\"\",\"readonly\":\"0\",\"disabled\":\"0\",\"hide_in_registration\":\"0\"}","field_type": "text","required": 0,"element": "<fieldname=\"BASIC_CAREER\"label=\"Career\"description=\"Your Career\"required=\"true\"type=\"text\"></field>","created": "2013-03-22 06:50:51","created_by": 986,"modified": "2013-03-22 14:56:46","modified_by": 986,"ordering": 2,"published": 1,"publish_up": "0000-00-00 00:00:00","publish_down": "0000-00-00 00:00:00","checked_out": 0,"checked_out_time": "0000-00-00 00:00:00","access": 1,"language": "*","params": "{}"}, {"id": 3,"asset_id": 773,"catid": 85,"title": "Telephone","label": "Tel","name": "BASIC_TEL","attrs": "{\"name\":\"BASIC_TEL\",\"label\":\"Tel\",\"description\":\"\",\"default\":\"\",\"required\":\"0\",\"maxlength\":\"\",\"size\":\"\",\"class\":\"\",\"filter\":\"\",\"readonly\":\"0\",\"disabled\":\"0\",\"hide_in_registration\":\"0\"}","field_type": "text","required": 0,"element": "<fieldname=\"BASIC_TEL\"label=\"Tel\"type=\"text\"></field>","created": "2013-03-22 06:50:51","created_by": 986,"modified": "2013-03-22 14:56:48","modified_by": 986,"ordering": 3,"published": 1,"publish_up": "0000-00-00 00:00:00","publish_down": "0000-00-00 00:00:00","checked_out": 0,"checked_out_time": "0000-00-00 00:00:00","access": 1,"language": "*","params": "{}"}, {"id": 4,"asset_id": 775,"catid": 85,"title": "Ages","label": "Ages","name": "BASIC_AGES","attrs": "{\"name\":\"BASIC_AGES\",\"label\":\"Ages\",\"description\":\"Your Ages\",\"default\":\"\",\"required\":\"true\",\"maxlength\":\"\",\"size\":\"\",\"class\":\"\",\"filter\":\"\",\"readonly\":\"0\",\"disabled\":\"0\",\"hide_in_registration\":\"0\"}","field_type": "text","required": 1,"element": "<fieldname=\"BASIC_AGES\"label=\"Ages\"description=\"Your Ages\"required=\"true\"type=\"text\"></field>","created": "2013-03-22 06:50:51","created_by": 986,"modified": "2013-03-22 15:04:12","modified_by": 986,"ordering": 5,"published": 1,"publish_up": "0000-00-00 00:00:00","publish_down": "0000-00-00 00:00:00","checked_out": 0,"checked_out_time": "0000-00-00 00:00:00","access": 1,"language": "*","params": "{}"}, {"id": 5,"asset_id": 776,"catid": 85,"title": "About","label": "About Me","name": "BASIC_ABOUT","attrs": "{\"name\":\"BASIC_ABOUT\",\"label\":\"About Me\",\"description\":\"\",\"default\":\"\",\"required\":\"0\",\"cols\":60,\"rows\":10,\"class\":\"\",\"filter\":\"safehtml\",\"readonly\":\"0\",\"disabled\":\"0\",\"hide_in_registration\":\"0\"}","field_type": "textarea","required": 0,"element": "<fieldname=\"BASIC_ABOUT\"label=\"About Me\"cols=\"60\"rows=\"10\"filter=\"safehtml\"type=\"textarea\"></field>","created": "2013-03-22 06:50:51","created_by": 986,"modified": "2013-03-22 14:57:10","modified_by": 986,"ordering": 6,"published": 1,"publish_up": "0000-00-00 00:00:00","publish_down": "0000-00-00 00:00:00","checked_out": 0,"checked_out_time": "0000-00-00 00:00:00","access": 1,"language": "*","params": "{}"}, {"id": 6,"asset_id": 777,"catid": 85,"title": "Website","label": "Website","name": "BASIC_WEBSITE","attrs": "{\"name\":\"BASIC_WEBSITE\",\"label\":\"Website\",\"description\":\"\",\"default\":\"\",\"required\":\"0\",\"maxlength\":\"\",\"size\":\"\",\"class\":\"\",\"filter\":\"\",\"readonly\":\"0\",\"disabled\":\"0\",\"hide_in_registration\":\"0\"}","field_type": "text","required": 0,"element": "<fieldname=\"BASIC_WEBSITE\"label=\"Website\"type=\"text\"></field>","created": "2013-03-22 06:50:51","created_by": 986,"modified": "2013-03-22 14:56:55","modified_by": 986,"ordering": 7,"published": 1,"publish_up": "0000-00-00 00:00:00","publish_down": "0000-00-00 00:00:00","checked_out": 0,"checked_out_time": "0000-00-00 00:00:00","access": 1,"language": "*","params": "{}"}, {"id": 7,"asset_id": 774,"catid": 85,"title": "Birth Day","label": "Birth Day","name": "BASIC_BIRTHDAY","attrs": "{\"name\":\"BASIC_BIRTHDAY\",\"label\":\"Birth Day\",\"description\":\"\",\"default\":\"\",\"required\":\"true\",\"format\":\"%Y-%m-%d %H:%M:%S\",\"class\":\"\",\"filter\":\"\",\"readonly\":\"0\",\"disabled\":\"0\",\"hide_in_registration\":\"0\"}","field_type": "calendar","required": 1,"element": "<fieldname=\"BASIC_BIRTHDAY\"label=\"Birth Day\"required=\"true\"format=\"%Y-%m-%d %H:%M:%S\"type=\"calendar\"></field>","created": "2013-03-22 06:50:51","created_by": 986,"modified": "2013-03-22 15:31:55","modified_by": 986,"ordering": 4,"published": 1,"publish_up": "0000-00-00 00:00:00","publish_down": "0000-00-00 00:00:00","checked_out": 0,"checked_out_time": "0000-00-00 00:00:00","access": 1,"language": "*","params": "{}"}]