[{"id": 30,"asset_id": 105,"parent_id": 1,"lft": 19,"rgt": 20,"level": 1,"path": "basic-info","extension": "com_userxtd","title": "Basic Info","alias": "basic-info","note": "","description": "","published": 1,"checked_out": 0,"checked_out_time": "0000-00-00 00:00:00","access": 1,"params": "{\"category_layout\":\"\",\"image\":\"\"}","metadesc": "","metakey": "","metadata": "{\"author\":\"\",\"robots\":\"\"}","created_user_id": 479,"created_time": "2013-03-03 10:53:40","modified_user_id": 479,"modified_time": "2013-03-03 11:02:07","hits": 0,"language": "*","version": 1}, {"id": 31,"asset_id": 106,"parent_id": 1,"lft": 21,"rgt": 22,"level": 1,"path": "living","extension": "com_userxtd","title": "Living","alias": "living","note": "","description": "","published": 1,"checked_out": 0,"checked_out_time": "0000-00-00 00:00:00","access": 1,"params": "{\"category_layout\":\"\",\"image\":\"\"}","metadesc": "","metakey": "","metadata": "{\"author\":\"\",\"robots\":\"\"}","created_user_id": 479,"created_time": "2013-03-03 11:00:25","modified_user_id": 479,"modified_time": "2013-03-03 11:01:54","hits": 0,"language": "*","version": 1}]