<?xml version="1.0" encoding="utf-8"?>
<extension type="plugin" version="1.6" method="upgrade" group="editors-xtd">
  <name>Editor Button - MooFAQ</name>
  <creationDate>02-Jul-2012</creationDate>
  <author>Douglas Machado</author>
  <authorEmail>admin@fok.com.br</authorEmail>
  <authorUrl>http://idealextensions.com</authorUrl>
  <copyright>(C) 2013  idealextensions.com - Brazil</copyright>
  <license>GNU General Public License version 2 or later; see LICENSE.txt</license>
  <version>2.5.5</version>
  <description>PLG_EDITORSXTD_MOOFAQ_XML_DESCRIPTION</description>
  <files folder="site">
    <folder>install</folder>
    <folder>language</folder>
    <filename>easycreator.xml</filename>
    <filename>index.html</filename>
    <filename plugin="moofaq">moofaq.php</filename>
  </files>
  <params/>
  <config>
    <fields name="params">
      
    <fieldset name="basic">
        
      <field name="avoid_components" type="sql" multiple="multiple" size="10" label="Avoid Components" default="" key_field="value" value_field="text" description="MooFAQ Button will not be visible for the selected components" query="SELECT `name` AS `text`, `element` AS `value` FROM #__extensions WHERE type= 'component' AND extension_id NOT IN (1,3,5,6,7,9,10,11,12,13,14,15,16,18,20,23,24) ORDER BY name ASC">
          
        <option value="">JNONE</option></field></fieldset></fields>
  </config>
</extension>
