<?xml version="1.0" encoding="iso-8859-1"?>
<extension 
	type="module" 
	version="1.7.0" 
	client="site"
	 method="upgrade">
	<name>BT Login</name>
    <author>BowThemes</author>
	<creationDate>April 2012</creationDate>
   <copyright>Copyright (C) 2012 Bowthemes. All rights reserved.</copyright>
   <license>http://www.gnu.org/licenses/gpl-2.0.html GNU/GPL</license>
   <authorEmail>support@bowthemes.com</authorEmail>
   <authorUrl>http://www.bowthemes.com</authorUrl>
	<version>2.4.1</version>
	<description>
	<![CDATA[
		<style>
			.bt_description h3{
				text-transform: uppercase;
				margin: 20px 0px 10px 0px;
			}
			.bt_description img{
				float:left;
				margin:5px 5px 5px 0px;
			}
			.bt_description p,.bt_description li{
				list-style: none outside none;
				padding: 5px 5px 5px 20px;				
			}
			
			.bt_description ul.list-style li{
				background:url(../modules/mod_bt_login/admin/images/tick.png) 0px 6px no-repeat;
				padding-left:30px;
				line-height:15px;
			}
		</style>
		<div class="bt_description">
			<h3>BT Login Module Version 2.4.1</h3>			
			<a href="http://bowthemes.com" target="_blank"><img src="../modules/mod_bt_login/admin/images/bt-login.png"></a>
			<p>BT Login module is alternate Joomla! login module with special styles associated and can be placed at various position, while you can retain the standard login module in the default position.
			</p>
			<br clear="both" />
			<h3>Features</h3>
			<ul class="list-style">
				<li>Ability to run the same time with login module of Joomla</li>
				<li>Ajax login & Ajax registration</li>
				<li>Captcha support</li>
				<li>Call login & registration popup form by custom</li>
				<li>K2, Jomsocial, CB & custom component support</li>
				<li>Two style dispay options : Modal box and Drop down</li>				
				<li>Compatibility with Joomla 1.6 Joomla 1.7 & Joomla 2.5</li>
				<li>Cross Browser Support: IE7+, Firefox 2+, Safari 3+, Chrome 8+, Opera 9+</li>
			</ul>
			<h3>UPgrade versions</h3>
			<p>
				Your current versions is 2.4.1. <a target="_blank" href="http://bowthemes.com/bt-login-module.html">Find our latest versions now</a>
			</p>
			<h3>Userful links</h3>
			<ul>
				<li><a target="_blank" href="http://bowthemes.com/bt-login-module.html">Video tutorials</a></li>
				<li><a target="_blank" href="http://bowthemes.com/bt-login/">Report bug</a></li>
				<li><a target="_blank" href="http://bowthemes.com/bt-login/">Forum support</a></li>
			</ul>
			<h3>About bow themes & copyright</h3>	
			<p>
				Bow Themes is Professional Joomla template provider. We are focused on creating unique, attractive and clean templates without loosing flexibility and simplicity of customization
			</p>
			Copyright (C) 2012 BowThemes	

		</div>
	]]>	
	</description>
	<files>
		<filename module="mod_bt_login">mod_bt_login.php</filename>
		<filename module="mod_bt_login">helper.php</filename>
		<filename module="mod_bt_login">index.html</filename>
		<folder module="mod_bt_login">tmpl</folder>
		<folder module="mod_bt_login">admin</folder>
	</files>
	<languages>
		<language tag="en-GB">en-GB.mod_bt_login.ini</language>
	</languages>
	<config>
		<fields name="params">			
			<fieldset name="basic">				
				<field
					name="align_option"
					type="list"
					default="right"
					label="ALIGN_OPTION_LABEL"
					description="ALIGN_OPTION_DESC">
				<option value="right">Right</option>
				<option value="center">Center</option>
				<option value="left">Left</option>
				</field>
				<field 
					name="display_type" 
					type="list" 
					default="0" 					
					label="DISPLAY_TYPE_LABEL" description="DISPLAY_TYPE_DESC">
					<option value="0">Modal</option>
					<option value="1">Dropdown</option>
				</field>
				<field 
					name="mouse_event" 
					type="list" 
					default="click" 					
					label="BT_LOGIN_MOUSE_EVENT" description="BT_LOGIN_MOUSE_EVENT_DESC">
					<option value="click">Click</option>
					<option value="hover">Hover</option>
				</field>
				<field 
					name="login" 
					type="menuitem" 
					default="" 
					disable="separator" 
					label="LOGIN_REDIRECTION_URL" 
					description="" > 
					<option value="">JDEFAULT</option>
				</field>
				<field 
					name="logout" 
					type="menuitem" 
					default="" 
					disable="separator" 
					label="LOGOUT_REDIRECTION_URL" 
					description="PARAMLOGOUTREDIRECTURL" >
					<option value="">JDEFAULT</option>
				</field>				
				<field 
					name="name" 
					type="list" 
					default="0" 
					label="NAME_USERNAME" description="NAME_USERNAME_DESC">
					<option value="0">Username</option>
					<option value="1">Name</option>
				</field>
				<field 
					name="logout_button" 
					type="list" 
					class="bt_switch"
					default="1" 
					label="LOG_OUT_BUTTON_LABEL" 
					description="LOG_OUT_BUTTON_DESC">
					<option value="0">No</option>
					<option value="1">Yes</option>
				</field>
				<field 
					name="enabled_registration_tab" 
					type="list" 
					class="bt_switch"
					default="1" 
					label="REGISTRATION_TAB" 
					description="REGISTRATION_TAB_DESC">
					<option value="0">No</option>
					<option value="1">Yes</option>
				</field>
				<field
					name="tag_login_modal"
					type="text"
					default=""
					label="TAB_LOGON_MODAL_LABEL"
					description="TAB_LOGON_MODAL_DESC"
				/>
				<field
					name="tag_register_modal"
					type="text"
					default=""
					label="TAB_REGISTER_MODAL_LABEL"
					description="TAB_REGISTER_MODAL_DESC"
				/>	
				<field name="bg_button_color" type="text" class="bt_color" label="BG_BUTTON_COLOR_LABEL" description="BG_BUTTON_COLOR_DESC" />							
				<field name="text_button_color" type="text" class="bt_color" label="TEXT_BUTTON_COLOR_LABEL" description="TEXT_BUTTON_COLOR_DESC" />
				<field 
					name="module_id" 
					id="bt_module_id" 
					type="sql" 
					default="19" 
					multiple="multiple" 
					size="10" 
					label="MODULEID_LABEL" 
					description="MODULEID_DESC" 
					query="SELECT id, module, title FROM #__modules WHERE  `client_id`=0 AND ( `published` !=-2 AND `published` !=0 ) ORDER BY position ASC" key_field="id" value_field="title" 
					/>
					
				<field 
					name="module_position" 
					id="bt_module_position" 
					type="sql" 
					default="0" 
					multiple="multiple" 
					size="10" 
					label="MODULEPOSITION_LABEL" 
					description="MODULEPOSITION_DESC" 
					query="SELECT DISTINCT position FROM #__modules ORDER BY position ASC" key_field="position" value_field="position" 
					/>
				<field 
					name="integrated_component"
					type="list"
					default=""
					label="INTEGRATE_COMPONENT_LABEL"
					description="INTEGRATE_COMPONENT_DESC"
				>
					<option value="">None</option>
					<option value="com_user">User Component</option>
					<option value="k2">K2 Component</option>
					<option value="jomsocial">JoomSocial</option>
					<option value="cb">Community Builder</option>
					<option value="option">Option</option>
				</field>
				<field 
					name="module_option" 
					id="bt_module_option" 
					type="sql" 
					default="0" 					
					size="10" 
					label="MODULE_OPTION_LABEL" 
					description="MODULE_OPTION_DESC" 
					query="SELECT id, module, title FROM #__modules WHERE  `client_id`=0 AND ( `published` !=-2 AND `published` !=0 ) ORDER BY position ASC" key_field="id" value_field="title" 
					/>	
				<field name="link_option" type="text" default="" label="LINK_OPTION_LABEL" description="LINK_OPTION_DESC" />
			</fieldset>
			<fieldset name="advanced">
				<field 
					name="loadJquery" 
					type="list" 
					default="auto" 
					label="BT_LOADJQUERY" 
					description="BT_LOADJQUERY_DESC">
					<option value="auto">Auto</option>
					<option value="1">Yes</option>
					<option value="0">No</option>
				</field>
				<field
					name="moduleclass_sfx"
					type="text"
					label="COM_MODULES_FIELD_MODULECLASS_SFX_LABEL"
					description="COM_MODULES_FIELD_MODULECLASS_SFX_DESC" />
				<field
					name="cache"
					type="list"
					default="1"
					label="COM_MODULES_FIELD_CACHING_LABEL"
					description="COM_MODULES_FIELD_CACHING_DESC">
					<option
						value="1">JGLOBAL_USE_GLOBAL</option>
					<option
						value="0">COM_MODULES_FIELD_VALUE_NOCACHING</option>
				</field>
				<field
					name="cache_time"
					type="text"
					default="900"
					label="COM_MODULES_FIELD_CACHE_TIME_LABEL"
					description="COM_MODULES_FIELD_CACHE_TIME_DESC" />
					<field addfieldpath="/modules/mod_bt_login/admin/formfield" type="asset" name="asset" path="modules/mod_bt_login/admin/" />
			</fieldset>
	
		</fields>
	</config>
</extension>
