<?xml version="1.0" encoding="utf-8"?>
<metadata>
	<layout title="com_akextension_api_title" option="com_akextension_api_option">
		<help
			key = "COM_AKEXTENSION_API_MENU_MANAGER_HELP"
		/>
		<message>
			<![CDATA[COM_AKEXTENSION_API_MENU_MANAGER_DESC]]>
		</message>
	</layout>

	<!-- Add fields to the request variables for the layout. -->
	<fields name="request">
		<fieldset name="request"
			addfieldpath="/administrator/components/com_akextension/models/fields">

			<field name="format" type="text"
				label="COM_AKEXTENSION_SELECT_SARCH"
				required="true"
				description="CCOM_AKEXTENSION_SELECT_SARCH_DESC"
				default="json"
			/>
		</fieldset>
	</fields>
</metadata>
