<?xml version="1.0" encoding="utf-8"?>
<install version="1.5" type="plugin" group="system" method="upgrade">
	<name>System - AceShop jQuery</name>
	<author>JoomAce LLC</author>
	<creationDate>January 2012</creationDate>
	<authorEmail>info@joomace.net</authorEmail>
	<authorUrl>http://www.joomace.net</authorUrl>
	<copyright>Copyright (C) JoomAce LLC, www.joomace.net</copyright>
	<license>GNU/GPL, http://www.gnu.org/licenses/gpl-2.0.html</license>
	<version>1.0.0</version>
	<description><![CDATA[<b><font color="red">DON'T FORGET TO PUBLISH THE PLUGIN.</font></b>]]></description>
	<files>
		<filename plugin="aceshopjquery">aceshopjquery.php</filename>
		<folder>aceshopjquery</folder>
	</files>
	<params>
		<param name="only_aceshop" type="radio" default="1" label="Only if AceShop" description="Load the following libraries only viewing any AceShop module or page.">
			<option value="0">No</option>
			<option value="1">Yes</option>
		</param>
		<param name="load_main" type="list" default="1" label="Load jQuery" description="Load the main library of jQuery.">
			<option value="0">No</option>
            <option value="1">Both sides</option>
			<option value="2">Only Front-end</option>
			<option value="3">Only Back-end</option>
		</param>
		<param name="remove_other_jq" type="radio" default="0" label="Remove other jQuery libs" description="Remove all other jQuery libraries load by other extensions and keep just the AceShop's one loaded.">
			<option value="0">No</option>
			<option value="1">Yes</option>
		</param>
		<param name="load_noconflict" type="radio" default="1" label="Load jQuery Noconflict" description="Load Noconflict library of jQuery.">
			<option value="0">No</option>
			<option value="1">Yes</option>
		</param>
		<param name="load_ui" type="radio" default="1" label="Load jQuery UI" description="Load UI library of jQuery.">
			<option value="0">No</option>
			<option value="1">Yes</option>
		</param>
		<param name="load_cookie" type="radio" default="1" label="Load Cookie" description="Load Cookie library of jQuery.">
			<option value="0">No</option>
			<option value="1">Yes</option>
		</param>
		<param name="load_fancybox" type="radio" default="1" label="Load Fancybox" description="Load Fancybox library of jQuery.">
			<option value="0">No</option>
			<option value="1">Yes</option>
		</param>
		<param name="load_cycle" type="radio" default="1" label="Load Cycle" description="Load Cycle library of jQuery.">
			<option value="0">No</option>
			<option value="1">Yes</option>
		</param>
		<param name="load_jcarousel" type="radio" default="1" label="Load jCarousel" description="Load jCarousel library of jQuery.">
			<option value="0">No</option>
			<option value="1">Yes</option>
		</param>
		<param name="load_nivo_slider" type="radio" default="1" label="Load Nivo Slider" description="Load Nivo Slider library of jQuery.">
			<option value="0">No</option>
			<option value="1">Yes</option>
		</param>
	</params>
	<config>
		<fields name="params">
			<fieldset name="basic">
				<field name="only_aceshop" type="radio" default="1" label="Only if AceShop" description="Load the following libraries only viewing any AceShop module or page.">
					<option value="0">No</option>
					<option value="1">Yes</option>
				</field>
				<field name="load_main" type="list" default="1" label="Load jQuery" description="Load the main library of jQuery.">
					<option value="0">No</option>
                    <option value="1">Both sides</option>
                    <option value="2">Only Front-end</option>
                    <option value="3">Only Back-end</option>
				</field>
                <field name="remove_other_jq" type="radio" default="0" label="Remove other jQuery libs" description="Remove all other jQuery libraries load by other extensions and keep just the AceShop's one loaded.">
                    <option value="0">No</option>
                    <option value="1">Yes</option>
                </field>
				<field name="load_noconflict" type="radio" default="1" label="Load jQuery Noconflict" description="Load Noconflict library of jQuery.">
					<option value="0">No</option>
					<option value="1">Yes</option>
				</field>
				<field name="load_ui" type="radio" default="1" label="Load jQuery UI" description="Load UI library of jQuery.">
					<option value="0">No</option>
					<option value="1">Yes</option>
				</field>
				<field name="load_cookie" type="radio" default="1" label="Load Cookie" description="Load Cookie library of jQuery.">
					<option value="0">No</option>
					<option value="1">Yes</option>
				</field>
				<field name="load_fancybox" type="radio" default="1" label="Load Fancybox" description="Load Fancybox library of jQuery.">
					<option value="0">No</option>
					<option value="1">Yes</option>
				</field>
				<field name="load_cycle" type="radio" default="1" label="Load Cycle" description="Load Cycle library of jQuery.">
					<option value="0">No</option>
					<option value="1">Yes</option>
				</field>
				<field name="load_jcarousel" type="radio" default="1" label="Load jCarousel" description="Load jCarousel library of jQuery.">
					<option value="0">No</option>
					<option value="1">Yes</option>
				</field>
				<field name="load_nivo_slider" type="radio" default="1" label="Load Nivo Slider" description="Load Nivo Slider library of jQuery.">
					<option value="0">No</option>
					<option value="1">Yes</option>
				</field>
			</fieldset>
		</fields>
	</config>
</install>