<?xml version="1.0" encoding="UTF-8"?>
<extension version="1.5" type="file" client="site" method="upgrade">
<name>Traditional Chinese language pack for K2</name>
<version>2.5.0</version>
<creationDate>April 11, 2012</creationDate>
<author>des13.cc</author>
<authoremail>des13@des13.cc</authoremail>
<authorurl>des_A.J</authorurl>
<copyright>Copyright (c) 2006 - 2011 JoomlaWorks Ltd. All rights reserved.</copyright>
<license>http://www.gnu.org/licenses/gpl-2.0.html GNU/GPL</license>
<description>繁體中文K2_2.5版本語言包安裝成功-製作者-鼎益盛網頁設計-A.J</description>
<fileset>
<files folder="admin" target="administrator/language/zh-TW">
	<filename>zh-TW.com_k2.ini</filename>
	<filename>zh-TW.com_k2.j16.ini</filename>
	<filename>zh-TW.com_k2.sys.ini</filename>
	<filename>zh-TW.mod_k2.j16.ini</filename>
	<filename>zh-TW.mod_k2_quickicons.ini</filename>
	<filename>zh-TW.mod_k2_stats.ini</filename>
	<filename>zh-TW.plg_search_k2.ini</filename>
	<filename>zh-TW.plg_system_k2.ini</filename>
	<filename>zh-TW.plg_user_k2.ini</filename>
	<filename>zh-TW.com_k2.menu.ini</filename>
	<filename>zh-TW.mod_k2_quickicons.sys.ini</filename>
	<filename>zh-TW.mod_k2_stats.sys.ini</filename>
	<filename>zh-TW.plg_finder_k2.ini</filename>
	<filename>zh-TW.plg_finder_k2.sys.ini</filename>
	<filename>zh-TW.plg_system_k2.sys.ini</filename>
	<filename>zh-TW.plg_search_k2.sys.ini</filename>
	<filename>zh-TW.plg_user_k2.sys.ini</filename>
</files>
<files folder="site" target="language/zh-TW">
      <filename>zh-TW.com_k2.ini</filename>
      <filename>zh-TW.mod_k2_comments.ini</filename>
      <filename>zh-TW.mod_k2_content.ini</filename>
      <filename>zh-TW.mod_k2_login.ini</filename>
      <filename>zh-TW.mod_k2_tools.ini</filename>
      <filename>zh-TW.mod_k2_users.ini</filename>
      <filename>zh-TW.mod_k2_user.ini</filename>
      <filename>zh-TW.mod_k2_comments.sys.ini</filename>
      <filename>zh-TW.mod_k2_content.sys.ini</filename>
      <filename>zh-TW.mod_k2_login.sys.ini</filename>
      <filename>zh-TW.mod_k2_tools.sys.ini</filename>
      <filename>zh-TW.mod_k2_user.sys.ini</filename>
      <filename>zh-TW.mod_k2_users.sys.ini</filename>
</files>
</fileset>
</extension>
