<?xml version="1.0" encoding="utf-8"?>
<addtomenu>
	<name>Add to Menu Component XML - com_flexicontent : Tag</name>
	<version>2.3.2FREE</version>
	<author>NoNumber (Peter van Westen)</author>
	<authorEmail>peter@nonumber.nl</authorEmail>
	<authorUrl>http://www.nonumber.nl</authorUrl>
	<copyright>Copyright © 2012 NoNumber All Rights Reserved</copyright>
	<license>http://www.gnu.org/licenses/gpl-2.0.html GNU/GPL</license>
	<description><![CDATA[
		This template is used when editing a FLEXIcontent item
	]]></description>

	<params>
		<!-- Name
		 * This is the name of the menu item type
		-->
		<name>FLEXICONTENT_TAGS</name>

		<!-- Adjust height
		 * If for some reason the height of the popup window is
		 * not big enough (or too big), you can adjust it
		 * (negative values are also permitted)
		-->
		<adjust_height>0</adjust_height>

		<!-- Requirements (get/post variables)
		 * -> Use '*' to match anything but empty
		 * -> Use '+' to match anything but false (empty/0/false)
		 * -> Use comma's to match any of multiple values
		-->
		<required>
			<view>tag</view>
			<cid>+</cid>
		</required>

		<!-- Database select
		 * Define what options to use to select the unique item
		 * You have to define table, where, name and alias
		 * If no db lookup is required, only define name (and alias)
		 * -> Use '$...' to use available variables
		-->
		<dbselect>
			<table>#__flexicontent_tags</table>
			<where>
				<id>$cid</id>
			</where>
			<name>name</name>
			<alias>alias</alias>
		</dbselect>

		<!-- Extra options
		 * Define what extra options to display
		 * For type, choose from:
		 * text, textarea, hidden (use value)
		 * select, radio (use values)
		 * -> Use '$...' to use available variables
		-->
		<extras>
			<extra>
				<name>FLEXI_NUM_PER_PAGE</name>
				<type>text</type>
				<param>limit</param>
				<value>10</value>
				<style>width:50px</style>
			</extra>
			<extra>
				<name>FLEXI_PRIMARY_ORDER</name>
				<type>select</type>
				<param>orderby</param>
				<values>
					<value>
						<name>Default</name>
						<value></value>
					</value>
					<value>
						<name>Oldest first</name>
						<value>date</value>
					</value>
					<value>
						<name>Most recent first</name>
						<value>rdate</value>
					</value>
					<value>
						<name>Title Alphabetical</name>
						<value>alpha</value>
					</value>
					<value>
						<name>Title Reverse-Alphabetical</name>
						<value>ralpha</value>
					</value>
					<value>
						<name>Author Alphabetical</name>
						<value>author</value>
					</value>
					<value>
						<name>Author Reverse-Alphabetical</name>
						<value>rauthor</value>
					</value>
					<value>
						<name>Most Hits</name>
						<value>hits</value>
					</value>
					<value>
						<name>Least Hits</name>
						<value>rhits</value>
					</value>
					<value>
						<name>Ordering</name>
						<value>order</value>
					</value>
				</values>
			</extra>
		</extras>

		<!-- URL parameters
		 * Define what the menu item url should contain
		 * -> Use '$...' to use available variables
		-->
		<urlparams>
			<option>com_flexicontent</option>
			<view>tags</view>
			<id>$cid</id>
		</urlparams>

		<!-- Menu item parameters
		 * Define the extra menu item params
		 * -> Use '$...' to use available variables
		-->
		<menuparams>
			<limit>$limit</limit>
			<orderby>$orderby</orderby>
		</menuparams>
	</params>
</addtomenu>