<?xml version="1.0" encoding="utf-8"?>
<install version="1.5" type="plugin" group="content" method="upgrade">
	<name>Content - RSForm! Pro</name>
	<author>RSJoomla</author>
	<creationDate>May 2008</creationDate>
	<copyright>(C) 2007-2010 www.rsjoomla.com</copyright>
	<license>GNU General Public License</license>
	<authorEmail>support@rsjoomla.com</authorEmail>
	<authorUrl>www.rsjoomla.com</authorUrl>
	<version>1.3.0</version>
	<description><![CDATA[Loads RSForm!Pro Forms within articles, Syntax: {rsform 1}; Make sure you publish the RSForm! Pro Content Plugin before you use it! Works with at least RSForm! Pro 1.3.0 REV30!]]></description>
	<files>
		<filename plugin="rsform">rsform.php</filename>
		<filename>index.html</filename>
	</files>
</install>