<?xml version="1.0" encoding="utf-8"?>
<extension version="2.5" type="component" method="upgrade">
	<name>Akeeba</name>
	<creationDate>2013-09-30</creationDate>
	<author>Nicholas K. Dionysopoulos</author>
	<authorEmail>nicholas@dionysopoulos.me</authorEmail>
	<authorUrl>http://www.akeebabackup.com</authorUrl>
	<copyright>Copyright (c)2006-2012 Nicholas K. Dionysopoulos</copyright>
	<license>GNU GPL v3 or later</license>
	<version>3.8.2</version>
	<description>Akeeba Backup Pro - Full Joomla! site backup solution, Professional Edition</description>

	<!-- Public front end files -->
	<files folder="frontend">
		<filename>akeeba.php</filename>
		<filename>dispatcher.php</filename>
		<filename>index.html</filename>
		<folder>controllers</folder>
		<folder>models</folder>
		<folder>views</folder>
	</files>

	<!-- Front end translation files -->
	<languages folder="language/frontend">
		<language tag="en-GB">en-GB/en-GB.com_akeeba.ini</language>
	</languages>

	<!-- SQL query files to execute on installation -->
	<install>
		<sql>
			<file driver="mysql" charset="utf8">sql/install/mysql/install.sql</file>
			<file driver="mysql">sql/install/mysql/install.sql</file>
			<file driver="mysqli" charset="utf8">sql/install/mysql/install.sql</file>
			<file driver="mysqli">sql/install/mysql/install.sql</file>

			<file driver="sqlazure">sql/install/sqlsrv/install.sql</file>
			<file driver="sqlazure" charset="utf8">sql/install/sqlsrv/install.sql</file>
			<file driver="sqlsrv">sql/install/sqlsrv/install.sql</file>
			<file driver="sqlsrv" charset="utf8">sql/install/sqlsrv/install.sql</file>
			
			<file driver="postgresql">sql/install/postgresql/install.sql</file>
			<file driver="postgresql" charset="utf8">sql/install/postgresql/install.sql</file>
		</sql>
	</install>

	<!-- SQL query files to execute on uninstallation -->
	<uninstall>
		<sql>
			<file driver="mysql" charset="utf8">sql/install/mysql/uninstall.sql</file>
			<file driver="mysql">sql/install/mysql/uninstall.sql</file>
			<file driver="mysqli" charset="utf8">sql/install/mysql/uninstall.sql</file>
			<file driver="mysqli">sql/install/mysql/uninstall.sql</file>
			
			<file driver="sqlazure">sql/install/sqlsrv/uninstall.sql</file>
			<file driver="sqlazure" charset="utf8">sql/install/sqlsrv/uninstall.sql</file>
			<file driver="sqlsrv">sql/install/sqlsrv/uninstall.sql</file>
			<file driver="sqlsrv" charset="utf8">sql/install/sqlsrv/uninstall.sql</file>
			
			<file driver="postgresql">sql/install/postgresql/uninstall.sql</file>
			<file driver="postgresql" charset="utf8">sql/install/postgresql/uninstall.sql</file>
		</sql>
	</uninstall>
	
	<!-- SQL files to run on update -->
	<update>
		<schemas>
			<schemapath type="mysql">sql/updates/mysql</schemapath>
			<schemapath type="sqlsrv">sql/updates/sqlsrv</schemapath>
			<schemapath type="sqlazure">sql/updates/sqlsrv</schemapath>
			<schemapath type="postgresql">sql/updates/postgresql</schemapath>
		</schemas>
	</update>
	
	<!-- Media files -->
	<media destination="com_akeeba" folder="media">
		<folder>js</folder>
		<folder>theme</folder>
		<folder>icons</folder>
		<folder>plugins</folder>
		<filename>changelog.png</filename>
	</media>

	<!-- Administrator back-end section -->
	<administration>
		<!-- Administration menu -->
		<menu view="cpanel"
			img="../media/com_akeeba/icons/akeeba-16.png">COM_AKEEBA</menu>

		<!-- Back-end files -->
		<files folder="backend">
			<filename>akeeba.php</filename>
			<filename>dispatcher.php</filename>
			<filename>fof.xml</filename>
			<filename>index.html</filename>
			<filename>toolbar.php</filename>
			<filename>restore.php</filename>
			<filename>version.php</filename>
			<filename>config.xml</filename>
			<filename>access.xml</filename>
			<filename>CHANGELOG.php</filename>

			<folder>akeeba</folder>
			<folder>assets</folder>
			<folder>backup</folder>
			<folder>controllers</folder>
			<folder>helpers</folder>
			<folder>liveupdate</folder>
			<folder>models</folder>
			<folder>plugins</folder>
			<folder>sql</folder>
			<folder>tables</folder>
			<folder>views</folder>
		</files>

		<!-- Back-end translation files -->
		<languages folder="language/backend">
			<language tag="en-GB">en-GB/en-GB.com_akeeba.ini</language>
			<language tag="en-GB">en-GB/en-GB.com_akeeba.sys.ini</language>
			<language tag="en-GB">en-GB/en-GB.com_akeeba.menu.ini</language>
		</languages>

	</administration>

	<!-- Installation / uninstallation script file -->
	<scriptfile>script.akeeba.php</scriptfile>
	
	<!-- Update servers -->
	<!--
	<updateservers>
		<server type="extension" priority="1" name="Akeeba Backup Professional"><![CDATA[https://www.akeebabackup.com/index.php?option=com_ars&view=update&task=stream&format=xml&id=2]]></server>
	</updateservers>
	-->	

	<restorepoint>
		<customdirs>
			<dir>administrator/modules/mod_akadmin</dir>
			<dir>plugins/system/akeebaupdatecheck</dir>
			<dir>plugins/system/aklazy</dir>
			<dir>plugins/system/oneclickaction</dir>
			<dir>plugins/system/srp</dir>
		</customdirs>
		<customfiles>
			<file>plugins/system/akeebaupdatecheck.php</file>
			<file>plugins/system/akeebaupdatecheck.xml</file>
			<file>plugins/system/aklazy.php</file>
			<file>plugins/system/aklazy.xml</file>
			<file>plugins/system/oneclickaction.php</file>
			<file>plugins/system/oneclickaction.xml</file>
			<file>plugins/system/srp.php</file>
			<file>plugins/system/srp.xml</file>
		</customfiles>
		<langfiles>
			<lang>mod_akadmin</lang>
			<lang>plg_system_akeebaupdatecheck</lang>
			<lang>plg_system_aklazy</lang>
			<lang>plg_system_oneclickaction</lang>
			<lang>plg_system_srp</lang>
		</langfiles>
		<extraprefixes>
			<prefix>ak</prefix>
		</extraprefixes>
	</restorepoint>
</extension>