<?xml version="1.0" encoding="utf-8"?>
<metadata>
	<layout title="com_userxtd_api_title" option="com_userxtd_api_option">
		<help
			key = "COM_USERXTD_API_MENU_MANAGER_HELP"
		/>
		<message>
			<![CDATA[COM_USERXTD_API_MENU_MANAGER_DESC]]>
		</message>
	</layout>

	<!-- Add fields to the request variables for the layout. -->
	<fields name="request">
		<fieldset name="request"
			addfieldpath="/administrator/components/com_userxtd/models/fields">

			<field name="format" type="text"
				label="COM_USERXTD_SELECT_FIELD"
				required="true"
				description="CCOM_USERXTD_SELECT_FIELD_DESC"
				default="json"
			/>
		</fieldset>
	</fields>
</metadata>
