<?xml version="1.0" encoding="utf-8"?>
<install type="component" version="1.5" method="upgrade">
	<name>RSMediaGallery!</name>
	<creationDate>November 2011</creationDate>
	<author>RSJoomla!</author>
	<copyright>(C) 2011-2012 www.rsjoomla.com</copyright>
	<license>http://www.gnu.org/copyleft/gpl.html GNU/GPL</license> 
	<authorEmail>support@rsjoomla.com</authorEmail>
	<authorUrl>www.rsjoomla.com</authorUrl>
	<version>1.0.0 R4</version>
	<description>RSMG_DESCRIPTION</description>
	<installfile>install.rsmediagallery.php</installfile>
	<uninstallfile>uninstall.rsmediagallery.php</uninstallfile>	
	<install>
		<sql>
			<file driver="mysql" charset="utf8">install.mysql.utf8.sql</file>			
			<file driver="mysql">install.mysql.nonutf8.sql</file>
		</sql>
	</install>
	<uninstall>
		<sql>
			<file driver="mysql" charset="utf8">uninstall.mysql.sql</file>
			<file driver="mysql">uninstall.mysql.sql</file>
		</sql>
	</uninstall>
	<files folder="site">
		<folder>assets</folder>
		<folder>controllers</folder>
		<folder>models</folder>
		<folder>views</folder>
		<filename>controller.php</filename>
		<filename>index.html</filename>
		<filename>rsmediagallery.php</filename>
		<filename>router.php</filename>
	</files>
	<languages>
		<language tag="en-GB">site/language/en-GB/en-GB.com_rsmediagallery.ini</language>
	</languages>
	<administration>
		<menu img="components/com_rsmediagallery/assets/images/rsmediagallery.gif">RSMediaGallery</menu>
		<files folder="admin">
			<folder>assets</folder>
			<folder>controllers</folder>
			<folder>elements</folder>
			<folder>fields</folder>
			<folder>helpers</folder>
			<folder>models</folder>
			<folder>tables</folder>
			<folder>views</folder>
			<filename>install.mysql.utf8.sql</filename>
			<filename>install.mysql.nonutf8.sql</filename>
			<filename>uninstall.mysql.sql</filename>
			
			<filename>config.xml</filename>
			<filename>controller.php</filename>
			<filename>index.html</filename>
			<filename>rsmediagallery.php</filename>
		</files>
		<languages>
			<language tag="en-GB">admin/language/en-GB/en-GB.com_rsmediagallery.ini</language>
			<language tag="en-GB">admin/language/en-GB/en-GB.com_rsmediagallery.common.ini</language>
			<language tag="en-GB">admin/language/en-GB/en-GB.com_rsmediagallery.menu.ini</language>
			<language tag="en-GB">admin/language/en-GB/en-GB.com_rsmediagallery.sys.ini</language>
			<language tag="en-GB">admin/language/en-GB/en-GB.rsmediagallery.sys.ini</language>
		</languages>
	</administration>
</install>