<?xml version="1.0" encoding="utf-8" standalone="no"?>
<extension group="content" method="upgrade" type="plugin" version="2.5">
	<name>Content - RokInjectModule</name>
    <creationDate>October 29, 2012</creationDate>
    <author>RocketTheme, LLC</author>
    <authorEmail>support@rockettheme.com</authorEmail>
    <authorUrl>http://www.rockettheme.com</authorUrl>
    <copyright>(C) 2005 - 2012 RocketTheme, LLC. All rights reserved.</copyright>
    <license>http://www.gnu.org/copyleft/gpl.html GNU/GPL</license>
    <version>1.3</version>
	<description>RokInjectModule Content Plugin.  Use format [module-{moduleid}] in your article to inject a module. You can also specify a style, eg: [module-28 style=xhtml]</description>
	<files>
		<filename>index.html</filename>
        <filename plugin="rokinjectmodule">rokinjectmodule.php</filename>
        <filename>checksums</filename>
    </files>
</extension>
