<?xml version="1.0" encoding="utf-8"?>
<extension type="package" version="2.5" method="upgrade">
	<name>ZOO Package</name>
	<author>YOOtheme</author>
	<creationDate>October 2012</creationDate>
	<packagename>zoo</packagename>
	<version>3.0.8</version>
	<updateUrl>http://www.yootheme.com/updates</updateUrl>
	<copyright>Copyright (C) YOOtheme GmbH</copyright>
	<license>http://www.gnu.org/licenses/gpl.html GNU/GPL</license>
	<assetsLicense>YOOtheme Proprietary Use License (http://www.yootheme.com/license)</assetsLicense>
	<authorEmail>info@yootheme.com</authorEmail>
	<authorUrl>http://www.yootheme.com</authorUrl>
	<description><![CDATA[<a href="http://joomlana.net" target="_blank"><img src="http://joomlana.net/Joomlana%20Enterprise.png" width="360" height="115" alt="Joomlana.net" /></a><br/>]]>ZOO component and extensions for Joomla 2.5+ developed by YOOtheme (http://www.yootheme.com)</description>
	<files folder="packages">
		<file type="component" id="com_zoo" >com_zoo.zip</file>
		<file type="module" id="mod_zoocategory" client="site">mod_zoocategory.zip</file>
		<file type="module" id="mod_zoocomment" client="site">mod_zoocomment.zip</file>
		<file type="module" id="mod_zooitem" client="site">mod_zooitem.zip</file>
		<file type="module" id="mod_zooquickicon" client="administrator">mod_zooquickicon.zip</file>
		<file type="module" id="mod_zootag" client="site">mod_zootag.zip</file>
		<file type="plugin" id="zooshortcode" group="content">plg_content_zooshortcode.zip</file>
		<file type="plugin" id="zoosmartsearch" group="finder">plg_finder_zoosmartsearch.zip</file>
		<file type="plugin" id="zoosearch" group="search">plg_search_zoosearch.zip</file>
		<file type="plugin" id="zooevent" group="system">plg_sys_zooevent.zip</file>
	</files>
	<scriptfile>file.script.php</scriptfile>
</extension>