<?xml version="1.0" encoding="UTF-8" ?>
<extension type="package" version="1.6">
<name>Deutsch</name>
<packagename>de-DE</packagename>
<version>1.6</version>
<url></url>
<packager></packager>
<packagerurl></packagerurl>
<description><![CDATA[
<div align="center">
     <table border="0" width="90%">
	    <tr>
		    <td width="100%" colspan="2">
		     <div><b>Das Deutsche Sprachpaket für RS Form Pro 1.4.0 wurde installiert</b></div><hr />
		    </td>
	    </tr>
	    <tr>
		    <td width="20%"><b>Sprache:</b></td>
			<td>Deutsch</td>
	    </tr>
	    <tr>
		    <td width="20%"><b>Bereich:</b></td>
			<td>Site (Frontend) & Administrator (Backend) mit allen mitgelieferten Modulen und Plugins</td>
	    </tr>
	    <tr>
		    <td width="20%"><b>Version:</b></td>
		    <td>1.4.0</td>
	    </tr>
	    <tr>
		    <td width="20%"><b>Autor:</b></td>
		    <td>Norbert Graup - <a href="http://www.nobbis.net" target="_blank">Nobbi´s Net</a></td>
	    </tr>		
	    <tr>
		    <td width="100%" colspan="2">
		    <font color="#008000">Fehler und/oder Änderungswünsche bitte im Forum auf <a href="http://www.nobbis.net" target="_blank">www.nobbis.net</a> posten.</font>
			</td>
	    </tr>
		<tr>
		    <td width="20%"><b>Wir würden uns sehr über eine kleine Unterstützung bei unserer Arbeit freuen. Danke!</b></td>
		    <td><form action="https://www.paypal.com/cgi-bin/webscr" method="post">
<input type="hidden" name="cmd" value="_s-xclick">
<input type="hidden" name="hosted_button_id" value="N3C7YYS3LBZV4">
<input type="image" src="https://www.paypalobjects.com/de_DE/DE/i/btn/btn_donateCC_LG.gif" border="0" name="submit" alt="Jetzt einfach, schnell und sicher einen kleinen Betrag spenden – mit PayPal.">
<img alt="" border="0" src="https://www.paypalobjects.com/de_DE/i/scr/pixel.gif" width="1" height="1">
</form>
</td>
	    </tr>	
    </table>
</div>]]></description>
<files>
    <file type="language" client="site" id="de-DE">site</file>
    <file type="language" client="administrator" id="de-DE">admin</file>
</files>
</extension>