<?xml version="1.0" encoding="utf-8"?>
<install client="both" method="upgrade" type="language" version="1.5">
<name>RS Form Pro - Deutsch</name>
<author>Norbert Graup</author>
<tag>de-DE</tag>	
<creationDate>Juni 2011</creationDate>
<copyright>Copyright (C) 2010. All rights reserved.</copyright>
<license>http://www.gnu.org/licenses/gpl-2.0.html GNU/GPL</license>
<authorEmail>language@nobbis.net</authorEmail>
<authorUrl>http://www.nobbis.net</authorUrl>
<version>1.4.0</version>
<description><![CDATA[
<div align="center">
     <table border="0" width="90%">
	    <tr>
		    <td width="100%" colspan="2">
		     <div><b>Das Deutsche Sprachpaket für RS Form Pro 1.4.0 wurde installiert</b></div><hr />
		    </td>
	    </tr>
	    <tr>
		    <td width="20%"><b>Sprache:</b></td>
			<td>Deutsch</td>
	    </tr>
	    <tr>
		    <td width="20%"><b>Bereich:</b></td>
			<td>Site (Frontend) & Administrator (Backend) mit allen mitgelieferten Modulen und Plugins</td>
	    </tr>
	    <tr>
		    <td width="20%"><b>Version:</b></td>
		    <td>1.4.0</td>
	    </tr>
	    <tr>
		    <td width="20%"><b>Autor:</b></td>
		    <td>Norbert Graup - <a href="http://www.nobbis.net" target="_blank">Nobbi´s Net</a></td>
	    </tr>		
	    <tr>
		    <td width="100%" colspan="2">
		    <font color="#008000">Fehler und/oder Änderungswünsche bitte im Forum auf <a href="http://www.nobbis.net" target="_blank">www.nobbis.net</a> posten.</font>
			</td>
	    </tr>
		<tr>
		    <td width="20%"><b>Wir würden uns sehr über eine kleine Unterstützung bei unserer Arbeit freuen. Danke!</b></td>
		    <td><form action="https://www.paypal.com/cgi-bin/webscr" method="post">
<input type="hidden" name="cmd" value="_s-xclick">
<input type="hidden" name="hosted_button_id" value="N3C7YYS3LBZV4">
<input type="image" src="https://www.paypalobjects.com/de_DE/DE/i/btn/btn_donateCC_LG.gif" border="0" name="submit" alt="Jetzt einfach, schnell und sicher einen kleinen Betrag spenden – mit PayPal.">
<img alt="" border="0" src="https://www.paypalobjects.com/de_DE/i/scr/pixel.gif" width="1" height="1">
</form>
</td>
	    </tr>	
    </table>
</div>]]></description>
	
<administration>
	<files folder="admin">
			<filename>de-DE.com_rsform.ini</filename>
			<filename>de-DE.com_rsform.menu.ini</filename>
			<filename>de-DE.com_rsform.sys.ini</filename>
			<filename>de-DE.plg_system_rsfpgoogle.ini</filename>
			<filename>de-DE.plg_system_rsfpmailchimp.ini</filename>
			<filename>de-DE.plg_system_rsfpmappings.ini</filename>
			<filename>de-DE.plg_system_rsfppaypal.ini</filename>
			<filename>de-DE.plg_system_rsfprecaptcha.ini</filename>
			<filename>de-DE.plg_system_rsfprsevents.ini</filename>
			<filename>de-DE.plg_system_rsfpsalesforce.ini</filename>
			<filename>de-DE.plg_system_rsfpakismet.ini</filename>
			<filename>de-DE.plg_system_rsfpconstantcontact.ini</filename>
			<filename>de-DE.plg_system_rsfpmigration.ini</filename>
			<filename>de-DE.plg_system_rsfpregistration.ini</filename>
	</files>
</administration>

      <site>
        <files folder="site">
			<filename>de-DE.com_rsform.ini</filename>
			<filename>de-DE.mod_rsform_feedback.ini</filename>
			<filename>de-DE.mod_rsform_list.ini</filename>
        </files>
      </site>
</install>