<?xml version="1.0" encoding="utf-8"?>
<!--schema-->
<commands>
    <command>
        <name>help</name>
        <title>WF_HELP_TITLE</title>
        <description>WF_HELP_DESC</description>
        <icon>help</icon>
        <editable>0</editable>
        <row>1</row>
        <core>1</core>
    </command>
    <command>
        <title>WF_UNDO_TITLE</title>
        <description>WF_UNDO_DESC</description>
        <name>undo</name>
        <core>1</core>
        <icon>undo</icon>
        <row>1</row>
        <editable>0</editable>
    </command>
    <command>
        <title>WF_REDO_TITLE</title>
        <description>WF_REDO_DESC</description>
        <name>redo</name>
        <core>1</core>
        <icon>redo</icon>
        <row>1</row>
        <editable>0</editable>
    </command>
    <command>
        <title>WF_BOLD_TITLE</title>
        <description>WF_BOLD_DESC</description>
        <name>bold</name>
        <core>1</core>
        <icon>bold</icon>
        <row>1</row>
        <editable>0</editable>
    </command>
    <command>
        <title>WF_ITALIC_TITLE</title>
        <description>WF_ITALIC_DESC</description>
        <name>italic</name>
        <core>1</core>
        <icon>italic</icon>
        <row>1</row>
        <editable>0</editable>
    </command>
    <command>
        <title>WF_UNDERLINE_TITLE</title>
        <description>WF_UNDERLINE_DESC</description>
        <name>underline</name>
        <core>1</core>
        <icon>underline</icon>
        <row>1</row>
        <editable>0</editable>
    </command>
    <command>
        <title>WF_FONTSELECT_TITLE</title>
        <description>WF_FONTSELECT_DESC</description>
        <name>fontselect</name>
        <core>1</core>
        <icon>fontselect</icon>
        <row>2</row>
        <editable>0</editable>
    </command>
    <command>
        <title>WF_FONTSIZESELECT_TITLE</title>
        <description>WF_FONTSIZESELECT_DESC</description>
        <name>fontsizeselect</name>
        <core>1</core>
        <icon>fontsizeselect</icon>
        <row>2</row>
        <editable>0</editable>
    </command>
    <command>
        <title>WF_STYLESELECT_TITLE</title>
        <description>WF_STYLESELECT_DESC</description>
        <name>styleselect</name>
        <core>1</core>
        <icon>styleselect</icon>
        <row>1</row>
        <editable>0</editable>
    </command>
    <command>
        <title>WF_STRIKETHROUGH_TITLE</title>
        <description>WF_STRIKETHROUGH_DESC</description>
        <name>strikethrough</name>
        <core>1</core>
        <icon>strikethrough</icon>
        <row>1</row>
        <editable>0</editable>
    </command>
    <command>
        <title>WF_JUSTIFYFULL_TITLE</title>
        <description>WF_JUSTIFYFULL_DESC</description>
        <name>justifyfull</name>
        <core>1</core>
        <icon>justifyfull</icon>
        <row>1</row>
        <editable>0</editable>
    </command>
    <command>
        <title>WF_JUSTIFYCENTER_TITLE</title>
        <description>WF_JUSTIFYCENTER_DESC</description>
        <name>justifycenter</name>
        <core>1</core>
        <icon>justifycenter</icon>
        <row>1</row>
        <editable>0</editable>
    </command>
    <command>
        <title>WF_JUSTIFYLEFT_TITLE</title>
        <description>WF_JUSTIFYLEFT_DESC</description>
        <name>justifyleft</name>
        <core>1</core>
        <icon>justifyleft</icon>
        <row>1</row>
        <editable>0</editable>
    </command>
    <command>
        <title>WF_JUSTIFYRIGHT_TITLE</title>
        <description>WF_JUSTIFYRIGHT_DESC</description>
        <name>justifyright</name>
        <core>1</core>
        <icon>justifyright</icon>
        <row>1</row>
        <editable>0</editable>
    </command>
    <command>
        <title>WF_FORMATSELECT_TITLE</title>
        <description>WF_FORMATSELECT_DESC</description>
        <name>formatselect</name>
        <core>1</core>
        <icon>formatselect</icon>
        <row>1</row>
        <editable>0</editable>
    </command>
    <command>
        <title>WF_NEWDOCUMENT_TITLE</title>
        <description>WF_NEWDOCUMENT_DESC</description>
        <name>newdocument</name>
        <core>1</core>
        <icon>newdocument</icon>
        <row>1</row>
        <editable>0</editable>
    </command>
    <command>
        <title>WF_FORECOLOR_TITLE</title>
        <description>WF_FORECOLOR_DESC</description>
        <name>forecolor</name>
        <core>1</core>
        <icon>forecolor</icon>
        <row>2</row>
        <editable>0</editable>
    </command>
    <command>
        <title>WF_BACKCOLOR_TITLE</title>
        <description>WF_BACKCOLOR_DESC</description>
        <name>backcolor</name>
        <core>1</core>
        <icon>backcolor</icon>
        <row>2</row>
        <editable>0</editable>
    </command>
    <command>
        <title>WF_UNLINK_TITLE</title>
        <description>WF_UNLINK_DESC</description>
        <name>unlink</name>
        <core>1</core>
        <icon>unlink</icon>
        <row>4</row>
        <editable>0</editable>
    </command>
    <command>
        <title>WF_INDENT_TITLE</title>
        <description>WF_INDENT_DESC</description>
        <name>indent</name>
        <core>1</core>
        <icon>indent</icon>
        <row>2</row>
        <editable>0</editable>
    </command>
    <command>
        <title>WF_OUTDENT_TITLE</title>
        <description>WF_OUTDENT_DESC</description>
        <name>outdent</name>
        <core>1</core>
        <icon>outdent</icon>
        <row>2</row>
        <editable>0</editable>
    </command>
    <command>
        <title>WF_BLOCKQUOTE_TITLE</title>
        <description>WF_BLOCKQUOTE_DESC</description>
        <name>blockquote</name>
        <core>1</core>
        <icon>blockquote</icon>
        <row>1</row>
        <editable>0</editable>
    </command>
    <!--command>
        <title>WF_NUMLIST_TITLE</title>
        <description>WF_NUMLIST_DESC</description>
        <name>numlist</name>
        <core>1</core>
        <icon>numlist</icon>
        <row>2</row>
        <editable>0</editable>
    </command>
    <command>
        <title>WF_BULLIST_TITLE</title>
        <description>WF_BULLIST_DESC</description>
        <name>bullist</name>
        <core>1</core>
        <icon>bullist</icon>
        <row>2</row>
        <editable>0</editable>
    </command-->
    <!--command>
          		<title>WF_ANCHOR_TITLE</title>
          		<description>WF_ANCHOR_DESC</description>
          		<name>anchor</name>
          		<core>1</core>
          		<icon>anchor</icon>
          		<row>4</row>
          		<editable>0</editable>
   	</command-->
    <!--command name="cleanup">
   	<title>WF_CLEANUP_TITLE</title>
   	<description>WF_CLEANUP_DESC</description>
   	<name>cleanup</name>
   	<core>1</core>
   	<icon>cleanup</icon>
   	<row>1</row>
   	<editable>0</editable>>
   	</command-->
    <command>
        <title>WF_CHARMAP_TITLE</title>
        <description>WF_CHARMAP_DESC</description>
        <name>charmap</name>
        <core>1</core>
        <icon>charmap</icon>
        <row>2</row>
        <editable>0</editable>
    </command>
    <command>
        <title>WF_REMOVEFORMAT_TITLE</title>
        <description>WF_REMOVEFORMAT_DESC</description>
        <name>removeformat</name>
        <core>1</core>
        <icon>removeformat</icon>
        <row>1</row>
        <editable>0</editable>
    </command>
    <command>
        <title>WF_HR_TITLE</title>
        <description>WF_HR_DESC</description>
        <name>hr</name>
        <core>1</core>
        <icon>hr</icon>
        <row>3</row>
        <editable>0</editable>
    </command>
    <command>
        <title>WF_SUB_TITLE</title>
        <description>WF_SUB_DESC</description>
        <name>sub</name>
        <core>1</core>
        <icon>sub</icon>
        <row>2</row>
        <editable>0</editable>
    </command>
    <command>
        <title>WF_SUP_TITLE</title>
        <description>WF_SUP_DESC</description>
        <name>sup</name>
        <core>1</core>
        <icon>sup</icon>
        <row>2</row>
        <editable>0</editable>
    </command>
    <command>
        <title>WF_VISUALAID_TITLE</title>
        <description>WF_VISUALAID_DESC</description>
        <name>visualaid</name>
        <core>1</core>
        <icon>visualaid</icon>
        <row>4</row>
        <editable>0</editable>
    </command>
</commands>
<!--/schema-->