<?xml version="1.0" encoding="UTF-8"?>
<type version="1.0.0" name="Article">
  <params>
    <param type="relateditems" identifier="fc5a6788-ffae-41d9-a812-3530331fef64" name="Author" description="">
      <selectable_type value="author"/>
    </param>
    <param type="text" identifier="08795744-c2dc-4a68-8252-4e21c4c4c774" name="Subtitle" description="" default="" repeatable="0"/>
    <param type="textarea" identifier="2e3c9e69-1f9e-4647-8d13-4e88094d2790" name="Text" description="" default="" jplugins="1" repeatable="1"/>
    <param type="image" identifier="cdce6654-4e01-4a7f-9ed6-0407709d904c" name="Teaser Image" description="" load_lightbox="0" upload_directory="images/stories/zoo/uploads/" max_upload_size="512"/>
    <param type="image" identifier="c26feca6-b2d4-47eb-a74d-b067aaae5b90" name="Image" description="" load_lightbox="0" upload_directory="images/stories/zoo/uploads/" max_upload_size="512"/>
    <param type="video" identifier="ff1ed5b5-4365-457e-98bb-026366028bd7" name="Video" description="" directory="images/stories"/>
    <param type="socialbookmarks" identifier="6af341e4-f0e9-4605-b2a5-60d7a3525a96" name="Social Bookmarks" description="" google="1" technorati="1" yahoo="1" delicious="1" stumbleupon="1" digg="1" facebook="1" reddit="1" myspace="1" live="1" twitter="1" email="1"/>
    <param type="relateditems" identifier="65b7851d-199f-4ac6-95a7-409ad1bca488" name="Related Articles" description="">
      <selectable_type value="article"/>
    </param>
    <param type="link" identifier="fdcbebaa-e61a-462d-963e-aff74ff95499" name="External Related Articles" description="" repeatable="1"/>
  </params>
</type>
