<?xml version="1.0" encoding="utf-8"?>
<element type="date" group="Form" orderable="true">
	<name>Date</name>
	<author>YOOtheme</author>
	<creationDate>August 2011</creationDate>
	<copyright>Copyright (C) YOOtheme GmbH</copyright>
	<authorEmail>info@yootheme.com</authorEmail>
	<authorUrl>http://www.yootheme.com</authorUrl>
	<version>2.5.0</version>
	<description>HTML Date</description>
	<params group="render">
		<param name="date_format" type="list" default="0" label="Date Format" description="CHOOSE_DATE_FORMAT">
			<option value="%A, %d %B %Y">%A, %d %B %Y</option>
			<option value="%A, %d %B %Y %H:%M">%A, %d %B %Y %H:%M</option>
			<option value="%d %B %Y">%d %B %Y</option>
			<option value="%d.%m.%y">%d.%m.%y</option>
			<option value="%Y-%m-%d">%Y-%M-%D</option>
			<option value="custom">custom format</option>
		</param>
		<param name="custom_format" type="text" default="" label="Custom format" description="CHOOSE_CUSTOM_FORMAT" />
		<param name="separated_by" type="zoolist" default="Space" label="Separated by" description="CHOOSE_SEPARATOR_REPEATED_ELEMENTS">
			<option name="Space"><![CDATA[separator=[ ]]]></option>
			<option name="Comma"><![CDATA[separator=[, ]]]></option>
			<option name="Hyphen"><![CDATA[separator=[ - ]]]></option>
			<option name="Pipe"><![CDATA[separator=[ | ]]]></option>
			<option name="Break"><![CDATA[separator=[<br />]]]></option>
			<option name="Span"><![CDATA[tag=[<span>%s</span>]]]></option>
			<option name="Paragraph"><![CDATA[tag=[<p>%s</p>]]]></option>
			<option name="Div"><![CDATA[tag=[<div>%s</div>]]]></option>
			<option name="List Item"><![CDATA[tag=[<li>%s</li>]]]></option>
			<option name="Unordered List"><![CDATA[tag=[<li>%s</li>] enclosing_tag=[<ul>%s</ul>]]]></option>
			<option name="Ordered List"><![CDATA[tag=[<li>%s</li>] enclosing_tag=[<ol>%s</ol>]]]></option>
			<option name="Warp Item"><![CDATA[tag=[<article class="item">%s</article>]]]></option>
		</param>
	</params>
</element>