<?xml version="1.0" encoding="utf-8"?>
<extension type="package" version="1.6">
  <packagename>moofaq</packagename>
  <name>MooFAQ</name>
  <creationDate>02-Jul-2012</creationDate>
  <author>Douglas Machado</author>
  <authorEmail>admin@fok.com.br</authorEmail>
  <authorUrl>http://idealextensions.com</authorUrl>
  <copyright>Ideal Extensions for Joomla. All rights reserved.</copyright>
  <license>http://www.gnu.org/licenses/gpl-2.0.html GNU/GPL</license>
  <version>2.5.5</version>
  <description>MooFAQ component, plugin and modules</description>
  <files>
    <file type="component" id="com_moofaq">com_moofaq_2.5.4__20120702_1150.zip</file>
    <file type="module" id="mod_site_moofaq">mod_site_moofaq_2.5.5__20120702_1150.zip</file>
    <file type="module" id="mod_site_moofaq_search">mod_site_moofaq_search_2.5.5__20120702_1150.zip</file>
    <file type="plugin" id="plg_content_moofaq">plg_content_moofaq_2.5.5__20120702_1150.zip</file>
    <file type="plugin" id="plg_editors-xtd_moofaq">plg_editors-xtd_moofaq_2.5.5__20120702_1150.zip</file>
  </files>
  <params/>
  <config/>
</extension>
