<?xml version="1.0" encoding="utf-8"?>
<install type="module" version="1.5.0" method="upgrade">
	<name>EasyBlog Archive</name>
	<author>StackIdeas</author>
	<creationDate>14/05/2012</creationDate>
	<copyright>Copyright 2009 - 2012 Stack Ideas. All rights reserved.</copyright>
	<license>GPL License</license>
	<authorEmail>support@stackideas.com</authorEmail>
	<authorUrl>http://stackideas.com</authorUrl>
	<version>3.5.4</version>
	<description>
		<![CDATA[
		The module displays a list of archived months in years for blog posts created within EasyBlog.
		]]>
	</description>
	<languages>
		<language tag="en-GB">en-GB.mod_easyblogarchive.ini</language>
		<language tag="da-Dk">da-Dk.mod_easyblogarchive.ini</language>
		<language tag="fr-FR">fr-FR.mod_easyblogarchive.ini</language>
		<language tag="sv-SE">sv-SE.mod_easyblogarchive.ini</language>
	</languages>
	<files>
		<filename module="mod_easyblogarchive">mod_easyblogarchive.php</filename>
		<filename>index.html</filename>
		<folder>tmpl</folder>
	</files>
	<params addpath="/administrator/components/com_easyblog/elements">
		<param name="moduleclass_sfx" type="text" default="" label="Module Class Suffix" description="PARAMMODULECLASSSUFFIX" />
		<param name="@spacer" type="spacer" default="" label="" description="" />
		<param name="count" type="text" default="0" label="Count" description="The number of years to display (set it to 0 to display all)." />
		<param name="showfuture" type="list" default="0" label="Show Future Months" description="Show or hide the future months from being displayed in the module.">
			<option value="0">No</option>
			<option value="1">Yes</option>
		</param>
		<param name="showempty" type="list" default="1" label="Show Empty Months" description="Show or hide the empty months from being displayed in the module.">
			<option value="0">No</option>
			<option value="1">Yes</option>
		</param>
		<param name="collapse" type="list" default="0" label="Collapse months display" description="If yes, all months will display in collapase format">
			<option value="0">No</option>
			<option value="1">Yes</option>
		</param>
		<param name="catid" type="multicategories" label="Category ID" description="Only select blog posts from specific categories. Separate each category id with a comma. E.g: 1,2,3 . Leave empty to select from all categories." />
		<param name="excatid" type="text" label="Exclude Category ID" description="Exclude blog posts from specific categories. Separate each category id with a comma. E.g: 1,2,3 . Leave empty if no category should be excluded." />
		<param name="menuitemid" type="menuitem" default="" label="Use Menu Item" description="Use this menu item id when generate links." />

	</params>
	<params group="advanced">
		<param name="cache" type="list" default="0" label="Caching" description="Select whether to cache the content of this module">
			<option value="1">Use global</option>
			<option value="0">No caching</option>
		</param>
		<param name="cache_time" type="text" default="900" label="Cache Time" description="The time before the module is recached" />
	</params>

	<config>
		<fields name="params" addfieldpath="/administrator/components/com_easyblog/elements/fields">
			<fieldset name="basic">
				<field name="menuitemid" type="modal_easyblogmenuitem" default="" label="Use Menu Item" description="Select menu item if you have choose to use 'menu item' as routing type" state="1" />
				<field name="count" type="text" default="0" label="Count" description="The number of years to display (set it to 0 to display all)." />
				<field name="showfuture" type="list" default="1" label="Show Future Months" description="Show or hide the future months from being displayed in the module.">
					<option value="0">No</option>
					<option value="1">Yes</option>
				</field>
				<field name="showempty" type="list" default="1" label="Show Empty Months" description="Show or hide the empty months from being displayed in the module.">
					<option value="0">No</option>
					<option value="1">Yes</option>
				</field>
				<field name="showemptyyear" type="list" default="1" label="Show Empty Years" description="Show or hide the empty years from being displayed in the module.">
					<option value="0">No</option>
					<option value="1">Yes</option>
				</field>
				<field name="collapse" type="list" default="0" label="Collapse months display" description="If yes, all months will display in collapase format">
					<option value="0">No</option>
					<option value="1">Yes</option>
				</field>
				<field name="catid" type="modal_multicategories" label="Category ID" description="Only select blog posts from specific categories. Separate each category id with a comma. E.g: 1,2,3 . Leave empty to select from all categories" />
				<param name="excatid" type="text" label="Exclude Category ID" description="Exclude blog posts from specific categories. Separate each category id with a comma. E.g: 1,2,3 . Leave empty if no category should be excluded." />
			</fieldset>
			<fieldset name="advanced">
				<field name="moduleclass_sfx" type="text" label="COM_MODULES_FIELD_MODULECLASS_SFX_LABEL" description="COM_MODULES_FIELD_MODULECLASS_SFX_DESC" />
				<field name="cache" type="list" default="0" label="COM_MODULES_FIELD_CACHING_LABEL" description="COM_MODULES_FIELD_CACHING_DESC">
					<option value="1">JGLOBAL_USE_GLOBAL</option>
					<option value="0">COM_MODULES_FIELD_VALUE_NOCACHING</option>
				</field>
				<field name="cache_time" type="text" default="900" label="COM_MODULES_FIELD_CACHE_TIME_LABEL" description="COM_MODULES_FIELD_CACHE_TIME_DESC" />
			</fieldset>
		</fields>
	</config>
</install>
