<?xml version="1.0" encoding="utf-8"?>
<extension version="2.5" type="module" client="site" method="upgrade">
    <name>JSN UniForm</name>		
    <version>1.1.0</version>	
    <creationDate>01/09/2013</creationDate>
    <author>JoomlaShine.com</author>
    <authorEmail>admin@joomlashine.com</authorEmail>
    <authorUrl>www.joomlashine.com</authorUrl>
    <copyright>Copyright (C) 2012 JoomlaShine.com. All Rights Reserved.</copyright>
    <license>GNU/GPL v2 or later http://www.gnu.org/licenses/gpl-2.0.html</license>
    <description>JSN_UNIFORM_MODULE_DES</description>
    <files>
	<filename module="mod_uniform">mod_uniform.php</filename>
	<filename>index.html</filename>
	<folder>tmpl</folder>
    </files>
     <config>
	<fields name="params">
	    <fieldset addfieldpath="/administrator/components/com_uniform/elements" name="basic">
		<field name="form_id" type="jsnlistform" section="com_uniform" default="0" label="JSN_UNIFORM_MODULE_LIST_FORM" description="JSN_UNIFORM_MODULE_LIST_FORM_DES" />
	    </fieldset>
	    <fieldset name="advanced">
		<field name="moduleclass_sfx" type="text" label="COM_MODULES_FIELD_MODULECLASS_SFX_LABEL" description="COM_MODULES_FIELD_MODULECLASS_SFX_DESC" />
		<field name="cache" type="list" default="1" label="COM_MODULES_FIELD_CACHING_LABEL" description="COM_MODULES_FIELD_CACHING_DESC">
		    <option value="1">JGLOBAL_USE_GLOBAL</option>
		    <option value="0">COM_MODULES_FIELD_VALUE_NOCACHING</option>
		</field>
		<field name="cache_time" type="text" default="900" label="COM_MODULES_FIELD_CACHE_TIME_LABEL" description="COM_MODULES_FIELD_CACHE_TIME_DESC" />
	    </fieldset>
	</fields>
    </config>
</extension>