<?xml version="1.0" encoding="utf-8"?>
<extension type="component" version="1.6.0" method="upgrade">
	<name>com_djcatalog2</name>
   	<creationDate>January 2013</creationDate>
	<author>DJ-Extensions.com LTD</author>
	<copyright>Copyright (C) 2012 DJ-Extensions.com LTD, All rights reserved.</copyright>
	<license> http://www.gnu.org/licenses GNU/GPL</license>
	<authorEmail>contact@dj-extensions.com</authorEmail>
	<authorUrl>http://dj-extensions.com</authorUrl>
	<version>3.2.4</version>
	
	<scriptfile>djcatalog2.script.php</scriptfile>
	
	<install>
        <sql>
            <file charset="utf8" driver="mysql">install/install.com_djcatalog2.sql</file>
        </sql>
    </install>
    <uninstall>
        <sql>
            <file charset="utf8" driver="mysql">install/uninstall.com_djcatalog2.sql</file>
        </sql>
    </uninstall>
    <update>
    	<schemas>
    		<schemapath type="mysql">install/sqlupdates</schemapath>
		</schemas>
    </update>
	<administration>
		<menu img="components/com_djcatalog2/assets/images/icon-16-djcatalog.png">COM_DJCATALOG2</menu>
    	<files folder="administrator">
        	<filename>djcatalog2.php</filename>
        	<filename>access.xml</filename>
			<filename>controller.php</filename>
			<filename>config.xml</filename>
			<filename>index.html</filename>
            <folder>models</folder>
			<folder>controllers</folder>
            <folder>tables</folder>
            <folder>views</folder>
			<folder>lib</folder>
			<folder>install</folder>
			<folder>language</folder>
			<folder>helpers</folder>
			<folder>assets</folder>
        </files>
    </administration>
    <config>
		<fields>
			<fieldset>
				<field name="theme" default="default" />
				<field name="list_layout" default="items" />
				<field name="limit_items_show" default="8" />
				<field name="product_catalogue" default="0"/>
				<field name="category_columns" default="2" />
				<field name="category_show_intro" default="1"/>
				<field name="category_intro_trunc" default="0"/>
				<field name="category_intro_length" default="0"/>
				<field name="image_link_subcategory" default="0"/>
				<field name="showreadmore_subcategory" default="1" />
				<field name="show_category_name" default="1"/>
				<field name="show_producer_name"  default="3" />
				<field name="show_producers_items" default="0" />
				<field name="show_price"  default="1" />
				<field name="items_columns"  default="2"/>
				<field name="showcatdesc" default="1" />
				<field name="showsubcategories" default="1" />
				<field name="show_category_filter" default="1" />
				<field name="show_producer_filter" default="1" />
				<field name="show_atoz_filter" default="1" />
				<field name="show_search" type="list"  default="1" />
				<field name="show_category_orderby" default="1" />
				<field name="show_producer_orderby" default="1" />
				<field name="show_name_orderby" default="1" />
				<field name="show_price_orderby" default="1" />
				<field name="show_date_orderby" default="1" />
				<field name="items_show_intro"  default="1" />
				<field name="items_show_attributes"  default="1" />
				<field name="items_intro_trunc"  default="0" />
				<field name="items_intro_length"  default="0"/>
				<field name="image_link_item" default="0" />
				<field name="showreadmore_item" default="1"/>
				<field name="show_category_name_item" default="1"/>
				<field name="show_producer_name_item" default="3" />
				<field name="show_producers_items_item" default="1" />
				<field name="show_price_item"  default="1" />
				<field name="price_unit" default="$"/>
				<field name="thousand_separator" default="0" />
				<field name="decimal_separator"  default="0" />
				<field name="unit_side"  default="1" />
				<field name="resize"  default="0" />
				<!--
				<field name="fp_width" default="400" />
				<field name="fp_height" default="292" />
				-->
				<field name="width"  default="300" />
				<field name="height"  default="300" />
				<field name="th_width"  default="120" />
				<field name="th_height"  default="120"/>
				<field name="smallth_width"  default="92" />
				<field name="smallth_height" default="92"  />
				<field name="smallth_spacing_h" default="4" />
				<field name="smallth_padding_h" default="4" />
				<field name="smallth_spacing_v" default="4" />
				<field name="show_footer"  default="0"/>
			</fieldset>
		</fields>
	</config>
	<files folder="site">
		<filename>index.html</filename>
		<filename>gpl.txt</filename>
		<filename>djcatalog2.php</filename>
		<filename>defines.djcatalog2.php</filename>
		<filename>controller.php</filename>
		<filename>router.php</filename>
		<folder>assets</folder>
		<folder>themes</folder>
		<folder>views</folder>
		<folder>models</folder>
		<folder>helpers</folder>
		<folder>language</folder>
		<folder>controllers</folder>
	</files>
	<media destination="djcatalog2" folder="media">
    	<folder>files</folder>
    	<folder>images</folder>
    	<folder>quickicon</folder>
    	<filename>index.html</filename>
    </media>
</extension>

