{
	"files": {
		"1-Field moved to ZLFW":"zlpath:fields/fields.php",
		"2-Field moved to ZLFW":"zlpath:fields/files.php",
		"3-Field moved to ZLFW":"zlpath:fields/filter.php",
		"4-Field moved to ZLFW":"zlpath:fields/separator.php",
		"5-Field moved to ZLFW":"zlpath:fields/zlapplication.php",
		"6-Field moved to ZLFW":"zlpath:fields/zlapplication.js",
		"7-Field moved to ZLFW":"zlpath:fields/zlinfo.php",
		"8-Field moved to ZLFW":"zlpath:fields/zllayout.php",
		"9-Field moved to ZLFW":"zlpath:fields/zlspacer.php",
		"10-Field removed":"zlpath:fields/qtip.php",
		"11-Field removed":"zlpath:fields/zlitemfilter.php",
		"12-File moved to render":"zlpath:elements/relateditemspro/tmpl/default.php",
		"13-File moved to render":"zlpath:elements/imagepro/tmpl/_default.php",
		"14-File moved to render":"zlpath:elements/imagepro/tmpl/_no_cache.php",
		"15-File moved to render":"zlpath:elements/imagepro/tmpl/_raw_path.php",
		"16-File moved to render":"zlpath:elements/imagepro/tmpl/default.php",
		"17-File moved to render":"zlpath:elements/core.config",
		"18-File moved to ZLFW":"zlpath:fields/aws.php",
		"19-File removed":"elements:imagepro/tmpl/edit/_edit_wk.php"
	},
	"folders": {
		"1-Core Element moved to ZLFW":"zlpath:elements/filespro/",
		"2-Core Element moved to ZLFW":"zlpath:elements/repeatablepro/",
		"3-Core Element moved to ZLFW":"zlpath:elements/elementpro/",
		"4-elements_core moved to ZLFW":"zlpath:elements_core/",
		"5-xmlfields renamed to fields":"zlpath:xmlfields/",
		"6-element removed":"zlpath:elements/repeatable/",
		"7-element moved to ZLFW":"zlpath:elements/staticcontent/"
	}
}