<?xml version="1.0" encoding="utf-8"?>
<extension version="2.5" type="plugin" group="quickicon" method="upgrade">
	<name>plg_quickicon_djcatalog</name>
	<creationDate>August 2012</creationDate>
	<author>DJ-Extensions.com LTD</author>
	<copyright>Copyright (C) 2010-2012 DJ-Extensions.com LTD, All rights reserved.</copyright>
	<license> http://www.gnu.org/licenses GNU/GPL</license>
	<authorEmail>contact@dj-extensions.com</authorEmail>
	<authorUrl>http://dj-extensions.com</authorUrl>
	<version>1.0</version>
	<description>PLG_QUICKICON_DJCATALOG2_DESCRIPTION</description>
	<files>
		<filename plugin="djcatalog2">djcatalog2.php</filename>
		<filename>index.html</filename>
		<folder>language</folder>
	</files>
	<config>
		<fields name="params">
			<fieldset name="basic">
				<field name="context"
					type="text"
					default="mod_quickicon"
					label="PLG_QUICKICON_DJCATALOG2_GROUP_LABEL"
				/>
			</fieldset>
		</fields>
	</config>
</extension>
