<?xml version="1.0" encoding="utf-8" ?>
<install version="1.6" client="site" type="language" method="upgrade">
 <author>bcehemsidor.se, uppdaterat av JOKR Solutions (www.jokrsolutions)</author>
 <authorEmail>bjorn@bcehemsidor.se</authorEmail>
 <authorUrl>http://www.bcehemsidor.se</authorUrl>
 <copyright>Copyright (C) 2007 - 2010 RSJoomla.com</copyright>
 <creationDate>2010-11-12</creationDate>
 <description></description>
 <license>http://www.gnu.org/licenses/gpl-2.0.html GNU/GPL</license>
 <name>Swedish</name>
 <tag>sv-SE</tag>
 
 <version>1.3.0</version>
	<files folder="../">
		  <filename>sv-SE.com_rsform.ini</filename>
    </files>
</install>
