<?xml version="1.0" encoding="utf-8"?>
<extension type="module" version="2.5" client="site" method="upgrade">
	<name>mod_countdown</name>
	<author>Asika</author>
	<creationDate>2012-11-12</creationDate>
	<copyright>Copyright (C) 2012 Asikart.com</copyright>
	<license>GNU General Public License version 2 or later; see LICENSE.txt</license>
	<authorEmail>asika@asikart.com</authorEmail>
	<authorUrl>http://asikart.com</authorUrl>
	<version>1.0</version>
	<description>MOD_COUNTDOWN_INSTALL_DESC</description>
	
	
	<scriptfile>install.php</scriptfile>
	
	<!-- module countdown now has no sql file
	<install>
    	<sql>
        	<file driver="mysql" charset="utf8">sql/install.sql</file>
  		</sql>
    </install>
	
	
	<uninstall>
    	<sql>
        	<file driver="mysql" charset="utf8">sql/uninstall.sql</file>
  		</sql>
    </uninstall>
	-->
	
	
	<files>
		<filename module="mod_countdown">mod_countdown.php</filename>
		<folder>tmpl</folder>
		<folder>language</folder>
		<folder>js</folder>
		<folder>css</folder>
		<folder>images</folder>
		<filename>index.html</filename>
		<filename>mod_countdown.xml</filename>
		<filename>helper.php</filename>
		<filename>install.php</filename>
	</files>
	
	
	<help key="JHELP_EXTENSIONS_MODULE_MANAGER_FOOTER" />
	
	
	<config>
		
		<fields name="params">
			
			<fieldset name="basic">
				
				<field
					name="title"
					type="text"
					description="COM_MODULES_TITLE_LABEL"
					label="COM_MODULES_TITLE_DESC"
					size="20"
				/>
				
				<field
					name="deadline"
					type="calendar"
					description="COM_MODULES_DEADLINE_LABEL"
					label="COM_MODULES_DEADLINE_DESC"
				/>
				
			</fieldset>
			
			<fieldset name="advanced">
				
				<field
					name="layout"
					type="modulelayout"
					label="JFIELD_ALT_LAYOUT_LABEL"
					description="JFIELD_ALT_MODULE_LAYOUT_DESC"
				/>
				
				<field
					name="moduleclass_sfx"
					type="text"
					label="COM_MODULES_FIELD_MODULECLASS_SFX_LABEL"
					description="COM_MODULES_FIELD_MODULECLASS_SFX_DESC"
				/>
				
				<field
					name="cache"
					type="list"
					default="1"
					label="COM_MODULES_FIELD_CACHING_LABEL"
					description="COM_MODULES_FIELD_CACHING_DESC"
				>
					<option
						value="1">JGLOBAL_USE_GLOBAL</option>
					<option
						value="0">COM_MODULES_FIELD_VALUE_NOCACHING</option>
				</field>
				
				<field
					name="cache_time"
					type="text"
					default="900"
					label="COM_MODULES_FIELD_CACHE_TIME_LABEL"
					description="COM_MODULES_FIELD_CACHE_TIME_DESC"
				/>
				
				<field
					name="cachemode"
					type="hidden"
					default="static"
				>
					<option value="static"></option>
				</field>
				
			</fieldset>
			
		</fields>
		
	</config>
	
	
	<updateservers>
		<!--<server type="collection">http://example.com/list.xml</server>-->
		<server type="extension" priority="1" name="Asikart Countdown Module">http://update.asikart.com/module/mod_countdown.xml</server>
	</updateservers>
	
	
</extension>
