<?xml version="1.0" encoding="utf-8"?>
<extension method="upgrade" type="component" version="2.5.0">
	<name>COM_HOTSPOTS</name>
	<author>Compojoom.com</author>
	<creationDate>2013-08-26</creationDate>
	<copyright>(C) 2008-2013 compojoom.com - Daniel Dimitrov</copyright>
	<authorEmail>daniel@compojoom.com</authorEmail>
	<authorUrl>https://compojoom.com</authorUrl>
	<version>3.5.4</version>
	<license>http://www.gnu.org/copyleft/gpl.html GNU/GPL</license>
	<description><![CDATA[<div style="text-align:left">Hotspots is an advanced google maps manager by Compojoom.com</div>]]>
	</description>
    <scriptfile>script.php</scriptfile>
	<install>
		<sql>
			<file driver="mysql" charset="utf8">sql/install.mysql.sql</file>
			<file driver="sqlsrv" charset="utf8">sql/install.sqlsrv.sql</file>
		</sql>
	</install>
	<files folder="components/com_hotspots">
        <folder>assets</folder>
<file>controller.php</file>
<folder>controllers</folder>
<folder>helpers</folder>
<file>hotspots.php</file>
<folder>includes</folder>
<file>jomsocial_rule.xml</file>
<folder>models</folder>
<file>router.php</file>
<file>utils.php</file>
<folder>views</folder>
	</files>
	<languages folder="language">
        <language tag="en-GB">en-GB/en-GB.com_hotspots.ini</language>
	</languages>
	<administration>
		<menu img="../media/com_hotspots/backend/images/hotspots-16px.png">COM_HOTSPOTS</menu>
		<submenu>
			<menu img="../media/com_hotspots/backend/images/hotspots-16px.png" view="hotspots">COM_HOTSPOTS_LOCATIONS</menu>
			<menu img="../media/com_hotspots/backend/images/categories-16px.png" view="categories">COM_HOTSPOTS_CATEGORIES</menu>
			<menu img="../media/com_hotspots/backend/images/import-16px.png" view="import">COM_HOTSPOTS_IMPORT</menu>
			<menu img="../media/com_hotspots/backend/images/live-update.png" view="liveupdate">COM_HOTSPOTS_LIVEUPDATE</menu>
		</submenu>
		<files folder="administrator/components/com_hotspots">
            <file>access.xml</file>
<file>CHANGELOG.php</file>
<file>config.xml</file>
<folder>controlcenter</folder>
<file>controller.php</file>
<folder>controllers</folder>
<folder>elements</folder>
<folder>helpers</folder>
<file>hotspots.php</file>
<folder>libraries</folder>
<folder>liveupdate</folder>
<folder>models</folder>
<folder>sql</folder>
<folder>tables</folder>
<file>toolbar.hotspots.php</file>
<file>version.php</file>
<folder>views</folder>
		</files>
		<languages folder="administrator/language">
            <language tag="en-GB">en-GB/en-GB.com_hotspots.ini</language>
<language tag="en-GB">en-GB/en-GB.com_hotspots.sys.ini</language>
        </languages>
	</administration>
	<media destination="com_hotspots" folder="media/com_hotspots">
        <folder>backend</folder>
<folder>ccc</folder>
<folder>css</folder>
<folder>images</folder>
<folder>js</folder>
<folder>kml</folder>
<folder>rss</folder>
<folder>tiles</folder>
	</media>
</extension>