<?xml version="1.0" encoding="utf-8"?>
<install version="1.5" type="plugin" group="system" method="upgrade">
	<name>System - RSForm! Pro BfForms Migration</name>
	<author>RSJoomla!</author>
	<creationDate>August 2011</creationDate>
	<copyright>(C) 2011 www.rsjoomla.com</copyright>
	<license>GNU General Public License</license>
	<authorEmail>support@rsjoomla.com</authorEmail>
	<authorUrl>www.rsjoomla.com</authorUrl>
	<version>1.4.0</version>
	<description><![CDATA[RSFP_BFF_DESC]]></description>
	<files>
		<filename plugin="rsfpbfforms">rsfpbfforms.php</filename>
	</files>
	<languages>
		<language tag="en-GB">en-GB.plg_system_rsfpbfforms.ini</language>
	</languages>
</install>