<?xml version="1.0" encoding="utf-8"?>
<extension type="plugin" version="2.5" method="upgrade" group="hikashopshipping">
	<name>Hikashop UPS Shipping Plugin</name>
	<creationDate>April 2011</creationDate>
	<version>1.0.0</version>
	<author>Hikashop</author>
	<authorEmail>dev@hikashop.com</authorEmail>
	<authorUrl>http://www.hikashop.com</authorUrl>
	<copyright>Copyright (C) 2011 HIKARI SOFTWARE SARL - All rights reserved.</copyright>
	<license>http://www.gnu.org/licenses/gpl-2.0.html GNU/GPL</license>
	<description>This plugin enables you to setup handle UPS service</description>
	<files>
		<filename plugin="ups">ups.php</filename>
		<filename>ups_configuration.php</filename>
	</files>
	<params addpath="/components/com_hikashop/params">
	</params>
</extension>