<?xml version="1.0" encoding="iso-8859-1"?>
<install version="1.5" type="sef_ext">
	<name>EasyBlog</name>
	<author>StackIdeas</author>
	<creationDate>15th June 2010</creationDate>
	<copyright>Stackideas</copyright>
	<license>http://stackideas.com</license>
	<authorEmail>support@stackideas.com</authorEmail>
	<authorUrl>http://stackideas.com</authorUrl>
	<version>3.0</version>
	<description>Adds SEO support for EasyBlog component.</description>
	<files>
		<filename sef_ext="easyblog">com_easyblog.php</filename>
	</files>
	<params>
        <param name="blogid" type="radio" default="0" label="Add blog ID to URL" description="If set to Yes, blog ID will be prepended to blog name in URL.">
            <option value="0">No</option>
            <option value="1">Yes</option>
        </param>
	    <param name="categoryid" type="radio" default="0" label="Add category ID to URL" description="If set to Yes, category ID will be prepended to category name in URL.">
			<option value="0">No</option>
			<option value="1">Yes</option>
	    </param>
        <param name="tagid" type="radio" default="0" label="Add tag ID to URL" description="If set to Yes, tag ID will be prepended to tag name in URL.">
            <option value="0">No</option>
            <option value="1">Yes</option>
        </param>
 	</params>
	
	<config>
		<fields name="params">
			<fieldset name="blogid">
				<field 
					name="blogid" 
					type="list"
					default="0"
					label="Add blog ID to URL"
					description="If set to Yes, blog ID will be prepended to blog name in URL.">
					<option value="0">No</option>
					<option value="1">Yes</option>					
				</field>
				
				<field 
					name="categoryid" 
					type="list"
					default="0"
					label="Add category ID to URL"
					description="If set to Yes, category ID will be prepended to category name in URL.">
					<option value="0">No</option>
					<option value="1">Yes</option>					
				</field>

				<field 
					name="tagid" 
					type="list"
					default="0"
					label="Add tag ID to URL"
					description="If set to Yes, tag ID will be prepended to tag name in URL.">
					<option value="0">No</option>
					<option value="1">Yes</option>					
				</field>				
			</fieldset>
		</fields>
	</config>	
</install>
