<?xml version="1.0" encoding="utf-8"?>
<extension version="3.0" type="plugin" group="system" method="upgrade">
	<name>System - Jomsocial Facebook Connect</name>
	<version>2.8.3</version>
	<creationDate>March 2011</creationDate>
	<author>JomSocial</author>
	<authorEmail>support@jomsocial.com</authorEmail>
	<authorUrl>http://www.jomsocial.com</authorUrl>
	<copyright>Copyright (C) 2008 - 2009. All rights reserved.</copyright>
	<license>Commercial</license>
	<description>PLG_JOMSOCIALCONNECT_XML_DESCRIPTION</description>
	<languages>
	    <language tag="en-GB">en-GB.plg_system_jomsocialconnect.ini</language>
		<language tag="en-GB">en-GB.plg_system_jomsocialconnect.sys.ini</language>
	</languages>
	<files>
		<filename plugin="jomsocialconnect">jomsocialconnect.php</filename>
	</files>
	<params/>
</extension>