<?xml version="1.0" encoding="utf-8"?>
<extension version="1.6" type="plugin" group="system" method="upgrade">
        <name>System - Admin Branding</name>
        <author>Sabuj Kundu</author>
        <creationDate>15.09.2011</creationDate>
        <copyright>Copyright (C) 2011 codeboxr.com. All rights reserved.</copyright>
        <license>http://www.gnu.org/licenseses/gpl-2.0.html GNU/GPL</license>
        <authorEmail>sabuj@codeboxr.com</authorEmail>
        <authorUrl>http://codeboxr.com</authorUrl>
        <version>2.0</version>
        <description>A small plugin to brand admin panel/admin template</description>
        <files>
                <filename plugin="adminbranding">adminbranding.php</filename>
                <filename>index.html</filename>
                <folder>adminbranding</folder>			
        </files>
        
        <config>
            <fields name="params" addfieldpath="/plugins/system/adminbranding/adminbranding/fields">
                <fieldset name="basic"> 
                    <!--field name="headercolor" type="list" default="h_green" label="Admin template color"    description="Check the admin template header color from template setting">
                        <option value="h_green">Green</option>
                        <option value="h_cherry">Cherry</option>
                        <option value="h_teal">Teal</option>
                    </field-->
                    <field name="headerpadding" type="text" default="10" label="Header Padding" description="Padding in 4 sides for header sections, put 0 for default setting" />
                    
                    <field name="showlogo" type="radio" default="1" label="Show Joomla logo" description="Display Joomla logo">
                            <option value="0">No</option>
                            <option value="1">Yes</option>
                    </field>
                    <field name="showslogo" type="radio" default="1" label="Show Site logo" description="Display custom site logo">
                            <option value="0">No</option>
                            <option value="1">Yes</option>
                    </field>
                    <field name="customlogo" type="text" default="powered_by.png" label="Custom site logo" description="Put logo in images folder" />
                    <field name="showtitle" type="radio" default="1" label="Show Site Title" description="Display site title">
                            <option value="0">No</option>
                            <option value="1">Yes</option>
                    </field>
                    <field name="colort" type="colorpicker" default="#FFFFFF" class="inputbox"  label="Title Text Color" description="Hex code for title text color with hash(#)" />
                    <field name="titlepadding" type="text" default="0" label="Title Left Padding" description="Title left padding, need padding if need to show title with logo" />
                    <field name="titleheight" type="text" default="0" label="Title Height" description="Title div/container height. It will help to adjust large logo " />
                    <!--field name="showversion" type="radio" default="1" label="Show joomla version" description="Display joomla version number">
                            <option value="0">No</option>
                            <option value="1">Yes</option>
                    </field>
                    
                    <field name="colorv" type="colorpicker" default="#000000" class="inputbox" label="Version Text Color" description="Hex code for version text color with hash(#)" /-->
                    
                    
                    <field name="headerheight" type="text" default="70" label="Header Height" description="Height of header, must be more than site logo if used. Without logo 50px is fine. Put 0 for default setting." />
                    <field name="showheadercolor" type="radio" default="1" label="Header color" description="Display header color">
                            <option value="0">No</option>
                            <option value="1">Yes</option>
                    </field>
                    <field name="bcolor" type="colorpicker" class="input" default="#d9d9d9" label="Header Background" description="Hex code for header background color with hash(#)" />
                    <field name="showhgradient" type="radio" default="1" label="Header Gradient" description="Display gradient header">
                            <option value="0">No</option>
                            <option value="1">Yes</option>
                    </field>
                    <field name="gcolor1" type="colorpicker" default="#d7d7d7" class="inputbox" label="Gradient Start color" description="Hex code for gradient start color with hash(#)" />
                    <field name="gcolor2" type="colorpicker" default="#e4e4e4" class="inputbox" label="Gradient End color" description="Hex code for gradient end color with hash(#)" />
                    <field name="showround" type="radio" default="1" label="Rounded header" description="Display rounded header">
                            <option value="0">No</option>
                            <option value="1">Yes</option>
                    </field>
                </fieldset>
                <fieldset name="loginsection" label="Login Page Branding">                    
                    <field name="showlogintitle" type="radio" default="1" label="Show Login Title" description="Show/hide login box title">
                        <option value="0">No</option>
                        <option value="1">Yes</option>
                    </field>
                    <field name="showcllogo" type="radio" default="0" label="Custom Login logo" description="Show/hide the custom login logo">
                            <option value="0">No</option>
                            <option value="1">Yes</option>
                    </field>
                    <field name="customlogologin" type="text" default="" label="Custom Login logo" description="Put logo in images folder and this will replace the text 'Joomla! Administration Login'" />
                    <field name="customlogologinh" type="text" default="75" label="Login logo Height" description="Height of your custom login logo" />
                    <field name="showlock" type="radio" default="1" label="Show Lock image" description="Show/hide the lock image">
                            <option value="0">No</option>
                            <option value="1">Yes</option>
                    </field>
                    <field name="showclock" type="radio" default="1" label="Show Custom Lock logo" description="Show/hide the custom login logo">
                            <option value="0">No</option>
                            <option value="1">Yes</option>
                    </field>
                    <field name="customlogol" type="text" default="" label="Custom Lock image" description="Put lock logo in images folder" />
                    <!--field name="spacer" type="spacer" class="text" label="&lt;b&gt;Admin Favicon&lt;/b&gt;"/>
                    <field name="adminfavicon" type="radio" default="0" label="Change Admin Favicon" description="Change the default admin favicon">
                            <option value="0">No</option>
                            <option value="1">Yes</option>
                    </field>
                    <field name="adminfaviconurl" type="text" default="" label="Custom Favicon" description="Custom admin favicon url, put favicon image in root images folder" /-->
                </fieldset>    
                <fieldset name="footersection" label="Footer Branding">
                    <field name="showfooter" type="radio" default="1" label="Show Footer text" description="Display the footer text">
                            <option value="0">No</option>
                            <option value="1">Yes</option>
                    </field>
                </fieldset>
            </fields>
        </config>
</extension>