<?xml version="1.0" encoding="utf-8"?>
<install version="1.5" type="plugin" group="system" method="upgrade">
	<name>System - Group Blogs</name>
	<author>StackIdeas</author>
	<creationDate>21st October 2010</creationDate>
	<copyright>Copyright 2009 - 2011 StackIdeas. All rights reserved.</copyright>
	<license>GPL License</license>
	<authorEmail>support@stackideas.com</authorEmail>
	<authorUrl>http://stackideas.com</authorUrl>
	<version>3.5.2</version>
	<description>
		This plugin adds blog functionality in JomSocial groups. The plugin was tested with JomSocial 2.0.x, and JomSocial 2.4.x. Any
	</description>
	<languages>
	    <language tag="en-GB">en-GB.plg_groupeasyblog.ini</language>
	</languages>
	<files>
		<file plugin="groupeasyblog">groupeasyblog.php</file>
		<folder>groupeasyblog</folder>
	</files>
	<params>
		<param name="count" type="text" default="5" label="Total blogs" description="Set the number of blog posts to be displayed by default." />
		<param name="truncate" type="text" default="350" label="Truncate blog text" description="Set the number of characters to appear in the blog listing. Set it to 0 to disable truncation." />
		<param name="ratings" type="radio" default="1" label="Show ratings" description="Show ratings in the blog listings">
			<option value="1">Yes</option>
			<option value="0">No</option>
		</param>		
		<param name="avatar" type="radio" default="1" label="Avatar display" description="Choose the avatar display">
			<option value="2">Show author avatar</option>
			<option value="1">Show calendar date</option>
			<option value="0">Do not show any</option>
		</param>
		<param name="author" type="radio" default="1" label="Show author" description="Show author in the blog listings">
			<option value="1">Yes</option>
			<option value="0">No</option>
		</param>
		<param name="contents" type="radio" default="1" label="Show contents" description="Show blog contents">
			<option value="1">Yes</option>
			<option value="0">No</option>
		</param>
		<param name="categories" type="radio" default="1" label="Show category" description="Show blog category">
			<option value="1">Yes</option>
			<option value="0">No</option>
		</param>
		<param name="dateformat" type="text" default="%A, %d %B %Y" label="Date format" description="Set the date format to be used in the blog listings." />
	</params>

	<config>
		<fields name="params">
			<fieldset name="basic">
				<field name="count" type="text" default="5" label="Total blogs" description="Set the number of blog posts to be displayed by default." />
				<field name="truncate" type="text" default="350" label="Truncate blog text" description="Set the number of characters to appear in the blog listing. Set it to 0 to disable truncation." />
				<field name="ratings" type="radio" default="1" label="Show ratings" description="Show ratings in the blog listings">
					<option value="1">Yes</option>
					<option value="0">No</option>
				</field>
				<field name="rss" type="radio" default="1" label="Show RSS" description="Show rss in the blog listings">
					<option value="1">Yes</option>
					<option value="0">No</option>
				</field>				
				<field name="avatar" type="radio" default="1" label="Avatar display" description="Choose the avatar display">
					<option value="2">Show author avatar</option>
					<option value="1">Show calendar date</option>
					<option value="0">Do not show any</option>
				</field>			
				<field name="author" type="radio" default="1" label="Show author" description="Show author in the blog listings">
					<option value="1">Yes</option>
					<option value="0">No</option>
				</field>
				<field name="contents" type="radio" default="1" label="Show contents" description="Show blog contents">
					<option value="1">Yes</option>
					<option value="0">No</option>
				</field>
				<field name="categories" type="radio" default="1" label="Show category" description="Show blog category">
					<option value="1">Yes</option>
					<option value="0">No</option>
				</field>
				<field name="dateformat" type="text" default="%A, %d %B %Y" label="Date format" description="Set the date format to be used in the blog listings." />
			</fieldset>
		</fields>
	</config>	
</install>