<?xml version="1.0" encoding="utf-8"?>
<extension type="module" version="3.0" client="site" method="upgrade">
	<name>NosCalendar Module</name>
	<author>Horst Noreick</author>
	<creationDate>August 2012</creationDate>
	<copyright>Copyright (C) 2012 Noreick Software</copyright>
	<license>GNU/GPLv3 http://www.gnu.org/licenses/gpl-3.0.html</license>
	<authorEmail>horst.noreick@fastbroadcast.de</authorEmail>
	<authorUrl>http://www.fastbroadcast.de</authorUrl>
	<version>1.0.3</version>
	<description>Module for NosCalendar</description>

	<files folder="/">
		<filename module="mod_noscalendar">mod_noscalendar.php</filename>
		<filename>mod_noscalendar.xml</filename>
		<filename>mod_noscalendar.css</filename>
		<filename>index.html</filename>
		<filename>helper.php</filename>		
		<folder>images</folder>
		<folder>tmpl</folder>		
	</files>
	<languages folder="language">
    	<language tag="en-GB">en-GB.mod_noscalendar.ini</language>
    	<language tag="de-DE">de-DE.mod_noscalendar.ini</language>    
  	</languages>	
	
	<config>
		<fields name="params">
			<fieldset name="basic" label="basic">
				<field name="page" type="list" default="today" 
					label="MOD_NOSCALENDAR_FIELD_PAGE_LABEL" 
					description="MOD_NOSCALENDAR_FIELD_PAGE_DESC">
						<option value="today">MOD_NOSCALENDAR_EVENTS_VON_HEUTE</option>					
						<option value="day">MOD_NOSCALENDAR_EVENTS_EINES_BESTIMMTEN_TAGES</option>			
						<option value="highlight">MOD_NOSCALENDAR_HIGHLIGHTS</option>				
				<!--	<option value="timetable">Stundenplan</option>	-->
						<option value="coming">MOD_NOSCALENDAR_KOMMENDE_EVENTS</option>
				<!--		<option value="client_workshop">Mitglieder Workshops</option>	-->						
				</field>

				<field id="show_headline" name="show_headline" type="list"
					label="MOD_NOSCALENDAR_FIELD_SHOW_HEADLINE_LABEL"
					description="MOD_NOSCALENDAR_FIELD_SHOW_HEADLINE_DESC">
						<option value="0">JHIDE</option>
						<option value="1">JSHOW</option>
				</field>					

			   	<field name="limit" type="text" 
					size="10"				
					default="10" 
			   		label="MOD_NOSCALENDAR_FIELD_LIMIT_LABEL" 
			   		description="MOD_NOSCALENDAR_FIELD_LIMIT_DESC" />

				<field id="repeatings" name="repeatings" type="list"
					label="MOD_NOSCALENDAR_FIELD_REPEATINGS_LABEL"
					description="MOD_NOSCALENDAR_FIELD_REPEATINGS_DESC">
						<option value="show">JSHOW</option>
						<option value="hide">JHIDE</option>						
						<option value="hide_but_link">MOD_NOSCALENDAR_HIDE_BUT_LINK</option>
				</field>					


				<field id="image_style" name="image_style" type="list"
					label="MOD_NOSCALENDAR_FIELD_IMAGE_STYLE_LABEL"
					description="MOD_NOSCALENDAR_FIELD_IMAGE_STYLE_DESC">
						<option value="0">JHIDE</option>
						<option value="normal">JSHOW</option>
						<option value="squared">MOD_NOSCALENDAR_QUADRATISCH</option>
				</field>					

			   	<field name="image_width" type="text" default="0"
					size="10"
			   		label="MOD_NOSCALENDAR_FIELD_IMAGE_WIDTH_LABEL" 
			   		description="MOD_NOSCALENDAR_FIELD_IMAGE_WIDTH_DESC" />

			   	<field name="line_1" type="text" 
					size="40"
					default="$date $city $summary" 
			   		label="MOD_NOSCALENDAR_FIELD_ZEILE_1_LABEL" 
			   		description="MOD_NOSCALENDAR_FIELD_ZEILE_1_DESC" />

			   	<field name="line_2" type="text" 
					size="40"				
					default="$slogan" 
			   		label="MOD_NOSCALENDAR_FIELD_ZEILE_2_LABEL" 
			   		description="MOD_NOSCALENDAR_FIELD_ZEILE_2_DESC" />

			   	<field name="line_3" type="text" 
					size="40"				
					default="" 
			   		label="MOD_NOSCALENDAR_FIELD_ZEILE_3_LABEL" 
			   		description="MOD_NOSCALENDAR_FIELD_ZEILE_3_DESC" />

			   	<field name="module_width" type="text" 
					size="10"				
					default="300" 
			   		label="MOD_NOSCALENDAR_FIELD_MODULE_WIDTH_LABEL" 
			   		description="MOD_NOSCALENDAR_FIELD_MODULE_WIDTH_DESC" />
					
					
				<field id="selection" name="selection" type="list"
					label="MOD_NOSCALENDAR_FIELD_SELECTION_LABEL"
					description="MOD_NOSCALENDAR_FIELD_SELECTION_DESC">
						<option value="">JGLOBAL_USE_GLOBAL</option>
						<option value="pool">MOD_NOSCALENDAR_POOL</option>
						<option value="scene">MOD_NOSCALENDAR_SZENE</option>
						<option value="organizer">MOD_NOSCALENDAR_VERANSTALTER</option>
						<option value="location">MOD_NOSCALENDAR_LOCATION</option>
				</field>					
				
				<field id="pool" name="pool" type="list"
					label="MOD_NOSCALENDAR_FIELD_POOL_LABEL"
					description="MOD_NOSCALENDAR_FIELD_POOL_DESC">
						<option value="">JGLOBAL_USE_GLOBAL</option>
						<option value="dance">MOD_NOSCALENDAR_TANZ</option>
						<option value="spirit">MOD_NOSCALENDAR_SPIRITUALITAET</option>
				</field>	
							
				<field name="scene" type="list" default="salsa" 
					label="MOD_NOSCALENDAR_FIELD_SCENE_LABEL" 
					description="MOD_NOSCALENDAR_FIELD_SCENE_DESC">
						<option value="">JGLOBAL_USE_GLOBAL</option>	
						<option value="brasil">MOD_NOSCALENDAR_BRASIL</option>								
						<option value="salsa">MOD_NOSCALENDAR_SALSA</option>
						<option value="standardlatin">MOD_NOSCALENDAR_STANDARD_LATEIN</option>						
						<option value="swing">MOD_NOSCALENDAR_SWING</option>			
						<option value="tango">MOD_NOSCALENDAR_TANGO</option>
						<option value="westcoastswing">MOD_NOSCALENDAR_WESTCOASTSWING</option>			
						<option value="zouk">MOD_NOSCALENDAR_ZOUK</option>

						<option value="buddhism">MOD_NOSCALENDAR_BUDDHISMUS</option>						
						<option value="healing">MOD_NOSCALENDAR_HEILUNG</option>						
						<option value="meditation">MOD_NOSCALENDAR_MEDITATION</option>			
						<option value="science">MOD_NOSCALENDAR_WISSENSCHAFT</option>			
						<option value="singing">MOD_NOSCALENDAR_SINGEN</option>			
						<option value="spirituality">MOD_NOSCALENDAR_SPIRITUALITAET</option>			
						<option value="yoga">MOD_NOSCALENDAR_YOGA</option>					
				</field>
				
				<field name="catgroups" type="list" default="event" 
					label="MOD_NOSCALENDAR_FIELD_CATGROUPS_LABEL" 
					description="MOD_NOSCALENDAR_FIELD_CATGROUPS_DESC">
						<option value="">JGLOBAL_USE_GLOBAL</option>					
						<option value="event">MOD_NOSCALENDAR_FEIERN</option>
						<option value="lesson">MOD_NOSCALENDAR_KURSE</option>
						<option value="workshop">MOD_NOSCALENDAR_WORKSHOPS</option>
						<option value="event,workshop">MOD_NOSCALENDAR_WORKSHOPS_UND_EVENTS</option>						
				</field>
		 
				<field name="organizerid" type="text" 
					size="10" 
					default="" 
					label="MOD_NOSCALENDAR_FIELD_ORGANIZERID_LABEL" 
					description="MOD_NOSCALENDAR_FIELD_ORGANIZERID_LABEL" />
		
				<field name="locationid" type="text" 
					size="10" 
					default="" 
					label="MOD_NOSCALENDAR_FIELD_LOCATIONID_LABEL" 
					description="MOD_NOSCALENDAR_FIELD_LOCATIONID_DESC" />
		 
				<field name="date" type="text" default="" 
					label="MOD_NOSCALENDAR_FIELD_DATE_LABEL" 
					description="MOD_NOSCALENDAR_FIELD_DATE_DESC" />
					
				<field name="zip" type="text" default="" 
					label="MOD_NOSCALENDAR_FIELD_ZIP_LABEL" 
					description="MOD_NOSCALENDAR_FIELD_ZIP_DESC" />
					
				<field name="city" type="text" default="" 
					label="MOD_NOSCALENDAR_FIELD_CITY_LABEL" 
					description="MOD_NOSCALENDAR_FIELD_CITY_DESC" />
						
			</fieldset>
		</fields>
		<fields name="params">
			<fieldset name="advanced" label="advanced">

				<field name="layout" type="modulelayout"
					label="JFIELD_ALT_LAYOUT_LABEL"
					description="JFIELD_ALT_MODULE_LAYOUT_DESC" />

				<field name="moduleclass_sfx" type="text" default="" 
					label="Module Class Suffix" 
					description="PARAMMODULECLASSSUFFIX" />
				
				<field name="itemid" type="text" default="" 
					label="MOD_NOSCALENDAR_FIELD_ITEMID_LABEL" 
					description="MOD_NOSCALENDAR_FIELD_ITEMID_DESC" />		
			
				<field name="link_to" type="list" default="event" 
					label="MOD_NOSCALENDAR_FIELD_LINK_TO_LABEL" 
					description="MOD_NOSCALENDAR_FIELD_LINK_TO_DESC">
						<option value="event">MOD_NOSCALENDAR_EVENT</option>
						<option value="list">MOD_NOSCALENDAR_KELENDERSEITE</option>
				</field>
			
				<field name="addstylesheet" type="list" default="1" 
					label="MOD_NOSCALENDAR_FIELD_ADDSTYLESHEET_LABEL" 
					description="MOD_NOSCALENDAR_FIELD_ADDSTYLESHEET_DESC">
						<option value="1">Yes</option>
						<option value="0">No</option>
				</field>

				<field name="embed_layout" type="list" default="1" 
					label="MOD_NOSCALENDAR_FIELD_EMBED_LAYOUT_LABEL" 
					description="MOD_NOSCALENDAR_FIELD_EMBED_LAYOUT_DESC">
						<option value="1">Yes</option>
						<option value="0">No</option>
				</field>
				
				<field name="cache" type="list" default="0" 
					label="Caching" 
					description="Select whether to cache the content of this module">
						<option value="1">Use global</option>
						<option value="0">No caching</option>
				</field>
				
				<field name="cache_time" type="text" default="900" 
					label="Cache Time" 
					description="The time before the module is recached" />
					
				<field name="hcalendar" type="list" default="use_global" 
					label="hCalendar" 
					description="MOD_NOSCALENDAR_FIELD_HCALENDAR_DESC">
						<option value="use_global">Use global</option>
						<option value="enabled">enabled</option>
						<option value="disabled">disabled</option>						
				</field>

				<field name="schema_org" type="list" default="use_global" 
					label="schema.org" 
					description="MOD_NOSCALENDAR_FIELD_SCHEMA_ORG_DESC">
						<option value="use_global">Use global</option>
						<option value="enabled">enabled</option>
						<option value="disabled">disabled</option>						
				</field>
					
			</fieldset>
		</fields>
	</config>
</extension>
