<?xml version="1.0" encoding="utf-8" ?>
<install version="1.6" client="administrator" type="language" method="upgrade">
<author>Mads Andersen</author>
<authorEmail>mail@netboxen.dk</authorEmail>
<authorUrl>http://netboxen.dk</authorUrl>
<copyright>Mads Andersen 2011</copyright>
<creationDate>01. oktober 2011</creationDate>
<description>Dansk sprogfil for RSForm!Pro</description>
<version>Rev. 42</version>
<license>http://www.gnu.org/licenses/gpl-2.0.html GNU/GPL</license>
<name>Dansk RSForm!Pro</name>
<tag>da-DK</tag>
<packager>RSForm!Pro</packager>


	<files folder="../">
		  <filename>da-DK.com_rsform.ini</filename>
		  <filename>da-DK.com_rsform.menu.ini</filename>
		  <filename>da-DK.com_rsform.sys.ini</filename>
		  <filename>da-DK.plg_system_rsfpgoogle.ini</filename>
		  <filename>da-DK.plg_system_rsfpmailchimp.ini</filename>
		  <filename>da-DK.plg_system_rsfpmappings.ini</filename>
		  <filename>da-DK.plg_system_rsfpmigration.ini</filename>
		  <filename>da-DK.plg_system_rsfppaypal.ini</filename>
		  <filename>da-DK.plg_system_rsfprecaptcha.ini</filename>
		  <filename>da-DK.plg_system_rsfprsevents.ini</filename>
		  <filename>da-DK.plg_system_rsfpsalesforce.ini</filename>
		  <filename>da-DK.plg_system_rsfpakismet.ini</filename>
		  <filename>da-DK.plg_system_rsfpconstantcontact.ini</filename>
		  <filename>da-DK.plg_system_rsfpregistration.ini</filename>
		  <filename>da-DK.plg_system_rsfpbfforms.ini</filename>
   </files>
</install>