<?xml version="1.0" encoding="utf-8"?>
<!-- $Id: com_djcatalog2.xml 104 2013-01-23 07:37:58Z michal $ -->
<extension type="plugin" group="xmap" version="1.6" method="upgrade" client="site">
    <name>plg_xmap_com_djcatalog2</name>
   	<creationDate>January 2012</creationDate>
	<author>DJ-Extensions.com LTD</author>
	<copyright>Copyright (C) 2010-2012 DJ-Extensions.com LTD, All rights reserved.</copyright>
	<license> http://www.gnu.org/licenses GNU/GPL</license>
	<authorEmail>contact@dj-extensions.com</authorEmail>
	<authorUrl>http://dj-extensions.com</authorUrl>
	<version>1.3</version>
	<description>PLG_XMAP_COM_DJCATALOG2_DESC</description>
    <files>
        <filename plugin="com_djcatalog2">com_djcatalog2.php</filename>
        <filename>index.html</filename>
    </files>
    <config>
        <fields name="params">
            <fieldset name="basic">
                <field name="include_products" type="list" default="1" label="XMAP_SETTING_SHOW_LISTINGS_LABEL" description="XMAP_SETTING_SHOW_LISTINGS_DESC">
                    <option value="0">XMAP_OPTION_NEVER</option>
                    <option value="1">XMAP_OPTION_ALWAYS</option>
                    <option value="2">XMAP_OPTION_XML_ONLY</option>
                    <option value="3">XMAP_OPTION_HTML_ONLY</option>
                </field>
            </fieldset>
            <fieldset name="xml">
                <field name="cat_priority" type="list" default="0.5" label="Category Priority" description="Set the priority for the categories">
                    <option value="-1">XMAP_OPTION_USE_PARENT_MENU</option>
                    <option value="0.0">0.0</option>
                    <option value="0.1">0.1</option>
                    <option value="0.2">0.2</option>
                    <option value="0.3">0.3</option>
                    <option value="0.4">0.4</option>
                    <option value="0.5">0.5</option>
                    <option value="0.6">0.6</option>
                    <option value="0.7">0.7</option>
                    <option value="0.8">0.8</option>
                    <option value="0.9">0.9</option>
                    <option value="1">1</option>
                </field>
                <field name="cat_changefreq" type="list" default="weekly" label="Category Change frequency" description="Set the chage frequency for the categories">
                    <option value="-1">XMAP_OPTION_USE_PARENT_MENU</option>
                    <option value="always">XMAP_OPTION_ALWAYS</option>
                    <option value="hourly">XMAP_OPTION_HOURLY</option>
                    <option value="daily">XMAP_OPTION_DAILY</option>
                    <option value="weekly">XMAP_OPTION_WEEKLY</option>
                    <option value="monthly">XMAP_OPTION_MONTHLY</option>
                    <option value="yearly">XMAP_OPTION_YEARLY</option>
                    <option value="never">XMAP_OPTION_NEVER</option>
                </field>
                <field name="link_priority" type="list" default="0.5" label="Listing Priority" description="Set the priority for the links">
                    <option value="-1">XMAP_OPTION_USE_PARENT_MENU</option>
                    <option value="0.0">0.0</option>
                    <option value="0.1">0.1</option>
                    <option value="0.2">0.2</option>
                    <option value="0.3">0.3</option>
                    <option value="0.4">0.4</option>
                    <option value="0.5">0.5</option>
                    <option value="0.6">0.6</option>
                    <option value="0.7">0.7</option>
                    <option value="0.8">0.8</option>
                    <option value="0.9">0.9</option>
                    <option value="1">1</option>
                </field>
                <field name="link_changefreq" type="list" default="weekly" label="Listing Change frequency" description="Set the chage frequency for the links">
                    <option value="-1">XMAP_OPTION_USE_PARENT_MENU</option>
                    <option value="always">XMAP_OPTION_ALWAYS</option>
                    <option value="hourly">XMAP_OPTION_HOURLY</option>
                    <option value="daily">XMAP_OPTION_DAILY</option>
                    <option value="weekly">XMAP_OPTION_WEEKLY</option>
                    <option value="monthly">XMAP_OPTION_MONTHLY</option>
                    <option value="yearly">XMAP_OPTION_YEARLY</option>
                    <option value="never">XMAP_OPTION_NEVER</option>
                </field>
            </fieldset>
        </fields>
     </config>
</extension>
