<?xml version="1.0" encoding="utf-8"?>
<extension version="2.5" type="plugin" group="content" method="upgrade">
	<name>Very Simple Image Gallery</name>
	<author>Andreas Berger</author>
	<creationDate>2012-04-17</creationDate>
	<copyright>Copyright (C) 2012 Andreas Berger - http://www.bretteleben.de. All rights reserved.</copyright>
	<license>GNU General Public License version 2 or later; see LICENSE.txt</license>
	<authorEmail>andreas_berger@bretteleben.de</authorEmail>
	<authorUrl>www.bretteleben.de</authorUrl>
	<version>1.6.7</version>
	<description>Image Gallery, large Picture with Thumbnails. Include with {vsig}foldername{/vsig}</description>

	<files>
		<filename plugin="verysimpleimagegallery">verysimpleimagegallery.php</filename>
		<folder>files</folder>
		<filename>index.html</filename>
	</files>

	<config>
		<fields name="params">
			<fieldset name="basic" addfieldpath="plugins/content/verysimpleimagegallery/files/">
			<field name="desc" type="bexml" view="intro" label="" description="" />

			<field name="gallery" type="bexml" view="gallery" label="" description="" />
			<field name="im_width" type="text" default="400" size="5" label="Gallery width" description="Adjust the width of your gallery." />
			<field name="im_height" type="text" default="" size="5" label="max. Image height" description="Set the maximum image height in relation to the set gallery width. Left empty, images get scaled using the full available width." />
			<field name="im_quality" type="text" default="90" size="5" label="Image quality" description="Adjust the quality of the generated main image. Values range from 0 to 100, with 100 giving the best possible result (and a large image file size). Values between 80 to 90 should be OK, too! Remember: the lower this value is, the lower the size of the generated image will be." />
			<field name="im_align" type="list" default="1" label="Align the gallery" description="This setting tells the plugin how to align the gallery in relation to the available space.">
				<option value="2">left</option>
				<option value="1">center</option>
				<option value="0">right</option>
				<option value="3">float left</option>
				<option value="4">float right</option>
			</field>


			<field name="thumbs" type="bexml" view="thumbs" label="" description="" />
			<field name="th_width" type="text" default="80" size="5" label="Thumbnail width" description="Adjust the thumbnail width in pixels." />
			<field name="th_height" type="text" default="60" size="5" label="Thumbnail height" description="Adjust the thumbnail height in pixels." />
			<field name="th_keep" type="list" default="keep" label="Crop thumbnails" description="Set if to treat the set dimensions as maximum values and keep proportions or to crop the thumbnails to fit them exactly.">
				<option value="keep">keep proportions</option>
				<option value="crop">crop</option>
			</field>
			<field name="th_quality" type="text" default="80" size="5" label="Thumbnail quality" description="Adjust the quality of the generated thumbnail. Values range from 0 to 100, with 100 giving the best possible result. Values between 60 to 70 should be OK, too! Remember: the lower this value is, the lower the size of the generated thumbnail will be." />
			<field name="th_space" type="text" default="3" size="5" label="Space between thumbs." description="The free horizonal and vertical space between your thumbnails in pixel."/>
			<field name="th_right" type="list" default="2" label="Thumbnails are shown" description="Choose where to display the thumbnails in relation to the main image.">
				<option value="0">Below the main image</option>
				<option value="2">Justified - below the main image</option>
				<option value="1">Right of the main image</option>
				<option value="3">Left of the main image</option>
			</field>
			<field name="th_cols" type="text" default="2" size="5" label="Thumbnail columns" description="If you have set the thumbs to display right/left of the main image, how many columns of thumbnails do you want to display? (Of relevance only if thumbnails are set to be displayed right/left of the main image.)"/>
			<field name="th_sort" type="list" default="0" label="Sort order" description="The sort order your images get displayed.">
				<option value="0">A-Z</option>
				<option value="1">Z-A</option>
				<option value="2">old-new</option>
				<option value="3">new-old</option>
				<option value="4">random</option>
			</field>
	

			<field name="sets" type="bexml" view="sets" label="" description="" />
			<field name="sets_use" type="text" default="" size="15" label="Use sets of size" description="Set the maximum thumbnails to show in one set and use bttons to navigate between them." />
			<field name="sets_txt" type="text" default="Set" size="15" label="Label sets" description="Label the navigation: Set, Album, ...." />
			<field name="ctrl_fwd" type="text" default="" size="15" label="Link/button forward" description="Set the text or image filename for the link/button forward or leave empty for default button." filter="raw"/>
			<field name="ctrl_back" type="text" default="" size="15" label="Link/button backward" description="Set the text or image filename for the link/button backward or leave empty for default button." filter="raw"/>


			<field name="captions" type="bexml" view="captions" label="" description="" />
			<field name="cap_show" type="radio" default="1" label="Show captions?" description="If set to yes, found captions are shown, if set to no, they get hidden.">
				<option value="1">Yes</option>
				<option value="0">No</option>
			</field>
			<field name="cap_pos" type="radio" default="1" label="Position of captions?" description="Choose where to show the captions, inside the main image or below.">
				<option value="1">Inside</option>
				<option value="0">Below</option>
			</field>
	

			<field name="links" type="bexml" view="links" label="" description="" />
			<field name="link_use" type="radio" default="1" label="Use links?" description="Choose whether to use found links.">
				<option value="1">Yes</option>
				<option value="0">No</option>
			</field>
			<field name="link_orig" type="radio" default="0" label="Link original image?" description="if set to yes, the plugin automatically links the main image to the original image file.">
				<option value="1">Yes</option>
				<option value="0">No</option>
			</field>
	

			<field name="others" type="bexml" view="others" label="" description="" />
			<field name="imagepath" type="text" default="/images/" size="50" label="Image root" description="The path to the root folder in which your folders with images are stored (by default /images/).This part of the path is added by the plugin automatically to the foldername/path you specify in the code in your article. Usually there is no need to change this." />
			<field name="buttonpath" type="text" default="/images/vsig_buttons/" size="50" label="Buttonfolder" description="If you have set custom buttons for sets, this is the folder the plugin looks for them (by default /images/vsig_buttons/)." />
			<field name="usescript" type="radio" default="1" label="Use JavaScript?" description="If set to yes, a click on a thumbnail changes the large picture on the same page. If set to no, the click reloads the page to change the large picture.">
				<option value="1">Yes</option>
				<option value="0">No</option>
			</field>
			<field name="th_hover" type="radio" default="0" label="Switch on hover thumb?" description="If set to yes, moving the mouse over a thumbnails changes the main image. I suggest to activate 'Preload images' if using this feature.">
				<option value="1">Yes</option>
				<option value="0">No</option>
			</field>
			<field name="preload" type="radio" default="0" label="Preload images?" description="If set to yes, images and thumbnails not visible on page load will get preloaded.">
				<option value="1">Yes</option>
				<option value="0">No</option>
			</field>
			<field name="tooltip" type="radio" default="0" label="File names as tooltips?" description="If set to yes, the image file name (without suffix) is used for ALT and TITLE (tooltip), if neither Caption nor Link is set.">
				<option value="1">Yes</option>
				<option value="0">No</option>
			</field>
			<field name="setid" type="radio" default="0" label="Foldername as ID?" description="If set to yes, the name of the given folder is also set as identity of the toplevel DIV, allowing the use of custom styles for each gallery.">
				<option value="1">Yes</option>
				<option value="0">No</option>
			</field>
			<field name="gd" type="bexml" view="gd" label="" description="" />
			</fieldset>
		</fields>
	</config>
</extension>