<?xml version="1.0" encoding="utf-8"?>
<extension type="component" version="2.5.0" method="upgrade">
	<name>com_quickcontent</name>
	<creationDate>2013-1-8</creationDate>
	<copyright>Copyright (C) 2012. All rights reserved.</copyright>
	<license>GNU General Public License version 2 or later; see LICENSE.txt</license>
    <author>Asika</author>
	<authorEmail>asika32764@gmail.com</authorEmail>
	<authorUrl>http://asikart.com</authorUrl>
	<version>1.1.2</version>
	<description>COM_QUICKCONTENT_XML_DESCRIPTION</description>
	
	
	<scriptfile>install.php</scriptfile>
	
	<install>
    	<sql>
        	<file driver="mysql" charset="utf8">sql/install.sql</file>
  		</sql>
    </install>
	
	
	<uninstall>
    	<sql>
        	<file driver="mysql" charset="utf8">sql/uninstall.sql</file>
  		</sql>
    </uninstall>
	
	
	
	<administration>
		<menu img="components/com_quickcontent/images/admin-icons/menu-quickcontent.png">COM_QUICKCONTENT</menu>
		
		
		
		<files folder="admin">
			<filename>index.html</filename>
			<filename>controller.php</filename>
			<filename>quickcontent.php</filename>
			<filename>install.php</filename>
			<filename>access.xml</filename>
			<filename>config.xml</filename>
			<folder>windwalker</folder>
			<folder>controllers</folder>
			<folder>helpers</folder>
			<folder>images</folder>
			<folder>includes</folder>
			<folder>language</folder>
			<folder>models</folder>
			<folder>sql</folder>
			<folder>tables</folder>
			<folder>views</folder>
		</files>
	</administration>
	
	
	
	<modules>
		<!--<module>mod_quickcontent</module>-->
	</modules>
	
	
	<plugins>
		<!--<plugin>plg_system_quickcontent</plugin>-->
	</plugins>
	
</extension>

