<?xml version="1.0" encoding="utf-8"?>
<install version="1.5" type="plugin" group="system" method="upgrade" >
	<name>ZOOlingual</name>
	<author>ZOOlanders</author>
	<creationDate>April 2011</creationDate>
	<copyright>Copyright (C) 2011 JOOlanders SL</copyright>
	<license>http://www.gnu.org/licenses/gpl-2.0.html GNU/GPLv2 only</license>
	<authorEmail>info@zoolanders.com</authorEmail>
	<authorUrl>http://www.zoolanders.com</authorUrl>
	<version>2.5.7</version>
	<description>ZOOlingual - Make your ZOO international</description>
	<files>
		<filename plugin="zoolingual">zoolingual.php</filename>
		<folder>zoolingual</folder>		
	</files>
	<languages folder="languages">
		<language tag="en-GB">en-GB.plg_system_zoolingual.ini</language>
    </languages>
</install>