<?xml version="1.0" encoding="utf-8" standalone="no"?>
<extension group="system" method="upgrade" type="plugin" version="2.5">
    <name>System - RokSprocket</name>
    <creationDate>November 15, 2012</creationDate>
    <author>RocketTheme, LLC</author>
    <authorEmail>support@rockettheme.com</authorEmail>
    <authorUrl>http://www.rockettheme.com</authorUrl>
    <copyright>(C) 2005 - 2012 RocketTheme, LLC. All rights reserved.</copyright>
    <license>http://www.gnu.org/copyleft/gpl.html GNU/GPL</license>
    <version>1.8.2</version>
    <description>RokSprocket System Plugin</description>
    <files>
        <filename plugin="roksprocket">roksprocket.php</filename>
        <filename>index.html</filename>
        <filename>checksums</filename>
    </files>
</extension>
