<?xml version="1.0" encoding="utf-8"?>
<install type="component" version="1.5.0" method="upgrade">
	<name>Admintools</name>
	<creationDate>2012-05-22</creationDate>
	<author>Nicholas K. Dionysopoulos</author>
	<authorEmail>nicholas@akeebabackup.com</authorEmail>
	<authorUrl>http://www.akeebabackup.com</authorUrl>
	<copyright>Copyright (c)2010 Nicholas K. Dionysopoulos</copyright>
	<license>This component in released under the GNU/GPL v3 or later license</license>
	<version>rev85B69F1</version>
	<description>Security and utilitarian tools for Joomla! site administrators</description>

	<!-- Public front end files -->
	<files folder="frontend">
		<filename>admintools.php</filename>
		<filename>index.html</filename>
		<folder>views</folder>
	</files>

	<!-- Front end translation files -->
	<languages folder="language/frontend">
		<language tag="en-GB">en-GB/en-GB.com_admintools.ini</language>
	</languages>

	<!-- SQL query files to execute on installation -->
	<install>
		<sql>
			<file charset="utf8" driver="mysql">install.sql</file>
			<file driver="mysql">install.sql</file>
			<file charset="utf8" driver="mysqli">install.sql</file>
			<file driver="mysqli">install.sql</file>
		</sql>
	</install>

	<!-- SQL query files to execute on uninstallation -->
	<uninstall>
		<sql>
			<file charset="utf8" driver="mysql">uninstall.sql</file>
			<file driver="mysql">uninstall.sql</file>
			<file charset="utf8" driver="mysqli">uninstall.sql</file>
			<file driver="mysqli">uninstall.sql</file>
		</sql>
	</uninstall>
	
	<!-- Media files -->
	<media destination="com_admintools" folder="media">
		<folder>css</folder>
		<folder>images</folder>
		<folder>js</folder>
	</media>

	<!-- Administrator back-end section -->
	<administration>
		<!-- Administration menu -->
		<menu view="cpanel"
			img="../media/com_admintools/images/admintools-16.png">COM_ADMINTOOLS</menu>

		<!-- Back-end files -->
		<files folder="backend">
			<filename>access.xml</filename>
			<filename>admintools.php</filename>
			<filename>config.xml</filename>
			<filename>dispatcher.php</filename>
			<filename>index.html</filename>
			<filename>install.sql</filename>
			<filename>restore.php</filename>
			<filename>toolbar.php</filename>
			<filename>uninstall.sql</filename>
			<filename>version.php</filename>
			<filename>CHANGELOG.php</filename>

			<folder>akeeba</folder>
			<folder>assets</folder>
			<folder>classes</folder>
			<folder>controllers</folder>
			<folder>fof</folder>
			<folder>helpers</folder>
			<folder>liveupdate</folder>
			<folder>models</folder>
			<folder>tables</folder>
			<folder>views</folder>
		</files>

		<!-- Back-end translation files -->
		<languages folder="language/backend">
			<language tag="en-GB">en-GB/en-GB.com_admintools.ini</language>
			<language tag="en-GB">en-GB/en-GB.com_admintools.sys.ini</language>
			<language tag="en-GB">en-GB/en-GB.com_admintools.menu.ini</language>			
		</languages>

	</administration>

	<!-- Installation / uninstallation PHP scripts -->
	<installfile>install.admintools.php</installfile>
	<uninstallfile>uninstall.admintools.php</uninstallfile>
	<scriptfile>script.admintools.php</scriptfile>

	<!-- Akeeba Backup System Restore Points integration -->
	<restorepoint>
		<customdirs>
			<dir>administrator/modules/mod_atjupgrade</dir>
			<dir>plugins/system/admintools</dir>
			<dir>plugins/system/atoolsjupdatecheck</dir>
			<dir>plugins/system/atoolsupdatecheck</dir>
			<dir>plugins/system/oneclickaction</dir>
		</customdirs>
		<customfiles>
			<file>plugins/system/admintools.php</file>
			<file>plugins/system/admintools.xml</file>
			<file>plugins/system/atoolsjupdatecheck.php</file>
			<file>plugins/system/atoolsjupdatecheck.xml</file>
			<file>plugins/system/atoolsupdatecheck.php</file>
			<file>plugins/system/atoolsupdatecheck.xml</file>
			<file>plugins/system/oneclickaction.php</file>
			<file>plugins/system/oneclickaction.xml</file>
		</customfiles>
		<langfiles>
			<lang>mod_atjupgrade</lang>
			<lang>plg_system_admintools</lang>
			<lang>plg_system_atoolsjupdatecheck</lang>
			<lang>plg_system_atoolsupdatecheck</lang>
			<lang>plg_system_oneclickaction</lang>
		</langfiles>
		<skiptables>
			<table>admintools_filescache</table>
			<table>admintools_log</table>
			<table>admintools_scanalerts</table>
			<table>admintools_scans</table>
		</skiptables>
	</restorepoint>
</install>
