<?xml version="1.0" encoding="utf-8"?>
<!DOCTYPE install SYSTEM "http://dev.joomla.org/xml/1.5/module-install.dtd">
<extension version="2.5" type="module" client="site" method="upgrade">
	<name>Community - JomSocial Connect</name>
	<author>JomSocial Team</author>
	<creationDate>March 2011</creationDate>
	<copyright>Copyright (C) 2008 - 2010 JomSocial. All rights reserved.</copyright>
	<license>http://www.gnu.org/licenses/gpl-2.0.html GNU/GPL</license>
	<authorEmail>support@jomsocial.com</authorEmail>
	<authorUrl>http://www.jomsocial.com</authorUrl>
	<version>2.8.3</version>
	<description>Displays facebook connect logo</description>
	<files>
		<filename module="mod_jomsocialconnect">mod_jomsocialconnect.php</filename>
		<filename>mod_jomsocialconnect.xml</filename>
		<filename>index.html</filename>
		<folder>tmpl</folder>
	</files>
	<params>
		<param name="moduleclass_sfx" type="text" default="" label="Module Class Suffix" description="PARAMMODULECLASSSUFFIX" />
	</params>
        <!-- Joomla! 1.6 uses fieldset -->
        <config>
            <fields name="params">
                <fieldset name="basic" label="Module Class Suffix">
                        <field name="moduleclass_sfx" type="text" default="" label="Module Class Suffix" />
                </fieldset>
            </fields>
        </config>
</extension>