<?xml version="1.0" encoding="utf-8"?>
<extension type="module"
        version="2.5"
        client="administrator"
        method="upgrade"
        >
    <name>mod_ccc_hotspots_icons</name>
    <author>compojoom.com</author>
    <creationDate>2012-10-16</creationDate>
    <copyright>Copyright (C) 2012 Yves Hoppe - compojoom.com. All rights reserved.</copyright>
    <license>GNU General Public License version 2 or later; see LICENSE.txt</license>
    <authorEmail>yves@compojoom.com</authorEmail>
    <authorUrl>compojoom.com</authorUrl>
    <version>3.2.1</version>
    <description>MOD_CCC_HOTSPOTS_ICONS_XML_DESCRIPTION</description>
    <files>
        <file module="mod_ccc_hotspots_icons">mod_ccc_hotspots_icons.php</file>
<folder>tmpl</folder>
    </files>
    <languages folder="administrator/language">
        <language tag="de-DE">de-DE/de-DE.mod_ccc_hotspots_icons.ini</language>
<language tag="en-GB">en-GB/en-GB.mod_ccc_hotspots_icons.ini</language>
<language tag="es-ES">es-ES/es-ES.mod_ccc_hotspots_icons.ini</language>
<language tag="fi-FI">fi-FI/fi-FI.mod_ccc_hotspots_icons.ini</language>
<language tag="hu-HU">hu-HU/hu-HU.mod_ccc_hotspots_icons.ini</language>
<language tag="nl-NL">nl-NL/nl-NL.mod_ccc_hotspots_icons.ini</language>
<language tag="ru-RU">ru-RU/ru-RU.mod_ccc_hotspots_icons.ini</language>
<language tag="sv-SE">sv-SE/sv-SE.mod_ccc_hotspots_icons.ini</language>
    </languages>
    <config>

    </config>
</extension>
