<?xml version="1.0" encoding="utf-8"?>
<element type="itemlink" group="Core" hidden="true">
	<name>Item Link</name>
	<author>YOOtheme</author>
	<creationDate>August 2011</creationDate>
	<copyright>Copyright (C) YOOtheme GmbH</copyright>
	<authorEmail>info@yootheme.com</authorEmail>
	<authorUrl>http://www.yootheme.com</authorUrl>
	<version>2.5.0</version>
	<description>Item Link Core System</description>
	<params group="render">
		<param name="link_text" type="text" default="" label="Link Text" description="Leave blank to use default 'read more' text" />
	</params>
</element>