<?xml version="1.0" encoding="utf-8"?>
<install type="component" version="1.5" method="upgrade">
<name>rsinstaller</name>
<author>RSJoomla</author>
<creationDate>04/06/2009</creationDate>
<copyright>(C) 2007-2010 www.rsjoomla.com</copyright>
<authorEmail>support@rsjoomla.com</authorEmail>
<authorUrl>www.rsjoomla.com</authorUrl>
<version>1.3.0</version>
<description><![CDATA[RSForm!Pro - Google Analytics plugin allows you to add your Google Analytics code to your form. Works with at least RSForm! Pro 1.3.0 REV30!]]></description>
	<installfile>install.rsinstaller.php</installfile>
	<scriptfile>script.rsinstaller.php</scriptfile>
	<administration>
	</administration>
</install>