<?xml version="1.0" encoding="UTF-8" ?>
<extension type="package" version="1.6">
	 <name>Events Booking Package</name>
	  <packagename>eventbooking</packagename>
	  <creationDate>September 2012</creationDate>
	  <author>Tuan Pham Ngoc</author>
	  <authorEmail>contact@joomdonation.com</authorEmail>
	  <authorUrl>http://www.joomdonation.com</authorUrl>
	  <copyright>Copyright (C) 2012 Ossolution Team</copyright>
	  <license>http://www.gnu.org/licenses/gpl-2.0.html GNU/GPL</license>
	  <version>1.5.0</version>
	  <description>Event Booking is a simple, secure, extendable, intuititive event registration extension for Joomla 1.5, 1.6, 1.7, 2.5, 3.0</description>
	 <files folder="packages">
	   <file type="component" id="eventbooking" >com_eventbooking.zip</file>
	   <file type="module" id="eventbooking" client="site">mod_eb_cart.zip</file>
	   <file type="module" id="eventbooking" client="site">mod_eb_categories.zip</file>
	   <file type="module" id="eventbooking" client="site">mod_eb_events.zip</file>   
	   <file type="module" id="eventbooking" client="site">mod_eb_locations.zip</file>   
	   <file type="module" id="eventbooking" client="site">mod_eb_minicalendar.zip</file>   
	   <file type="module" id="eventbooking" client="site">mod_eb_search.zip</file>   
	   <file type="plugin" id="eventbooking" group="eventbooking">plug_acajoom.zip</file>   
	   <file type="plugin" id="eventbooking" group="eventbooking">plug_acymailing.zip</file>
	   <file type="plugin" id="eventbooking" group="eventbooking">plug_cartupdate.zip</file>
	   <file type="plugin" id="eventbooking" group="eventbooking">plug_ccnewsletter.zip</file>
	   <file type="plugin" id="eventbooking" group="eventbooking">plug_jsactivities.zip</file>
	   <file type="plugin" id="eventbooking" group="eventbooking">plug_moveregistrants.zip</file>
	   <file type="plugin" id="eventbooking" group="eventbooking">plug_unpublishevents.zip</file>
	   <file type="plugin" id="eventbooking" group="eventbooking">plug_ebcommunitybuilder.zip</file>
	   <file type="plugin" id="eventbooking" group="content">plug_ebregister.zip</file>
	   <file type="plugin" id="eventbooking" group="content">plug_ebevent.zip</file>
	   <file type="plugin" id="eventbooking" group="system">plug_ebreminder.zip</file>
	   <file type="plugin" id="eventbooking" group="search">plug_search_eventbooking.zip</file>	   
	   <file type="plugin" id="eventbooking" group="community">plug_js_regisrationhisory.zip</file>
	 </files>
 </extension>