<?xml version="1.0" encoding="utf-8"?>
<install type="module" version="1.5.0" client="site" method="upgrade">
	<name>AceShop - All-in-One</name>
	<author>JoomAce LLC</author>
	<creationDate>April 2012</creationDate>
	<copyright>2009-2012 JoomAce LLC. All rights reserved.</copyright>
	<license>http://www.gnu.org/licenses/gpl-2.0.html GNU/GPL</license>
	<authorEmail>info@joomace.net</authorEmail>
	<authorUrl>www.joomace.net</authorUrl>
	<version>1.0.1</version>
	<description>AceShop All-in-One Module</description>
	<files>
		<filename module="mod_aceshop">index.html</filename>
		<filename module="mod_aceshop">mod_aceshop.php</filename>
	</files>
    <params addpath="/components/com_aceshop/aceshop/elements">
        <param name="moduleclass_sfx" type="text" default="_menu" label="Module Class Suffix" description="PARAMMODULECLASSSUFFIX" />
        <param name="module" type="aceshopmodule" default="cart" label="Module" description="Module" />
        <param name="layout_id" type="aceshoplayout" default="12" label="Layout" description="Layout" />
    </params>
    <params group="advanced">
        <param name="cache" type="list" default="0" label="Caching" description="Select whether to cache the content of this module">
            <option value="1">Use global</option>
            <option value="0">No caching</option>
        </param>
        <param name="cache_time" type="text" default="900" label="Cache Time" description="The time before the module is recached" />
    </params>
	<config>
		<fields name="params" addfieldpath="/components/com_aceshop/aceshop/elements">
			<fieldset name="basic">
				<field name="moduleclass_sfx" type="text" default="" label="Module Class Suffix" description="Module Suffix" />
                <field name="module" type="aceshopmodule" default="cart" label="Module" description="Module" />
                <field name="layout_id" type="aceshoplayout" default="12" label="Layout" description="Layout" />
			</fieldset>
		</fields>
	</config>
</install>
