<?xml version="1.0" encoding="utf-8"?>
<extension type="module" version="1.6" method="upgrade">
  <name>MOD_MOOFAQ_SEARCH</name>
  <creationDate>02-Jul-2012</creationDate>
  <author>Douglas Machado </author>
  <authorEmail>admin@fok.com.br</authorEmail>
  <authorUrl>www.idealextensions.com</authorUrl>
  <copyright>Copyright (C) 2006 - 2011 iDeal Extensions for Joomla!. 		All rights reserved.</copyright>
  <license>GNU General Public License version 2 or later; see 		LICENSE.txt</license>
  <version>2.5.5</version>
  <description>MOD_MOOFAQ_SEARCH_XML_DESCRIPTION</description>
  <files folder="site">
    <folder>install</folder>
    <folder>language</folder>
    <folder>tmpl</folder>
    <filename>easycreator.xml</filename>
    <filename>helper.php</filename>
    <filename>index.html</filename>
    <filename module="mod_moofaq_search">mod_moofaq_search.php</filename>
  </files>
  <params/>
  <config>
    <fields name="params">
      
      
    <fieldset name="basic" addfieldpath="/administrator/components/com_moofaq/models/fields">
        
        
        
        
        
        
        
        
      <field name="set_itemid" type="menuitemfiltered" component="com_moofaq&amp;view=search" label="MOD_MOOFAQ_SEARCH_FIELD_SETITEMID_LABEL" description="MOD_MOOFAQ_SEARCH_FIELD_SETITEMID_DESC" required="true"></field><field name="label" type="label" label="MOD_MOOFAQ_SEARCH_FIELD_LABEL_TEXT_LABEL" description="MOD_MOOFAQ_SEARCH_FIELD_LABEL_TEXT_DESC"></field><field name="width" type="text" default="20" label="MOD_MOOFAQ_SEARCH_FIELD_BOXWIDTH_LABEL" description="MOD_MOOFAQ_SEARCH_FIELD_BOXWIDTH_DESC"></field><field name="text" type="text" label="MOD_MOOFAQ_SEARCH_FIELD_TEXT_LABEL" description="MOD_MOOFAQ_SEARCH_FIELD_TEXT_DESC"></field><field name="button" type="radio" label="MOD_MOOFAQ_SEARCH_FIELD_BUTTON_LABEL" description="MOD_MOOFAQ_SEARCH_FIELD_BUTTON_DESC">
          
          
        <option value="">JNO</option><option value="1">JYES</option></field><field name="button_pos" type="list" default="right" label="MOD_MOOFAQ_SEARCH_FIELD_BUTTONPOS_LABEL" description="MOD_MOOFAQ_SEARCH_FIELD_BUTTONPOS_DESC">
          
          
          
          
        <option value="right">MOD_MOOFAQ_SEARCH_FIELD_VALUE_RIGHT</option><option value="left">MOD_MOOFAQ_SEARCH_FIELD_VALUE_LEFT</option><option value="top">MOD_MOOFAQ_SEARCH_FIELD_VALUE_TOP</option><option value="bottom">MOD_MOOFAQ_SEARCH_FIELD_VALUE_BOTTOM</option></field><field name="imagebutton" type="radio" label="MOD_MOOFAQ_SEARCH_FIELD_IMAGEBUTTON_LABEL" description="MOD_MOOFAQ_SEARCH_FIELD_IMAGEBUTTON_DESC">
          
          
        <option value="">JNO</option><option value="1">JYES</option></field><field name="button_text" type="text" label="MOD_MOOFAQ_SEARCH_FIELD_BUTTONTEXT_LABEL" description="MOD_MOOFAQ_SEARCH_FIELD_BUTTONTEXT_DESC"></field></fieldset><fieldset name="advanced">
        
        
        
        
        
        
        
        
        
        
      <field name="ttile-Filtering0Options" type="title" default="" label="COM_MOOFAQ_SEARCH_FILTERING_OPTIONS_LABEL" description="COM_MOOFAQ_SEARCH_FILTERING_OPTIONS_DESC"></field><field name="exclude-categories" type="multiplecategories" multiple="1" default="" extension="com_content" label="COM_MOOFAQ_SEARCH_EXCLUDE_CATEGORIES_LABEL" description="COM_MOOFAQ_SEARCH_EXCLUDE_CATEGORIES_DESC"></field><field name="search_type" type="list" default="any" label="COM_MOOFAQ_SEARCH_TYPE_LABEL" description="COM_MOOFAQ_SEARCH_TYPE_DESC">
          
          
        <option value="keywords">COM_MOOFAQ_SEARCH_TYPE_OPT_KEYWORDS</option><option value="any">Title, Text and Keywords</option></field><field name="search" type="text" default="" label="COM_MOOFAQ_SEARCH_TERM_LABEL" description="COM_MOOFAQ_SEARCH_TERM_DESC"></field><field name="searchphrase" type="radio" default="all" label="COM_MOOFAQ_SEARCH_PHRASE_LABEL" description="COM_MOOFAQ_SEARCH_PHRASE_DESC">
          
          
        <option value="all">COM_MOOFAQ_SEARCH_PHRASE_OPT_ALL</option><option value="any">COM_MOOFAQ_SEARCH_PHRASE_OPT_ANY</option></field><field name="layout" type="modulelayout" label="JFIELD_ALT_LAYOUT_LABEL" description="JFIELD_ALT_MODULE_LAYOUT_DESC"></field><field name="moduleclass_sfx" type="text" label="COM_MODULES_FIELD_MODULECLASS_SFX_LABEL" description="COM_MODULES_FIELD_MODULECLASS_SFX_DESC"></field><field name="cache" type="list" default="1" label="COM_MODULES_FIELD_CACHING_LABEL" description="COM_MODULES_FIELD_CACHING_DESC">
          
          
        <option value="1">JGLOBAL_USE_GLOBAL</option><option value="0">COM_MODULES_FIELD_VALUE_NOCACHING</option></field><field name="cache_time" type="text" default="900" label="COM_MODULES_FIELD_CACHE_TIME_LABEL" description="COM_MODULES_FIELD_CACHE_TIME_DESC"></field><field name="cachemode" type="hidden" default="itemid">
          
        <option value="itemid"></option></field></fieldset></fields>
  </config>
</extension>
