<?xml version="1.0" encoding="utf-8"?>
<install type="component" version="1.5.0" method="upgrade">
	<name>AceShop</name>
	<author>JoomAce LLC</author>
	<creationDate>June 2012</creationDate>
	<authorEmail>info@joomace.net</authorEmail>
	<authorUrl>http://www.joomace.net</authorUrl>
	<copyright>Copyright (C) JoomAce LLC, www.joomace.net</copyright>
	<license>GNU/GPL, http://www.gnu.org/licenses/gpl-2.0.html</license>
	<version>1.4.2</version>
	<description>AceShop: The e-Commerce power of OpenCart inside Joomla! AceShop is the integration of two of the most popular open source projects in the world: OpenCart and Joomla!</description> 
	
	<files folder="site">
		<folder>aceshop</folder>
		<folder>assets</folder>
		<folder>views</folder>
		<filename>aceshop.php</filename>
		<filename>index.html</filename>
		<filename>router.php</filename>
	</files>
	
	<administration>
		<menu img="components/com_aceshop/assets/images/icon-16-aceshop.png">AceShop</menu>
		<submenu>
	    	<menu link="option=com_aceshop" img="components/com_aceshop/assets/images/icon-16-aceshop.png">COM_ACESHOP_DASHBOARD</menu>
	    	<menu link="option=com_aceshop&amp;route=setting/store" img="components/com_aceshop/assets/images/icon-16-aceshop-settings.png">COM_ACESHOP_SETTINGS</menu>
	    	<menu link="option=com_aceshop&amp;route=catalog/category" img="components/com_aceshop/assets/images/icon-16-aceshop-categories.png">COM_ACESHOP_CATEGORIES</menu>
	      	<menu link="option=com_aceshop&amp;route=catalog/product" img="components/com_aceshop/assets/images/icon-16-aceshop-products.png">COM_ACESHOP_PRODUCTS</menu>
			<menu link="option=com_aceshop&amp;route=sale/coupon" img="components/com_aceshop/assets/images/icon-16-aceshop-coupons.png">COM_ACESHOP_COUPONS</menu>
	      	<menu link="option=com_aceshop&amp;route=sale/customer" img="components/com_aceshop/assets/images/icon-16-aceshop-customers.png">COM_ACESHOP_CUSTOMERS</menu>
			<menu link="option=com_aceshop&amp;route=sale/order" img="components/com_aceshop/assets/images/icon-16-aceshop-orders.png">COM_ACESHOP_ORDERS</menu>
	      	<menu link="option=com_aceshop&amp;route=sale/affiliate" img="components/com_aceshop/assets/images/icon-16-aceshop-affiliates.png">COM_ACESHOP_AFFILIATES</menu>
	      	<menu link="option=com_aceshop&amp;route=sale/contact" img="components/com_aceshop/assets/images/icon-16-aceshop-mailing.png">COM_ACESHOP_MAILING</menu>
	    </submenu>
		<files folder="admin">
			<folder>assets</folder>
			<filename>access.xml</filename>
			<filename>config.xml</filename>
			<filename>install.sql</filename>
			<filename>uninstall.sql</filename>
			<filename>index.html</filename>
			<filename>admin.aceshop.php</filename>
		</files>
		<languages>
			<language tag="en-GB">languages/en-GB.com_aceshop.ini</language>
			<language tag="en-GB">languages/en-GB.com_aceshop.sys.ini</language>
			<language tag="en-GB">languages/en-GB.com_aceshop.menu.ini</language>
		</languages>
	</administration>
	
	<installfile>install.aceshop.php</installfile>
	<uninstallfile>uninstall.aceshop.php</uninstallfile>
	
	<!--
	<install>
		<sql>
			<file charset="utf8" driver="mysql">install.sql</file>
			<file charset="utf8" driver="mysqli">install.sql</file>
		</sql>
	</install>
	
	<uninstall>
		<sql>
			<file charset="utf8" driver="mysql">uninstall.sql</file>
			<file charset="utf8" driver="mysqli">uninstall.sql</file>
		</sql>
	</uninstall>
	-->
</install>