<?xml version="1.0" encoding="utf-8"?>
<extension type="component" version="1.6.0" method="upgrade">
	<name>EasyDiscuss</name>
	<creationDate>23/12/2011</creationDate>
	<author>StackIdeas</author>
	<authorEmail>support@stackideas.com</authorEmail>
	<authorUrl>http://www.stackideas.com</authorUrl>
	<copyright>Copyright 2009 - 2011 Stack Ideas. All rights reserved</copyright>
	<license>GPL License</license>
	<version>2.0.3945</version>
	<description>
		Discussion extension for your Joomla! site.
	</description>
	<scriptfile>script.php</scriptfile>
	<install>
		<sql>
			<file driver="mysql" charset="utf8">install.mysql.utf8.sql</file>
		</sql>
	</install>
	<uninstall>
		<sql>
			<file driver="mysql" charset="utf8">uninstall.mysql.utf8.sql</file>
		</sql>
	</uninstall>
	<update>
		<schemas>
			<schemapath type="mysql">sql/updates/mysql</schemapath>
		</schemas>
	</update>
	
	<files folder="site">		
		<folder>assets</folder>
		<folder>classes</folder>
		<folder>controllers</folder>
		<folder>helpers</folder>
		<folder>models</folder>
		<folder>sef_ext</folder>
		<folder>themes</folder>
		<folder>views</folder>			
		<filename>constants.php</filename>
		<filename>COPYRIGHT.PHP</filename>
		<filename>router.php</filename>
		<filename>easydiscuss.php</filename>
		<filename>index.html</filename>
		<filename>jomsocial_rule.xml</filename>
		<filename>badwords_list.txt</filename>
		<filename>views.php</filename>
	</files>
	
	<media folder="media">
        <folder>com_easydiscuss</folder>
	</media>
		
	<administration>
		<menu link="option=com_easydiscuss" img="../media/com_easydiscuss/images/easydiscuss-favicon.png">COM_EASYDISCUSS</menu>
		<submenu>
			<menu view="users" img="components/com_easydiscuss/assets/images/users-favicon.png">COM_EASYDISCUSS_ADMIN_MENU_USERS</menu>
			<menu view="reports" img="components/com_easydiscuss/assets/images/reports-favicon.png">COM_EASYDISCUSS_ADMIN_MENU_REPORTS</menu>
			<menu view="settings" img="components/com_easydiscuss/assets/images/settings-favicon.png">COM_EASYDISCUSS_ADMIN_MENU_SETTINGS</menu>
			<menu view="tags" img="components/com_easydiscuss/assets/images/tags-favicon.png">COM_EASYDISCUSS_ADMIN_MENU_TAGS</menu>
			<menu view="categories" img="components/com_easydiscuss/assets/images/categories-favicon.png">COM_EASYDISCUSS_ADMIN_MENU_CATEGORIES</menu>
			<menu view="posts" img="components/com_easydiscuss/assets/images/discussions-favicon.png">COM_EASYDISCUSS_MENU_DISCUSSIONS</menu>
			<menu view="acls" img="components/com_easydiscuss/assets/images/acl-favicon.png">COM_EASYDISCUSS_ADMIN_MENU_ACL</menu>
			<menu view="subscription" img="components/com_easydiscuss/assets/images/subscription-favicon.png">COM_EASYDISCUSS_ADMIN_MENU_SUBSCRIPTION</menu>
			<menu view="badges" img="components/com_easydiscuss/assets/images/badges-favicon.png">COM_EASYDISCUSS_ADMIN_MENU_BADGES</menu>
			<menu view="ranks" img="components/com_easydiscuss/assets/images/ranks-favicon.png">COM_EASYDISCUSS_ADMIN_MENU_RANKING</menu>			
		</submenu>
		
		<files folder="admin">
			<folder>assets</folder>
			<folder>controllers</folder>
			<folder>models</folder>
			<folder>tables</folder>
			<folder>views</folder>
			<folder>elements</folder>
			<folder>sql</folder>		
			<file>admin.easydiscuss.php</file>
			<file>configuration.ini</file>
			<file>install.default.php</file>
			<file>install.mysql.utf8.sql</file>
			<file>toolbar.easydiscuss.php</file>
			<file>uninstall.mysql.utf8.sql</file>
			<file>views.php</file>
		</files>
		<languages>
			<language tag="en-GB">languages/admin/en-GB.com_easydiscuss.ini</language>
			<language tag="en-GB">languages/admin/en-GB.com_easydiscuss.sys.ini</language>
			<language tag="bg-BG">languages/admin/bg-BG.com_easydiscuss.ini</language>
			<language tag="bg-BG">languages/admin/bg-BG.com_easydiscuss.sys.ini</language>
			<language tag="sv-SE">languages/admin/sv-SE.com_easydiscuss.ini</language>
			<language tag="sv-SE">languages/admin/sv-SE.com_easydiscuss.sys.ini</language>			
		</languages>
	</administration>
	<languages>
		<language tag="en-GB">languages/site/en-GB.com_easydiscuss.ini</language>
		<language tag="bg-BG">languages/site/bg-BG.com_easydiscuss.ini</language>
		<language tag="sv-SE">languages/site/sv-SE.com_easydiscuss.ini</language>
	</languages>
</extension>
