<?xml version="1.0" encoding="utf-8" ?>
<install version="1.6" client="administrator" type="language" method="upgrade">
<author>rsjoomla.com</author>
 <authorEmail>support@rsjoomla.com</authorEmail>
 <authorUrl>http://www.rsjoomla.com</authorUrl>
 <copyright>Copyright (C) 2007 - 2010 RSJoomla.com</copyright>
 <creationDate>2011-10-17</creationDate>
 <description></description>
 <license>http://www.gnu.org/licenses/gpl-2.0.html GNU/GPL</license>
 <name>Spanish</name>
 <tag>es-ES</tag>
 
 <version>1.3.0</version>
	<files folder="../">
		  <filename>es-ES.com_rsform.ini</filename>
		  <filename>es-ES.com_rsform.menu.ini</filename>
		  <filename>es-ES.com_rsform.sys.ini</filename>
		  <filename>es-ES.plg_system_rsfpmailchimp.ini</filename>
		  <filename>es-ES.plg_system_rsfpmappings.ini</filename>
		  <filename>es-ES.plg_system_rsfppaypal.ini</filename>
		  <filename>es-ES.plg_system_rsfprecaptcha.ini</filename>
		  <filename>es-ES.plg_system_rsfprsevents.ini</filename>
		  <filename>es-ES.plg_system_rsfpsalesforce.ini</filename>
		  <filename>es-ES.plg_system_rsfpakismet.ini</filename>
		  <filename>es-ES.plg_system_rsfpconstantcontact.ini</filename>
		  <filename>es-ES.plg_system_rsfpregistration.ini</filename>
    </files>
</install>
