<?xml version="1.0" encoding="utf-8"?>
<!DOCTYPE install SYSTEM "http://dev.joomla.org/xml/1.5/module-install.dtd">
<extension version="2.5" type="module" client="site" method="upgrade">
<!--install type="module" version="1.5.0" method="upgrade"-->
	<name>Community - Video Comments</name>
	<author>JomSocial Team</author>
	<creationDate>March 2011</creationDate>
	<copyright>Copyright (C) 2008 - 2010 JomSocial. All rights reserved.</copyright>
	<license>http://www.gnu.org/licenses/gpl-2.0.html GNU/GPL</license>
	<authorEmail>support@jomsocial.com</authorEmail>
	<authorUrl>http://www.jomsocial.com</authorUrl>	
	<version>2.8.3</version>
	<description>Displays recent video walls</description>
	<languages>
		<language tag="en-GB">en-GB.mod_videocomments.ini</language>
	</languages>
	<files>
		<filename module="mod_videocomments">mod_videocomments.php</filename>
		<filename>mod_videocomments.xml</filename>
		<filename>index.html</filename>
		<filename>helper.php</filename>
		<folder>tmpl</folder>
	</files>
	<params>
		<param name="moduleclass_sfx" type="text" default="" label="Module Class Suffix" description="PARAMMODULECLASSSUFFIX" />
		<param name="count" type="text" default="5" label="Count" description="The number of wall posts to display (default is 5)" />
		<param name="character_limit" type="text" default="0" label="Character limit" description="Character limit. 0 for no limit." />
		<param name="privacy" type="list" default="list" label="Privacy" description="To respect the video's privacy or not.">
			<option value="0">Show All</option>
			<option value="1">Only Public</option>
		</param>
		<param name="moduleclass_sfx" type="text" default="" label="Module Class Suffix" description="PARAMMODULECLASSSUFFIX" />
	</params>
	<config>
		<fields name="params">
			<fieldset name="basic">
				<field name="moduleclass_sfx" type="text" default="" label="Module Class Suffix" description="PARAMMODULECLASSSUFFIX" />
				<field name="count" type="text" default="5" label="Count" description="The number of wall posts to display (default is 5)" />
				<field name="character_limit" type="text" default="0" label="Character limit" description="Character limit. 0 for no limit." />
				<field name="privacy" type="list" default="list" label="Privacy" description="To respect the video's privacy or not.">
					<option value="0">Show All</option>
					<option value="1">Only Public</option>
				</field>
			</fieldset>
		</fields>
	</config>
</extension>
