<?xml version="1.0" encoding="UTF-8"?>
<cbinstall version="3.5.3" type="plugin" group="user" method="upgrade">
	<name>Hotspots</name>
	<author>Daniel Dimitrov</author>
	<creationDate>2013-08-09</creationDate>
 	<copyright>(C) 2011 Daniel Dimitrov - compojoom.com</copyright>
	<license>http://www.gnu.org/copyleft/gpl.html GNU/GPL</license>
	<authorEmail>services@compojoom.com</authorEmail>
	<authorUrl>www.compojoom.com</authorUrl>
	<version>1.8</version>
	<description>
		This Community Builder Plugin displays a map in the cb tab, with all hotspot markers added by of the user. 
		More informations, download and more about hotspots you find at http://www.compojoom.com
	</description>
	<files>
		<filename plugin="hotspots">hotspots.php</filename>
		<filename>hotspots.css</filename>
		<filename>HotspotsCB.js</filename>
	</files>
	<params>
		<param	name="hslimit" type="text" label="How many new markers to display" default="30" description="Specify how many new spots should be loaded for the users.">
		</param>
		<param	name="gmapheight" type="text" label="Google Maps heigth" default="400" description="Specify the height of the google map.">
		</param>
		<param	name="hsname" type="list" label="Display Name or Username" default="1" description="Display Username or Name">
			<option value="0">Username</option>
			<option value="1">Name</option>
		</param>
		<param	name="@spacer" type="spacer" label="Credits:" default="This plugin was created by Yves Hoppe. / Updated and maintained by Daniel Dimitrov - compojoom.com" description="" />
		<param	name="@spacer" type="spacer" label="License:" default="This plugin is distributed under a limited GNU/GPL license and cannot be modified to work with anything else outside of the Community Builder suite supported by the Joomlapolis.com site" description="" />
		<param	name="@spacer" type="spacer" label="Parameters:" default="Please look at the Hotspots tab for additional parameters" description="" />

	</params>
	<tabs>
		<tab name="Hotspots" description="This tab displays a map with all Hotspots markers added by the user" class="gethotspotsTab" fields="0" position="cb_tabmain" displaytype="tab">
			<params>
			</params>
			<fields>
			</fields>
		</tab>
	</tabs>
	<uninstall>
	</uninstall>
</cbinstall>