<?xml version="1.0" encoding="utf-8"?>
<element type="file" group="Core" hidden="true">
	<name>File</name>
	<author>YOOtheme</author>
	<creationDate>August 2011</creationDate>
	<copyright>Copyright (C) YOOtheme GmbH</copyright>
	<authorEmail>info@yootheme.com</authorEmail>
	<authorUrl>http://www.yootheme.com</authorUrl>
	<version>2.5.0</version>
	<description>File Core System</description>
	<params>
		<param name="directory" type="text" default="" label="Source Directory" description="" />
	</params>
</element>