<?xml version="1.0" encoding="UTF-8"?>
<style>
	<info>
		<name>gk_the_real_design</name>
		<author>GavickPro</author>
		<desc>Image Show GK4 style for The real design template.</desc>
		<version>1.0</version>
	</info>
	<config>	
		<field type="text" name="module_height" label="Module height" desc="Module height in pixels" default="605" unit="px" />
		
		<field type="text" name="image_y" label="Image position - bottom" desc="Bottom margin of the image in pixels" default="60" unit="px" />
		<field type="text" name="image_x" label="Image position - right" desc="Right margin of the image in pixels" default="0" unit="px" />
		
		<field type="text" name="text_y" label="Text position - top" desc="Top margin of the image in pixels" default="150" unit="px" />
		<field type="text" name="text_x" label="Text position - left" desc="Left margin of the image in pixels" default="0" unit="px" />
		
		<field type="text" name="image_bg" label="Image background color" desc="Slide image background as hexdecimal value" default="#000000" unit="" />	
		<field type="text" name="quality" label="Image quality" desc="Quality of images (used in the JPG images) - percentage value between 0 and 100." default="95" unit="%" />
		
		<field type="switch" name="interface" label="Interface" desc="You can enable showing interface (pagination buttons)." default="1" class="gk_switch" />	
		<field type="switch" name="slide_links" label="Slide links" desc="You can enable links in the slides." default="1" class="gk_switch" />
		
		<field type="text" name="animation_speed" label="Animation speed" desc="Animation speed in miliseconds" default="500" unit="ms" />
		<field type="text" name="animation_interval" label="Animation interval" desc="Animation interval in miliseconds" default="5000" unit="ms" />
		<field type="switch" name="autoanimation" label="Autoanimation" desc="Autoanimation of the slides" default="1" class="gk_switch" />
	</config>
</style>