<?xml version="1.0" encoding="utf-8"?>
<install version="1.5" type="plugin" group="system" method="upgrade" >
	<name>ZOOlanders Elements</name>
	<author>ZOOlanders</author>
	<creationDate>March 2011</creationDate>
	<copyright>Copyright (C) 2011 JOOlanders, SL</copyright>
	<license>http://www.gnu.org/licenses/gpl-2.0.html GNU/GPLv2 only</license>
	<authorEmail>info@ZOOlanders.com</authorEmail>
	<authorUrl>http://www.ZOOlanders.com</authorUrl>
	<version>2.6</version>
	<description>ZOOlanders Elements</description>
	<files>
		<filename plugin="zoo_zlelements">zoo_zlelements.php</filename>
		<folder>zoo_zlelements</folder>		
	</files>
	<languages folder="languages">
		<language tag="en-GB">en-GB.plg_system_zoo_zlelements.ini</language>
    </languages>
    <params>
		<param name="debug" type="radio" default="0" label="PLG_ZLFRAMEWORK_DEBUG" description="PLG_ZLFRAMEWORK_DEBUG_DESC">
			<option value="0">JNO</option>
			<option value="1">JYES</option>
		</param>
	</params>
	<config>
		<fields name="params">
			<fieldset name="basic">
				<field name="debug" type="radio" default="0" label="PLG_ZLFRAMEWORK_DEBUG" description="PLG_ZLFRAMEWORK_DEBUG_DESC">
					<option value="0">JNO</option>
					<option value="1">JYES</option>
				</field>
			</fieldset>
		</fields>
	</config>
</install>