<?xml version="1.0" encoding="utf-8"?>
<install version="1.5" type="plugin" group="easyblog" method="upgrade">
	<name>EasyBlog - Pagebreak</name>
	<author>StackIdeas</author>
	<creationDate>September 2010</creationDate>
	<copyright>Copyright 2009 - 2010 StackIdeas. All rights reserved.</copyright>
	<license>GPL License</license>
	<authorEmail>support@stackideas.com</authorEmail>
	<authorUrl>http://www.stackideas.com</authorUrl>
	<version>3.5.1</version>
	<description>DESCCONTENTPAGEBREAK</description>
	<languages>
		<language tag="en-GB">en-GB.plg_easyblog_pagebreak.ini</language>		
		<language tag="da-DK">da-DK.plg_easyblog_pagebreak.ini</language>
	</languages>
	<files>
		<filename plugin="pagebreak">pagebreak.php</filename>
		<filename>index.html</filename>
	</files>
	<params>
		<param name="enabled" type="radio" default="1" label="Enable Plugin" description="PARAMENABLED">
			<option value="0">No</option>
			<option value="1">Yes</option>
		</param>
		<param name="title" type="radio" default="1" label="Site Title" description="PARAMSITETITLE">
			<option value="0">No</option>
			<option value="1">Yes</option>
		</param>
		<param name="multipage_toc" type="radio" default="1" label="Table of Contents" description="PARAMSITETOC">
			<option value="0">Hide</option>
			<option value="1">Show</option>
		</param>
		<param name="showall" type="radio" default="1" label="Show All" description="PARAMSITESHOWALL">
			<option value="0">Hide</option>
			<option value="1">Show</option>
		</param>
	</params>
	
	<config>
		<fields name="params">
			<fieldset name="basic">
				<field 
					name="enabled" 
					type="list"
					default="1"
					label="Enable Plugin"
					description="PARAMENABLED" >
					<option value="0">No</option>
					<option value="1">Yes</option>		
				</field>					
				
				<field 
					name="title" 
					type="list" 
					default="1"
					label="Site Title" 
					description="PARAMSITETITLE" >
					<option value="0">No</option>
					<option value="1">Yes</option>
				</field>
			
				<field 
					name="multipage_toc" 
					type="list" 
					default="1"
					label="Table of Contents" 
					description="PARAMSITETOC" >
					<option value="0">No</option>
					<option value="1">Yes</option>
				</field>
				
				<field 
					name="showall" 
					type="list" 
					default="1"
					label="Show All" 
					description="PARAMSITESHOWALL" >
					<option value="0">No</option>
					<option value="1">Yes</option>
				</field>	
			</fieldset>
		</fields>
	</config>	
</install>
