<?xml version="1.0" encoding="utf-8"?>
<extension version="3.0" type="module" method="upgrade">
	<name>MOD_CACHECLEANER</name>
	<description>MOD_CACHECLEANER_DESC</description>
	<version>3.1.3FREE</version>
	<creationDate>March 2013</creationDate>
	<author>NoNumber (Peter van Westen)</author>
	<authorEmail>peter@nonumber.nl</authorEmail>
	<authorUrl>http://www.nonumber.nl</authorUrl>
	<copyright>Copyright © 2012 NoNumber All Rights Reserved</copyright>
	<license>http://www.gnu.org/licenses/gpl-2.0.html GNU/GPL</license>

	<files>
		<filename module="mod_cachecleaner">mod_cachecleaner.php</filename>
		<filename>helper.php</filename>
		<filename>index.html</filename>
		<folder>tmpl</folder>
	</files>

	<!-- Parameters -->
	<config>
		<fields name="params" addfieldpath="/plugins/system/nnframework/fields">
			<fieldset name="description">
				<field name="@loadlanguage" type="nn_loadlanguage" extension="mod_cachecleaner" admin="1" />
				<field name="@license" type="nn_license" extension="CACHE_CLEANER" />
				<field name="@version" type="nn_version" extension="CACHE_CLEANER" xml="administrator/modules/mod_cachecleaner/mod_cachecleaner.xml" />
				<field name="@dependency" type="nn_dependency"
					label="CC_THE_SYSTEM_PLUGIN"
					file="/plugins/system/cachecleaner/cachecleaner.php" />
				<field name="@header" type="nn_header"
					label="CACHE_CLEANER"
					description="CACHE_CLEANER_DESC"
					url="http://www.nonumber.nl/cachecleaner" />

				<field name="@notice_settings" type="nn_plaintext" label="CC_SETTINGS" />
			</fieldset>
		</fields>
	</config>
</extension>
