<?xml version="1.0" encoding="iso-8859-1"?>
<extension type="plugin" group="xmap" version="1.6">
    <name>Xmap - EasyBlog Plugin</name>
    <author>Stack Ideas</author>
	<creationDate>26/01/2011</creationDate>
    <copyright>GNU GPL</copyright>
    <license>http://www.gnu.org/copyleft/gpl.html GNU/GPL</license>
    <authorEmail>support@stackideas.com</authorEmail>
    <authorUrl>stackideas.com</authorUrl>
    <version>3.5.1</version>
    <description>Plugin for EasyBlog component</description>	
    <files>
        <filename plugin="com_easyblog">com_easyblog.php</filename>
    </files>	
	
    <params>
	
        <param name="include_latest_post" type="list" default="1" label="Include Latest Post List" description="Include latest post entry list in the site map?">
            <option value="0">Never</option>
            <option value="1">Always</option>
            <option value="2">In XML Sitemap Only</option>
            <option value="3">In Site Sitemap Only</option>
        </param>
        <param name="include_cetegories" type="list" default="1" label="Include Category List" description="Include category list in the site map?">
            <option value="0">Never</option>
            <option value="1">Always</option>
            <option value="2">In XML Sitemap Only</option>
            <option value="3">In Site Sitemap Only</option>
        </param>
        <param name="include_tag_clouds" type="list" default="1" label="Include Tag clouds" description="Include Tag Clouds in the site map?">
            <option value="0">Never</option>
            <option value="1">Always</option>
            <option value="2">In XML Sitemap Only</option>
            <option value="3">In Site Sitemap Only</option>
        </param>
        <param name="include_bloggers" type="list" default="1" label="Include Bloggers List" description="Include the bloggers list in the site map?">
            <option value="0">Never</option>
            <option value="1">Always</option>
            <option value="2">In XML Sitemap Only</option>
            <option value="3">In Site Sitemap Only</option>
        </param>		
        <param name="include_teamblog" type="list" default="1" label="Include TeamBlog List" description="Include the TeamBlog list in the site map?">
            <option value="0">Never</option>
            <option value="1">Always</option>
            <option value="2">In XML Sitemap Only</option>
            <option value="3">In Site Sitemap Only</option>
        </param>
        <param name="include_archives" type="list" default="0" label="Include archives" description="Include archives in the site map?">
            <option value="0">Never</option>
            <option value="1">Always</option>
            <option value="2">In XML Sitemap Only</option>
            <option value="3">In Site Sitemap Only</option>
        </param>

        <param name="number_of_bloggers" type="text" default="10" label="Number of Bloggers" description="Number of bloggers to show in the site map." />
        <param name="include_blogger_posts" type="list" default="1" label="Include Blogger posts" description="Include blogger posts in the site map?">
            <option value="0">Never</option>
            <option value="1">Always</option>
            <option value="2">In XML Sitemap Only</option>
            <option value="3">In Site Sitemap Only</option>
        </param>
		
        <param name="number_of_categories" type="text" default="10" label="Number of Categories" description="Number of categories to show in the site map." />
        <param name="include_category_posts" type="list" default="1" label="Include Category posts" description="Include category posts in the site map?">
            <option value="0">Never</option>
            <option value="1">Always</option>
            <option value="2">In XML Sitemap Only</option>
            <option value="3">In Site Sitemap Only</option>
        </param>
		
        <param name="number_of_tags" type="text" default="10" label="Number of Tags" description="Number of tags to show in the site map." />
        <param name="include_tag_posts" type="list" default="0" label="Include Tag posts" description="Include tag posts in the site map?">
            <option value="0">Never</option>
            <option value="1">Always</option>
            <option value="2">In XML Sitemap Only</option>
            <option value="3">In Site Sitemap Only</option>
        </param>
		
        <param name="number_of_teamblog" type="text" default="10" label="Number of TeamBlog" description="Number of teamblog to show in the site map." />
        <param name="include_teamblog_posts" type="list" default="1" label="Include TeamBlog posts" description="Include teamblog posts in the site map?">
            <option value="0">Never</option>
            <option value="1">Always</option>
            <option value="2">In XML Sitemap Only</option>
            <option value="3">In Site Sitemap Only</option>
        </param>		
		
		
		<param name="number_of_latest_posts" type="text" default="20" label="Number of latest posts" description="Number of latest posts to show in the site map." />
		<param name="monthyear_of_archive" type="text" default="" label="Month and Year of archive posts (MM-YYYY)" description="Month and Year of archive posts to show in the site map. Enter the value in MM-YYYY format. Leave empty to use current month and year." />
        <param name="number_of_posts" type="text" default="5" label="Number of posts per item" description="Number of posts per item to show in the site map." />
		
        <param name="@spacer" type="spacer" default="" label="XML Sitemap" description="Options for the XML sitemap only" />
		
        <param name="latestpost_priority" type="list" default="-1" label="Latest Post Priority" description="Set the priority for latest post links">
            <option value="-1">Use Parent Menu Settings</option>
            <option value="0.0">0.0</option>
            <option value="0.1">0.1</option>
            <option value="0.2">0.2</option>
            <option value="0.3">0.3</option>
            <option value="0.4">0.4</option>
            <option value="0.5">0.5</option>
            <option value="0.6">0.6</option>
            <option value="0.7">0.7</option>
            <option value="0.8">0.8</option>
            <option value="0.9">0.9</option>
            <option value="1">1</option>
        </param>
        <param name="latestpost_changefreq" type="list" default="-1" label="Latest Post Change frequency" description="Set the change frequency for latest post links">
            <option value="-1">Use Parent Menu Settings</option>
            <option value="always">Always</option>
            <option value="hourly">Hourly</option>
            <option value="daily">Daily</option>
            <option value="weekly">Weekly</option>
            <option value="monthly">Monthly</option>
            <option value="yearly">Yearly</option>
            <option value="never">Never</option>
        </param>
		
        <param name="blogger_priority" type="list" default="-1" label="Blogger Priority" description="Set the priority for bloggers links">
            <option value="-1">Use Parent Menu Settings</option>
            <option value="0.0">0.0</option>
            <option value="0.1">0.1</option>
            <option value="0.2">0.2</option>
            <option value="0.3">0.3</option>
            <option value="0.4">0.4</option>
            <option value="0.5">0.5</option>
            <option value="0.6">0.6</option>
            <option value="0.7">0.7</option>
            <option value="0.8">0.8</option>
            <option value="0.9">0.9</option>
            <option value="1">1</option>
        </param>
        <param name="blogger_changefreq" type="list" default="-1" label="Blogger Change frequency" description="Set the change frequency for Bloggers links">
            <option value="-1">Use Parent Menu Settings</option>
            <option value="always">Always</option>
            <option value="hourly">Hourly</option>
            <option value="daily">Daily</option>
            <option value="weekly">Weekly</option>
            <option value="monthly">Monthly</option>
            <option value="yearly">Yearly</option>
            <option value="never">Never</option>
        </param>		

        <param name="entry_priority" type="list" default="-1" label="Blog Entry Priority" description="Set the priority for the blog entries">
            <option value="-1">Use Parent Menu Settings</option>
            <option value="0.0">0.0</option>
            <option value="0.1">0.1</option>
            <option value="0.2">0.2</option>
            <option value="0.3">0.3</option>
            <option value="0.4">0.4</option>
            <option value="0.5">0.5</option>
            <option value="0.6">0.6</option>
            <option value="0.7">0.7</option>
            <option value="0.8">0.8</option>
            <option value="0.9">0.9</option>
            <option value="1">1</option>
        </param>
        <param name="entry_changefreq" type="list" default="-1" label="Blog Entry Change frequency" description="Set the change frequency for the blog entries">
            <option value="-1">Use Parent Menu Settings</option>
            <option value="always">Always</option>
            <option value="hourly">Hourly</option>
            <option value="daily">Daily</option>
            <option value="weekly">Weekly</option>
            <option value="monthly">Monthly</option>
            <option value="yearly">Yearly</option>
            <option value="never">Never</option>
        </param>

        <param name="category_priority" type="list" default="-1" label="Categories Priority" description="Set the priority for the Categories list page">
            <option value="-1">Use Parent Menu Settings</option>
            <option value="0.0">0.0</option>
            <option value="0.1">0.1</option>
            <option value="0.2">0.2</option>
            <option value="0.3">0.3</option>
            <option value="0.4">0.4</option>
            <option value="0.5">0.5</option>
            <option value="0.6">0.6</option>
            <option value="0.7">0.7</option>
            <option value="0.8">0.8</option>
            <option value="0.9">0.9</option>
            <option value="1">1</option>
        </param>
        <param name="category_changefreq" type="list" default="-1" label="Category list Change frequency" description="Set the change frequency for the category list page">
            <option value="-1">Use Parent Menu Settings</option>
            <option value="always">Always</option>
            <option value="hourly">Hourly</option>
            <option value="daily">Daily</option>
            <option value="weekly">Weekly</option>
            <option value="monthly">Monthly</option>
            <option value="yearly">Yearly</option>
            <option value="never">Never</option>
        </param>

        <param name="archive_priority" type="list" default="-1" label="Archive Priority" description="Set the priority for archives">
            <option value="-1">Use Parent Menu Settings</option>
            <option value="0.0">0.0</option>
            <option value="0.1">0.1</option>
            <option value="0.2">0.2</option>
            <option value="0.3">0.3</option>
            <option value="0.4">0.4</option>
            <option value="0.5">0.5</option>
            <option value="0.6">0.6</option>
            <option value="0.7">0.7</option>
            <option value="0.8">0.8</option>
            <option value="0.9">0.9</option>
            <option value="1">1</option>
        </param>
        <param name="archive_changefreq" type="list" default="-1" label="Archive Change frequency" description="Set the change frequency for archives">
            <option value="-1">Use Parent Menu Settings</option>
            <option value="always">Always</option>
            <option value="hourly">Hourly</option>
            <option value="daily">Daily</option>
            <option value="weekly">Weekly</option>
            <option value="monthly">Monthly</option>
            <option value="yearly">Yearly</option>
            <option value="never">Never</option>
        </param>
		
        <param name="tag_priority" type="list" default="-1" label="Tag Priority" description="Set the priority for tags">
            <option value="-1">Use Parent Menu Settings</option>
            <option value="0.0">0.0</option>
            <option value="0.1">0.1</option>
            <option value="0.2">0.2</option>
            <option value="0.3">0.3</option>
            <option value="0.4">0.4</option>
            <option value="0.5">0.5</option>
            <option value="0.6">0.6</option>
            <option value="0.7">0.7</option>
            <option value="0.8">0.8</option>
            <option value="0.9">0.9</option>
            <option value="1">1</option>
        </param>
        <param name="tag_changefreq" type="list" default="-1" label="Tag Change frequency" description="Set the change frequency for tags">
            <option value="-1">Use Parent Menu Settings</option>
            <option value="always">Always</option>
            <option value="hourly">Hourly</option>
            <option value="daily">Daily</option>
            <option value="weekly">Weekly</option>
            <option value="monthly">Monthly</option>
            <option value="yearly">Yearly</option>
            <option value="never">Never</option>
        </param>
		
        <param name="teamblog_priority" type="list" default="-1" label="TeamBlog Priority" description="Set the priority for TeamBlog">
            <option value="-1">Use Parent Menu Settings</option>
            <option value="0.0">0.0</option>
            <option value="0.1">0.1</option>
            <option value="0.2">0.2</option>
            <option value="0.3">0.3</option>
            <option value="0.4">0.4</option>
            <option value="0.5">0.5</option>
            <option value="0.6">0.6</option>
            <option value="0.7">0.7</option>
            <option value="0.8">0.8</option>
            <option value="0.9">0.9</option>
            <option value="1">1</option>
        </param>
        <param name="teamblog_changefreq" type="list" default="-1" label="TeamBlog Change frequency" description="Set the change frequency for TeamBlog">
            <option value="-1">Use Parent Menu Settings</option>
            <option value="always">Always</option>
            <option value="hourly">Hourly</option>
            <option value="daily">Daily</option>
            <option value="weekly">Weekly</option>
            <option value="monthly">Monthly</option>
            <option value="yearly">Yearly</option>
            <option value="never">Never</option>
        </param>		
    </params>
	
	<config>
		<fields name="params">
			<fieldset name="basic">
				<field 
					name="include_latest_post" 
					type="list"
					default="1"
					label="Include Latest Post List"
					description="Include latest post entry list in the site map?">
					<option value="0">Never</option>
					<option value="1">Always</option>
					<option value="2">In XML Sitemap Only</option>
					<option value="3">In Site Sitemap Only</option>					
				</field>
				
				<field 
					name="include_cetegories" 
					type="list"
					default="1"
					label="Include Category List"
					description="Include category list in the site map?">
					<option value="0">Never</option>
					<option value="1">Always</option>
					<option value="2">In XML Sitemap Only</option>
					<option value="3">In Site Sitemap Only</option>					
				</field>				
				
				<field 
					name="include_tag_clouds" 
					type="list"
					default="1"
					label="Include Tag clouds"
					description="Include Tag Clouds in the site map?">
					<option value="0">Never</option>
					<option value="1">Always</option>
					<option value="2">In XML Sitemap Only</option>
					<option value="3">In Site Sitemap Only</option>					
				</field>				
			
				<field 
					name="include_bloggers" 
					type="list"
					default="1"
					label="Include Bloggers List"
					description="Include the bloggers list in the site map?">
					<option value="0">Never</option>
					<option value="1">Always</option>
					<option value="2">In XML Sitemap Only</option>
					<option value="3">In Site Sitemap Only</option>					
				</field>			
			
				<field 
					name="include_teamblog" 
					type="list"
					default="1"
					label="Include TeamBlog List"
					description="Include the TeamBlog list in the site map?">
					<option value="0">Never</option>
					<option value="1">Always</option>
					<option value="2">In XML Sitemap Only</option>
					<option value="3">In Site Sitemap Only</option>
				</field>			
			
				<field 
					name="include_archives" 
					type="list"
					default="0"
					label="Include archives"
					description="Include archives in the site map?">
					<option value="0">Never</option>
					<option value="1">Always</option>
					<option value="2">In XML Sitemap Only</option>
					<option value="3">In Site Sitemap Only</option>
				</field>			
				
				<field 
					name="number_of_bloggers" 
					type="text"
					default="10"
					label="Number of Bloggers"
					description="Number of bloggers to show in the site map.">
				</field>	

				<field 
					name="include_blogger_posts" 
					type="list"
					default="1"
					label="Include Blogger posts"
					description="Include blogger posts in the site map?">
					<option value="0">Never</option>
					<option value="1">Always</option>
					<option value="2">In XML Sitemap Only</option>
					<option value="3">In Site Sitemap Only</option>					
				</field>
				
				<field 
					name="number_of_categories" 
					type="text"
					default="10"
					label="Number of Categories"
					description="Number of categories to show in the site map.">
				</field>

				<field 
					name="include_category_posts" 
					type="list"
					default="1"
					label="Include Category posts"
					description="Include category posts in the site map?">
					<option value="0">Never</option>
					<option value="1">Always</option>
					<option value="2">In XML Sitemap Only</option>
					<option value="3">In Site Sitemap Only</option>					
				</field>

				<field 
					name="number_of_tags" 
					type="text"
					default="10"
					label="Number of Tags"
					description="Number of tags to show in the site map.">
				</field>

				<field 
					name="include_tag_posts" 
					type="list"
					default="1"
					label="Include Tag posts"
					description="Include tag posts in the site map?">
					<option value="0">Never</option>
					<option value="1">Always</option>
					<option value="2">In XML Sitemap Only</option>
					<option value="3">In Site Sitemap Only</option>					
				</field>

				<field 
					name="number_of_teamblog" 
					type="text"
					default="10"
					label="Number of TeamBlog"
					description="Number of teamblog to show in the site map.">
				</field>

				<field 
					name="include_teamblog_posts" 
					type="list"
					default="1"
					label="Include TeamBlog posts"
					description="Include teamblog posts in the site map?">
					<option value="0">Never</option>
					<option value="1">Always</option>
					<option value="2">In XML Sitemap Only</option>
					<option value="3">In Site Sitemap Only</option>					
				</field>
				
				
				<field 
					name="number_of_latest_posts" 
					type="text"
					default="20"
					label="Number of latest posts"
					description="Number of latest posts to show in the site map.">
				</field>

				<field 
					name="monthyear_of_archive" 
					type="text"
					default=""
					label="Month and Year of archive posts (MM-YYYY)"
					description="Month and Year of archive posts to show in the site map. Enter the value in MM-YYYY format. Leave empty to use current month and year.">
				</field>

				<field 
					name="number_of_posts" 
					type="text"
					default="5"
					label="Number of posts per item"
					description="Number of posts per item to show in the site map.">
				</field>

				<field 
					name="@spacer" 
					type="spacer"
					default=""
					label="XML Sitemap"
					description="Options for the XML sitemap only">
				</field>
				
				<field 
					name="latestpost_priority" 
					type="list"
					default="-1"
					label="Latest Post Priority"
					description="Set the priority for latest post links">
					<option value="-1">Use Parent Menu Settings</option>
					<option value="0.0">0.0</option>
					<option value="0.1">0.1</option>
					<option value="0.2">0.2</option>
					<option value="0.3">0.3</option>
					<option value="0.4">0.4</option>
					<option value="0.5">0.5</option>
					<option value="0.6">0.6</option>
					<option value="0.7">0.7</option>
					<option value="0.8">0.8</option>
					<option value="0.9">0.9</option>
					<option value="1">1</option>				
				</field>				
				
				<field 
					name="latestpost_changefreq" 
					type="list"
					default="-1"
					label="Latest Post Change frequency"
					description="Set the change frequency for latest post links">
					<option value="-1">Use Parent Menu Settings</option>
					<option value="always">Always</option>
					<option value="hourly">Hourly</option>
					<option value="daily">Daily</option>
					<option value="weekly">Weekly</option>
					<option value="monthly">Monthly</option>
					<option value="yearly">Yearly</option>
					<option value="never">Never</option>				
				</field>
				
				<field 
					name="blogger_priority" 
					type="list"
					default="-1"
					label="Blogger Priority"
					description="Set the priority for bloggers links">
					<option value="-1">Use Parent Menu Settings</option>
					<option value="0.0">0.0</option>
					<option value="0.1">0.1</option>
					<option value="0.2">0.2</option>
					<option value="0.3">0.3</option>
					<option value="0.4">0.4</option>
					<option value="0.5">0.5</option>
					<option value="0.6">0.6</option>
					<option value="0.7">0.7</option>
					<option value="0.8">0.8</option>
					<option value="0.9">0.9</option>
					<option value="1">1</option>				
				</field>

				<field 
					name="blogger_changefreq" 
					type="list"
					default="-1"
					label="Blogger Change frequency"
					description="Set the change frequency for Bloggers links">
					<option value="-1">Use Parent Menu Settings</option>
					<option value="always">Always</option>
					<option value="hourly">Hourly</option>
					<option value="daily">Daily</option>
					<option value="weekly">Weekly</option>
					<option value="monthly">Monthly</option>
					<option value="yearly">Yearly</option>
					<option value="never">Never</option>				
				</field>

				<field 
					name="entry_priority" 
					type="list"
					default="-1"
					label="Blog Entry Priority"
					description="Set the priority for blog entries">
					<option value="-1">Use Parent Menu Settings</option>
					<option value="0.0">0.0</option>
					<option value="0.1">0.1</option>
					<option value="0.2">0.2</option>
					<option value="0.3">0.3</option>
					<option value="0.4">0.4</option>
					<option value="0.5">0.5</option>
					<option value="0.6">0.6</option>
					<option value="0.7">0.7</option>
					<option value="0.8">0.8</option>
					<option value="0.9">0.9</option>
					<option value="1">1</option>				
				</field>

				<field 
					name="entry_changefreq" 
					type="list"
					default="-1"
					label="Blog Entry Change frequency"
					description="Set the change frequency for the blog entries">
					<option value="-1">Use Parent Menu Settings</option>
					<option value="always">Always</option>
					<option value="hourly">Hourly</option>
					<option value="daily">Daily</option>
					<option value="weekly">Weekly</option>
					<option value="monthly">Monthly</option>
					<option value="yearly">Yearly</option>
					<option value="never">Never</option>				
				</field>

				<field 
					name="category_priority" 
					type="list"
					default="-1"
					label="Categories Priority"
					description="Set the priority for the Categories list page">
					<option value="-1">Use Parent Menu Settings</option>
					<option value="0.0">0.0</option>
					<option value="0.1">0.1</option>
					<option value="0.2">0.2</option>
					<option value="0.3">0.3</option>
					<option value="0.4">0.4</option>
					<option value="0.5">0.5</option>
					<option value="0.6">0.6</option>
					<option value="0.7">0.7</option>
					<option value="0.8">0.8</option>
					<option value="0.9">0.9</option>
					<option value="1">1</option>				
				</field>

				<field 
					name="category_changefreq" 
					type="list"
					default="-1"
					label="Category list Change frequency"
					description="Set the change frequency for the category list page">
					<option value="-1">Use Parent Menu Settings</option>
					<option value="always">Always</option>
					<option value="hourly">Hourly</option>
					<option value="daily">Daily</option>
					<option value="weekly">Weekly</option>
					<option value="monthly">Monthly</option>
					<option value="yearly">Yearly</option>
					<option value="never">Never</option>				
				</field>

				<field 
					name="archive_priority" 
					type="list"
					default="-1"
					label="Archive Priority"
					description="Set the priority for archives">
					<option value="-1">Use Parent Menu Settings</option>
					<option value="0.0">0.0</option>
					<option value="0.1">0.1</option>
					<option value="0.2">0.2</option>
					<option value="0.3">0.3</option>
					<option value="0.4">0.4</option>
					<option value="0.5">0.5</option>
					<option value="0.6">0.6</option>
					<option value="0.7">0.7</option>
					<option value="0.8">0.8</option>
					<option value="0.9">0.9</option>
					<option value="1">1</option>				
				</field>

				<field 
					name="archive_changefreq" 
					type="list"
					default="-1"
					label="Archive Change frequency"
					description="Set the change frequency for archives">
					<option value="-1">Use Parent Menu Settings</option>
					<option value="always">Always</option>
					<option value="hourly">Hourly</option>
					<option value="daily">Daily</option>
					<option value="weekly">Weekly</option>
					<option value="monthly">Monthly</option>
					<option value="yearly">Yearly</option>
					<option value="never">Never</option>				
				</field>

				<field 
					name="tag_priority" 
					type="list"
					default="-1"
					label="Tag Priority"
					description="Set the priority for tags">
					<option value="-1">Use Parent Menu Settings</option>
					<option value="0.0">0.0</option>
					<option value="0.1">0.1</option>
					<option value="0.2">0.2</option>
					<option value="0.3">0.3</option>
					<option value="0.4">0.4</option>
					<option value="0.5">0.5</option>
					<option value="0.6">0.6</option>
					<option value="0.7">0.7</option>
					<option value="0.8">0.8</option>
					<option value="0.9">0.9</option>
					<option value="1">1</option>				
				</field>
				
				<field 
					name="tag_changefreq" 
					type="list"
					default="-1"
					label="Tag Change frequency"
					description="Set the change frequency for tags">
					<option value="-1">Use Parent Menu Settings</option>
					<option value="always">Always</option>
					<option value="hourly">Hourly</option>
					<option value="daily">Daily</option>
					<option value="weekly">Weekly</option>
					<option value="monthly">Monthly</option>
					<option value="yearly">Yearly</option>
					<option value="never">Never</option>				
				</field>

				<field 
					name="teamblog_priority" 
					type="list"
					default="-1"
					label="TeamBlog Priority"
					description="Set the priority for TeamBlog">
					<option value="-1">Use Parent Menu Settings</option>
					<option value="0.0">0.0</option>
					<option value="0.1">0.1</option>
					<option value="0.2">0.2</option>
					<option value="0.3">0.3</option>
					<option value="0.4">0.4</option>
					<option value="0.5">0.5</option>
					<option value="0.6">0.6</option>
					<option value="0.7">0.7</option>
					<option value="0.8">0.8</option>
					<option value="0.9">0.9</option>
					<option value="1">1</option>				
				</field>

				<field 
					name="teamblog_changefreq" 
					type="list"
					default="-1"
					label="TeamBlog Change frequency"
					description="Set the change frequency for TeamBlog">
					<option value="-1">Use Parent Menu Settings</option>
					<option value="always">Always</option>
					<option value="hourly">Hourly</option>
					<option value="daily">Daily</option>
					<option value="weekly">Weekly</option>
					<option value="monthly">Monthly</option>
					<option value="yearly">Yearly</option>
					<option value="never">Never</option>				
				</field>				
			
			</fieldset>
		</fields>
	</config>
</extension>
