<?xml version="1.0" encoding="utf-8"?>
<config>
	<name>Google Analytics ECommerce Tracking</name>
	<description>
		This app helps you to track your sales in Google Analytics. the first and foremost thing you require to use it is to
		enable E-Commerce Tracking in Google Analytics.
		&lt;br/&gt;
		&lt;br/&gt;
		Reference Link:&lt;a href="http://www.jpayplans.com/app-ville/item/g-analytics.html?category_id=104" target="_blank" &gt; Google Analytics &lt;/a&gt;&lt;br/&gt;&lt;br/&gt;
	</description>
	<icon>ganalytics.png</icon>
    <tags>reporting</tags>
	<help>
	</help>
	<params>
		<param name="ga_id" type="xitext" label="COM_PAYPLANS_APP_GANALYTICS_GA_ID_LABEL"
			default="" description="COM_PAYPLANS_APP_GANALYTICS_GA_ID_DESCRIPTION"/>			
	</params>
</config>
