<?xml version="1.0" encoding="UTF-8" ?>
<extension type="package" version="1.6">
<name>Dansk RSForm!Pro</name>
<version>rev. 42</version>
<creationDate>01. oktober 2011</creationDate>
<packagename>da-DK</packagename>
<author>Mads Andersen</author>
<authorEmail>mail@netboxen.dk</authorEmail>
<authorUrl>http://netboxen.dk</authorUrl>
<packager></packager>
<packagerurl></packagerurl>
<description><![CDATA[
  <div align="center">
    <table border="0" width="90%">
	    <tr>
		    <td width="100%" colspan="2">
		      <div align="center"> <a href="http://netboxen.dk" target="_blank"><img border="0" src="http://www.netboxen.dk/sprogfiler/installation/logo.png" alt="netboxen.dk" /></a>
				<h3>RSForm!Pro rev. 42</h3>
		      </div>
		      <hr />
		    </td>
	    </tr>
	    <tr>
		    <td width="18%"><b>Sprog:</b></td>
		    <td width="80%">Dansk</td>
	    </tr>
	    <tr>
		    <td width="18%"><b>Indhold:</b></td>
		    <td width="80%">Administrator (back-end) og bruger (front-end)</td>
	    </tr>
	    <tr>
		    <td width="18%"><b>Forfatter:</b></td>
		    <td width="80%"><a href="http://www.netboxen.dk" target="_blank">Mads Andersen</a></td>
	    </tr>
	    <tr>
		    <td width="18%"><b>Hjemmeside:</b></td>
		    <td width="80%"><a href="http://www.netboxen.dk" target="_blank">http://www.netboxen.dk</a></td>
	    </tr>
	    <tr>
		    <td width="18%"><b>Version:</b></td>
		    <td width="80%">Rev. 42</td>
	    </tr>
	    <tr>
		    <td width="100%" colspan="2">
		     <p align="center"><b><font color="#000066">Download de nyeste danske sprogfiler hos <a href="http://www.rsjoomla.com" target="_blank"> RSJoomla!</a>.</font></b></td>
	    </tr>
    </table>
  </div>]]></description>
<files>
    <file type="language" client="site" id="da-DK">site</file>
    <file type="language" client="administrator" id="da-DK">admin</file>
</files>
</extension>