<?xml version="1.0" encoding="utf-8" ?>
<install client="both" method="upgrade" type="language" version="1.5">
 <author>Mads Andersen</author>
 <authorEmail>mail@netboxen.dk</authorEmail>
 <authorUrl>http://netboxen.dk</authorUrl>
 <copyright>Copyright (C) 2011 Mads Andersen</copyright>
 <creationDate>01. oktober 2011</creationDate>
 <description><![CDATA[
  <div align="center">
    <table border="0" width="90%">
	    <tr>
		    <td width="100%" colspan="2">
		      <div align="center"> <a href="http://netboxen.dk" target="_blank"><img border="0" src="http://www.netboxen.dk/sprogfiler/installation/logo.png" alt="netboxen.dk" /></a>
				<h3>RSForm!Pro rev. 42</h3>
		      </div>
		      <hr />
		    </td>
	    </tr>
	    <tr>
		    <td width="18%"><b>Sprog:</b></td>
		    <td width="80%">Dansk</td>
	    </tr>
	    <tr>
		    <td width="18%"><b>Indhold:</b></td>
		    <td width="80%">Administrator (back-end) og bruger (front-end)</td>
	    </tr>
	    <tr>
		    <td width="18%"><b>Forfatter:</b></td>
		    <td width="80%"><a href="http://www.netboxen.dk" target="_blank">Mads Andersen</a></td>
	    </tr>
	    <tr>
		    <td width="18%"><b>Hjemmeside:</b></td>
		    <td width="80%"><a href="http://www.netboxen.dk" target="_blank">http://www.netboxen.dk</a></td>
	    </tr>
	    <tr>
		    <td width="18%"><b>Version:</b></td>
		    <td width="80%">rev. 42</td>
	    </tr>
	    <tr>
		    <td width="100%" colspan="2">
		     <p align="center"><b><font color="#000066">Download de nyeste danske sprogfiler hos <a href="http://www.rsjoomla.com" target="_blank"> RSJoomla!</a>.</font></b></td>
	    </tr>
    </table>
  </div>]]></description>
   <license>http://www.gnu.org/licenses/gpl-2.0.html GNU/GPL</license>
 <name>Dansk sprog RSForm!Pro</name>
 <tag>da-DK</tag>
 <version>Rev. 42</version>
           <administration>
		   <files folder="admin">
		  <filename>da-DK.com_rsform.ini</filename>
		  <filename>da-DK.com_rsform.menu.ini</filename>
		  <filename>da-DK.com_rsform.sys.ini</filename>
		  <filename>da-DK.plg_system_rsfpgoogle.ini</filename>
		  <filename>da-DK.plg_system_rsfpmailchimp.ini</filename>
		  <filename>da-DK.plg_system_rsfpmappings.ini</filename>
		  <filename>da-DK.plg_system_rsfpmigration.ini</filename>
		  <filename>da-DK.plg_system_rsfppaypal.ini</filename>
		  <filename>da-DK.plg_system_rsfprecaptcha.ini</filename>
		  <filename>da-DK.plg_system_rsfprsevents.ini</filename>
		  <filename>da-DK.plg_system_rsfpsalesforce.ini</filename>
		  <filename>da-DK.plg_system_rsfpakismet.ini</filename>
		  <filename>da-DK.plg_system_rsfpconstantcontact.ini</filename>
		  <filename>da-DK.plg_system_rsfpregistration.ini</filename>
		  <filename>da-DK.plg_system_rsfpbfforms.ini</filename>
        </files> 
      </administration>
     <site>
        <files folder="site">
          <filename>da-DK.com_rsform.ini</filename>
		  <filename>da-DK.mod_rsform_feedback.ini</filename>
		  <filename>da-DK.mod_rsform_list.ini</filename>
        </files>
      </site>
</install>