<?xml version="1.0" encoding="utf-8"?>
<extension version="2.5" type="module" method="upgrade">
	<name>MOD_ADDTOMENU</name>
	<description>MOD_ADDTOMENU_DESC</description>
	<version>3.0.1FREE</version>
	<creationDate>August 2013</creationDate>
	<author>NoNumber (Peter van Westen)</author>
	<authorEmail>peter@nonumber.nl</authorEmail>
	<authorUrl>http://www.nonumber.nl</authorUrl>
	<copyright>Copyright © 2013 NoNumber All Rights Reserved</copyright>
	<license>http://www.gnu.org/licenses/gpl-2.0.html GNU/GPL</license>

	<files>
		<filename module="mod_addtomenu">mod_addtomenu.php</filename>
		<filename>addtomenu.inc.php</filename>
		<filename>helper.php</filename>
		<filename>index.html</filename>
		<folder>components</folder>
		<folder>tmpl</folder>
	</files>

	<!-- Parameters -->
	<config>
		<fields name="params" addfieldpath="/plugins/system/nnframework/fields">
			<fieldset name="description">
				<field name="@loadlanguage" type="nn_loadlanguage" extension="mod_addtomenu" admin="1" />
				<field name="@license" type="nn_license" extension="ADD_TO_MENU" />
				<field name="@version" type="nn_version" extension="ADD_TO_MENU" xml="administrator/modules/mod_addtomenu/mod_addtomenu.xml" />
				<field name="@header" type="nn_header"
					label="ADD_TO_MENU"
					description="ADD_TO_MENU_DESC"
					image="/media/addtomenu/images/logo.png"
					image_w="120" image_h="160"
					url="http://www.nonumber.nl/addtomenu"
					help_url="http://www.nonumber.nl/addtomenu" />
			</fieldset>
			<fieldset name="basic">
				<field name="display_link" type="radio" default="both" label="NN_DISPLAY_LINK" description="NN_DISPLAY_LINK_DESC">
					<option value="icon">NN_ICON_ONLY</option>
					<option value="text">NN_TEXT_ONLY</option>
					<option value="both">NN_BOTH</option>
					<option value="0">JNO</option>
				</field>
				<field name="display_toolbar_button" type="radio" default="1" label="NN_DISPLAY_TOOLBAR_BUTTON" description="NN_DISPLAY_TOOLBAR_BUTTON_DESC">
					<option value="0">JNO</option>
					<option value="1">JYES</option>
				</field>
				<field name="button_text" type="text" default="Add to Menu" label="NN_LINK_TEXT" description="NN_LINK_TEXT_DESC" />
				<field name="display_tooltip" type="radio" class="btn-group" default="1" label="NN_DISPLAY_TOOLTIP" description="NN_DISPLAY_TOOLTIP_DESC">
					<option value="0">JNO</option>
					<option value="1">JYES</option>
				</field>
				<field name="adjust_modal_w" type="text" default="0" size="5" label="ATM_ADJUST_MODAL_WIDTH" description="ATM_ADJUST_MODAL_DESC" />
				<field name="adjust_modal_h" type="text" default="0" size="5" label="ATM_ADJUST_MODAL_HEIGHT" description="ATM_ADJUST_MODAL_DESC" />
			</fieldset>
		</fields>
	</config>
</extension>
