<?xml version="1.0" encoding="utf-8"?>
<extension type="component" version="2.5.0" method="upgrade">
	<name>com_fbimporter</name>
	<creationDate>2012-09-01</creationDate>
	<copyright>Copyright (C) 2012. All rights reserved.</copyright>
	<license>GNU General Public License version 2 or later; see LICENSE.txt</license>
    <author>Asika</author>
	<authorEmail>asika32764@gmail.com</authorEmail>
	<authorUrl>http://asikart.com</authorUrl>
	<version>1.0.0</version>
	<description>Facebook 匯入工具</description>
	
	<install> <!-- Runs on install -->
    	<sql>
        	<file driver="mysql" charset="utf8">sql/install.sql</file>
  		</sql>
    </install>
	
	<uninstall> <!-- Runs on uninstall -->
    	<sql>
        	<file driver="mysql" charset="utf8">sql/uninstall.sql</file>
  		</sql>
    </uninstall>
	
	<administration>
		<menu img="components/com_fbimporter/images/ak-fbimporter-logo-16.png">COM_FBIMPORTER</menu>

		<files folder="administrator">
			<filename>access.xml</filename>
			<filename>config.xml</filename>
			<filename>controller.php</filename>
			<filename>index.html</filename>
			<filename>fbimporter.php</filename>
			<folder>controllers</folder>
			<folder>helpers</folder>
			<folder>images</folder>
			<folder>models</folder>
			<folder>sql</folder>
			<folder>tables</folder>
			<folder>views</folder>
			<folder>language</folder>
			<folder>class</folder>
			<folder>includes</folder>
		</files>
	</administration>
	
	<updateservers>
        <server type="extension" priority="1" name="Asikart Facebook Importer">http://asikart.com/update/com_fbimporter.xml</server>
    </updateservers>
</extension>

