<?xml version="1.0" encoding="utf-8"?>
<install version="1.5" type="plugin" group="community" method="upgrade">
	<name>EasyBlog Toolbar</name>
	<author>StackIdeas</author>
	<creationDate>01 June 2010</creationDate>
	<copyright>Copyright 2009 - 2010 StackIdeas. All rights reserved.</copyright>
	<license>GPL License</license>
	<authorEmail>support@stackideas.com</authorEmail>
	<authorUrl>http://www.stackideas.com</authorUrl>
	<version>3.5.1</version>
	<isapplication>false</isapplication>
	<isbrowsable>false</isbrowsable>
	<description>
		EasyBlog Toolbar for JomSocial
	</description>
	<languages>
	    <language tag="en-GB">en-GB.plg_easyblogtoolbar.ini</language>
	    <language tag="fr-FR">fr-FR.plg_easyblogtoolbar.ini</language>
	    <language tag="da-DK">da-DK.plg_easyblogtoolbar.ini</language>
	</languages>
	<files>
		<filename plugin="easyblogtoolbar">easyblogtoolbar.php</filename>		
		<filename>index.html</filename>
		<folder>easyblogtoolbar</folder>
	</files>
	<params>
	</params>
</install>