<?xml version="1.0" encoding="utf-8"?>
<extension type="plugin" group="system" version="1.6.0" method="upgrade">
    <name>Abivia.net SuperTable Plugin</name>
    <author>Abivia Inc.</author>
    <creationDate>20121019</creationDate>
    <copyright>(C) 2012. Abivia Inc. All rights reserved.</copyright>
    <license>http://www.gnu.org/licenses/gpl-2.0.html GNU/GPL</license>
    <authorUrl>http://www.abivia.net</authorUrl>
    <version>1.7.2</version>
    <description><![CDATA[
    <p>Abivia SuperTable Plugin version 1.7.2.<br />
    From <a href="http://www.abivia.net">Abivia</a>.<br /></p>
    <p>SuperTable gives you powerful control over the display of tabular data.
    Also check out our enhanced versions:</p>
    <ul><li>Highlight table rows with SuperTable Plus
    </li><li>More styles in SuperTable Plus and Pro
    </li><li>If you need a database-driven table check out SuperTable Pro
    </li></ul>
    <p>Visit our web site for complete documentation.</p>
    ]]></description>
    <files>
        <filename plugin="abiviasupertable">abiviasupertable.php</filename>
        <folder>abiviasupertable</folder>
    </files>
    <config>
        <fields name="params">
            <fieldset name="basic">
                <field
                    name="triggerWord" type="text" size="50" default="supertable"
                    label="Trigger Word"
                    description="The word the plugin uses to identify itself (default 'supertable')."
                />
                <field
                    name="cssMode" type="list" default="preset"
                    label="CSS Mode"
                    description="Defines how additional CSS is included."
                >
                    <option value="none">No additional CSS</option>
                    <option value="preset">SuperTable Preset</option>
                    <option value="custom">Custom CSS File</option>
                </field>
                <field
                    name="presetFile" type="folderlist" size="1" default="ahs"
                    directory="/plugins/system/abiviasupertable/abiviasupertable/css"
                    label="CSS Template"
                    description="Preset CSS template. Used when CSS mode is SuperTable preset."
                />
                <field
                    name="customFile" type="text" size="50" default=""
                    directory="/"
                    label="Custom CSS File"
                    description="Used when CSS mode is Custom CSS."
                />
                <field name="loadMoo" type="radio" default="1" label="Load Mootools"
                    description="Set this to no if you get a mootools conflict."
                >
                    <option value="1">Yes</option>
                    <option value="0">No</option>
                </field>
            </fieldset>
            <fieldset name="diagnostics" label="Diagnostics">
                <field
                    name="messages" type="list" default="1"
                    description="Where to put error/warning messages. Article Text only works when SuperTable is used in an article, If not in an article, messages will be put in a HTML comment."
                    label="Put messages in"
                >
                    <option value="0">Off</option>
                    <option value="1">HTML Comments</option>
                    <option value="2">Article Text (when possible)</option>
                </field>
                <field name="debug" type="list" default="0" label="Debugging">
                    <option value="0">Off</option>
                    <option value="1">Basic</option>
                    <option value="2">Verbose</option>
                </field>
            </fieldset>
        </fields>
    </config>
</extension>
