<?xml version="1.0" encoding="utf-8" ?>
<access component="com_localise">
  <section name="component">
    <action name="core.admin" title="JAction_Admin" description="JACTION_ADMIN_COMPONENT_DESC" />
    <action name="core.manage" title="JAction_Manage" description="JACTION_MANAGE_COMPONENT_DESC" />
    <action name="localise.create" title="COM_LOCALISE_ACCESS_CREATE" description="COM_LOCALISE_ACCESS_CREATE_DESC" />
    <action name="localise.delete" title="COM_LOCALISE_ACCESS_DELETE" description="COM_LOCALISE_ACCESS_DELETE_DESC" />
    <action name="localise.edit" title="COM_LOCALISE_ACCESS_EDIT" description="COM_LOCALISE_ACCESS_EDIT_DESC" />
    <action name="translation.edit" title="COM_LOCALISE_ACCESS_TRANSLATION_EDIT" description="COM_LOCALISE_ACCESS_TRANSLATION_EDIT_DESC" />
    <action name="package.batch" title="COM_LOCALISE_ACCESS_PACKAGE_BATCH" description="COM_LOCALISE_ACCESS_PACKAGE_BATCH_DESC" />
  </section>
  <section name="language">
    <action name="localise.edit" title="COM_LOCALISE_ACCESS_LANGUAGE_EDIT" description="COM_LOCALISE_ACCESS_LANGUAGE_EDIT_DESC" />
    <action name="translation.edit" title="COM_LOCALISE_ACCESS_TRANSLATION_EDIT" description="COM_LOCALISE_ACCESS_TRANSLATION_EDIT_DESC" />
  </section>
  <section name="translation">
    <action name="translation.edit" title="COM_LOCALISE_ACCESS_TRANSLATION_EDIT" description="COM_LOCALISE_ACCESS_TRANSLATION_EDIT_DESC" />
  </section>
  <section name="package">
    <action name="localise.edit" title="COM_LOCALISE_ACCESS_PACKAGE_EDIT" description="COM_LOCALISE_ACCESS_PACKAGE_EDIT_DESC" />
    <action name="package.batch" title="COM_LOCALISE_ACCESS_PACKAGE_BATCH" description="COM_LOCALISE_ACCESS_PACKAGE_BATCH_DESC" />
  </section>
</access>
