<?xml version="1.0" encoding="utf-8"?>
<extension type="component" version="2.5" method="upgrade">
  <name>com_localise</name>
  <creationDate>August 2011</creationDate>
  <author>Mohammad Hasani Eghtedar</author>
  <author>Christophe Demko</author>
  <author>Jean-Marie Simonet</author>
  <author>Ifan Evans</author>
  <copyright>Copyright (C) 2011 . All rights reserved.</copyright>
  <authorEmail>m.h.eghtedar@gmail.com</authorEmail>
  <authorUrl>http://www.mhehm.com</authorUrl>
  <version>2.5.8</version>
  <license>http://www.gnu.org/licenses/gpl-2.0.html GNU/GPL</license>
  <description>COM_LOCALISE_XML_DESCRIPTION</description>
  <install>
    <sql>
      <file driver="mysql" charset="utf8">sql/install.mysql.utf8.sql</file>
    </sql>
  </install>
  <uninstall>
    <sql>
      <file driver="mysql" charset="utf8">sql/uninstall.mysql.utf8.sql</file>
    </sql>
  </uninstall>
  <update>
    <schemas>
      <schemapath type="mysql">sql/updates/mysql</schemapath>
    </schemas>
  </update>
  <media destination="com_localise" folder="media/com_localise">
    <filename>index.html</filename>
    <filename>js/index.html</filename>
    <filename>js/parseini.js</filename>
    <filename>css/index.html</filename>
    <filename>css/localise.css</filename>
    <filename>images/index.html</filename>
    <filename>images/icon-16-arrow.png</filename>
    <filename>images/icon-16-arrow-gray.png</filename>
    <filename>images/icon-16-disabled.png</filename>
    <filename>images/icon-16-flags.png</filename>
    <filename>images/icon-16-frontpage.png</filename>
    <filename>images/icon-16-google.png</filename>
    <filename>images/icon-16-google-gray.png</filename>
    <filename>images/icon-16-new.png</filename>
    <filename>images/icon-16-override.png</filename>
    <filename>images/icon-16-warning.png</filename>
    <filename>images/icon-32-extension.png</filename>
    <filename>images/icon-32-language.png</filename>
    <filename>images/icon-16-bing.png</filename>
    <filename>images/icon-16-bing-gray.png</filename>
    <filename>packages/index.html</filename>
    <filename>packages/core.xml</filename>
    <filename>packages/localise.xml</filename>
  </media>
  <administration>
    <menu img="class:language">COM_LOCALISE</menu>
    <submenu>
      <menu img="class:language" view="languages">COM_LOCALISE_LANGUAGES</menu>
      <menu img="../media/com_localise/images/icon-16-flags.png" view="translations">COM_LOCALISE_TRANSLATIONS</menu>
      <!-- menu img="class:category" view="packages">COM_LOCALISE_PACKAGES</menu -->
    </submenu>
    <files folder="administrator/components/com_localise">
      <filename>index.html</filename>
      <filename>localise.php</filename>
      <filename>config.xml</filename>
      <filename>access.xml</filename>
      <filename>controller.php</filename>
      <filename>helper.php</filename>
      <folder>helpers</folder>
      <folder>controllers</folder>
      <folder>models</folder>
      <folder>views</folder>
      <folder>tables</folder>
      <folder>sql</folder>
      <folder>help</folder>
      <folder>language</folder>
      <folder>media</folder>
      <folder>assets</folder>
    </files>
  </administration>
  
  <!-- UPDATESERVER DEFINITION -->
  <updateservers>
    <!-- Note: No spaces or linebreaks allowed between the server tags -->
    <server type="extension" priority="1" name="Localise Update Site">http://joomlacode.org/gf/project/com_localise/scmsvn/?action=browse&amp;path=%2F*checkout*%2Ftrunk%2Flocalise-update.xml</server>
  </updateservers>
</extension>
