<?xml version="1.0" encoding="utf-8"?>
<install version="1.5.0" type="module">
	<name>Cache Cleaner</name>
	<description>MOD_CACHECLEANER_DESC</description>
	<version>1.11.3</version>
	<creationDate>November 2011</creationDate>
	<author>NoNumber! (Peter van Westen)</author>
	<authorEmail>peter@nonumber.nl</authorEmail>
	<authorUrl>http://www.nonumber.nl</authorUrl>
	<copyright>Copyright © 2011 NoNumber! All Rights Reserved</copyright>
	<license>http://www.gnu.org/licenses/gpl-2.0.html GNU/GPL</license>

	<files>
		<filename module="mod_cachecleaner">mod_cachecleaner.php</filename>
	</files>

	<!-- Parameters -->
	<params addpath="/plugins/system/nnframework/fields">
		<param name="@loadlanguage" type="nn_loadlanguage" extension="mod_cachecleaner" admin="1" />
		<param name="@license" type="nn_license" extension="CACHE_CLEANER" />
		<param name="@version" type="nn_version" extension="CACHE_CLEANER" xml="administrator/modules/mod_cachecleaner/mod_cachecleaner.xml" />
		<param name="@dependency" type="nn_dependency"
			label="CC_THE_SYSTEM_PLUGIN"
			file="/plugins/system/cachecleaner.php" />
		<param name="@header" type="nn_header"
			label="CACHE_CLEANER"
			description="CACHE_CLEANER_DESC"
			image="/administrator/modules/mod_cachecleaner/cachecleaner/images/logo.png"
			image_w="60" image_h="80"
			url="http://www.nonumber.nl/cachecleaner"
			help_url="http://www.nonumber.nl/cachecleaner" />

		<param name="display_link" type="radio" default="both" label="NN_DISPLAY_LINK" description="NN_DISPLAY_LINK_DESC">
			<option value="icon">NN_ICON_ONLY</option>
			<option value="text">NN_TEXT_ONLY</option>
			<option value="both">NN_BOTH</option>
		</param>
		<param name="@toggler_link_a" type="nn_toggler" param="display_link" value="text,both" />
			<param name="icon_text" type="text" default="Clean Cache" label="NN_LINK_TEXT" description="NN_LINK_TEXT_DESC" />
		<param name="@toggler_link_b" type="nn_toggler" />
		<param name="display_tooltip" type="radio" default="1" label="NN_DISPLAY_TOOLTIP" description="NN_DISPLAY_TOOLTIP_DESC">
			<option value="0">No</option>
			<option value="1">Yes</option>
		</param>
		<param name="show_purge" type="radio" default="1" label="CC_DISPLAY_PURGE_CACHE" description="CC_DISPLAY_LINK_DESC">
			<option value="0">No</option>
			<option value="1">Yes</option>
		</param>
		<param name="show_checkin" type="radio" default="1" label="CC_DISPLAY_CHECK_IN" description="CC_DISPLAY_LINK_DESC">
			<option value="0">No</option>
			<option value="1">Yes</option>
		</param>
	</params>
</install>