<?xml version="1.0" encoding="utf-8"?>
<extension type="component" version="1.7.0" method="upgrade">

	<name>FAQ Book</name>
	<creationDate>February 2012</creationDate>
	<author>Ioannis Maragos</author>
	<authorEmail>info@minitek.gr</authorEmail>
	<authorUrl>http://www.minitek.gr/</authorUrl>
	<copyright>Copyright (c) 2011-2012 Minitek. All rights reserved.</copyright>
	<license>http://www.gnu.org/licenses/gpl-2.0.html GNU/GPL</license>
	<version>1.5.4</version>
	<description>Minitek FAQ Book is a Frequently Asked Questions Directory for Joomla 1.7 - 2.5</description>
  <installfile>install.faqbook.php</installfile>

	<install> <!-- Runs on install -->
      <sql>
           <file driver="mysql" charset="utf8">sql/install.mysql.utf8.sql</file>
      </sql>
  </install>
  <uninstall> <!-- Runs on uninstall -->
      <sql>
           <file driver="mysql" charset="utf8">sql/uninstall.mysql.utf8.sql</file>
      </sql>
  </uninstall>
	
	<update> <!-- Runs on update; New in 1.7 -->
		<schemas>
			<schemapath type="mysql">sql/updates/mysql</schemapath>
		</schemas>
	</update>

	<!-- Site Main File Copy Section -->
	<files folder="site">
		<filename>index.html</filename>
		<filename>faqbook.php</filename>
		<filename>controller.php</filename>
		<folder>controllers</folder>
		<folder>css</folder>
		<folder>helpers</folder>
		<folder>images</folder>
		<folder>js</folder>
		<folder>language</folder>
		<folder>models</folder>
		<folder>tables</folder>
		<folder>views</folder>	
	</files>

	<administration>
	
		<!-- Administration Menu Section -->
		<menu img="components/com_faqbook/images/faqbook_icon_16x16.png">COM_FAQBOOK_ADMIN_MENU</menu>
		<submenu>
		  <menu link="option=com_faqbook" alt="Dashboard">Dashboard</menu>
			<menu link="option=com_categories&amp;extension=com_faqbook" alt="FAQ Book Categories" img="class:category">Categories</menu>
			<menu link="option=com_faqbook&amp;view=items" alt="FAQ BOOK FAQs" img="class:newarticle">FAQs</menu>
			<menu link="option=com_faqbook&amp;view=about" alt="FAQ BOOK About" img="class:info">About</menu>
		</submenu>
		<!-- Administration Main File Copy Section -->
		<files folder="admin">
			<!-- Admin Main File Copy Section -->
			<filename>index.html</filename>
			<filename>faqbook.php</filename>
			<filename>controller.php</filename>
			<filename>config.xml</filename>
			<filename>access.xml</filename>
			<folder>controllers</folder>
			<folder>css</folder>
			<folder>helpers</folder>
			<folder>images</folder>
			<folder>models</folder>
			<folder>tables</folder>
			<folder>views</folder>
			<!-- SQL files section -->
			<folder>sql</folder>
		</files>
		<languages folder="admin">
                        <language tag="en-GB">language/en-GB/en-GB.com_faqbook.ini</language>
                        <language tag="en-GB">language/en-GB/en-GB.com_faqbook.sys.ini</language>											
    </languages>
	</administration>
	<config>
		<fields>
			<fieldset>		  
				<field name="load_jquery" default="1" />
				<field name="send_email" default="0" />
				<field name="write_email" default="" />
				<field name="show_message" default="1" />
				<field name="message_name" default="Welcome to FAQ Book. How can we help you?" />
				<field name="parent_description" default="1" />
				<field name="parent_image" default="1" />
				<field name="parent_image_width" default="48" />
				<field name="subcategories_number" default="1" />
				<field name="subcategories_left_list_scroll" default="1" />
				<field name="subcategories_index" default="1" />
				<field name="subcategories_left_list" default="1" />
				<field name="flicker_fix" default="0" />
				<field name="faq_slide" default="1" />
				<field name="faq_introtext" default="1" />
				<field name="faq_introtext_chars" default="50" />
				<field name="animate_faq_background" default="1" />
				<field name="faq_voting" default="1" />
				<field name="guest_voting" default="1" />
				<field name="new_faq" default="1" />
				<field name="new_faq_text" default="Type your question..." />
				<field name="new_faq_guest" default="1" />
				<field name="new_faq_guest_msg" default="1" />
				<field name="new_faq_guest_msg_text" default="Please register to ask a new question." />
				<field name="specified_cat" default="1" />
				<field name="results_per_page" default="10" />
				<field name="faq_parent_cat" default="1" />
			</fieldset>
		</fields>
  </config>
	
</extension>

