<?xml version="1.0" encoding="utf-8" ?>
<install version="1.6" client="administrator" type="language" method="upgrade">
 <author>bcehemsidor.se, uppdaterat av JOKR Solutions (www.jokrsolutions)</author>
 <authorEmail>bjorn@bcehemsidor.se</authorEmail>
 <authorUrl>http://www.bcehemsidor.se</authorUrl>
 <copyright>Copyright (C) 2007 - 2010 RSJoomla.com</copyright>
 <creationDate>2010-11-12</creationDate>
 <description></description>
 <license>http://www.gnu.org/licenses/gpl-2.0.html GNU/GPL</license>
 <name>Swedish</name>
 <tag>sv-SE</tag>
 
 <version>1.3.0</version>
	<files folder="../">
		  <filename>sv-SE.com_rsform.ini</filename>
		  <filename>sv-SE.com_rsform.menu.ini</filename>
		  <filename>sv-SE.com_rsform.sys.ini</filename>
		  <filename>sv-SE.plg_system_rsfppaypal.ini</filename>
		  <filename>sv-SE.plg_system_rsfprecaptcha.ini</filename>
		  <filename>sv-SE.plg_system_rsfprsevents.ini</filename>
		  <filename>sv-SE.plg_system_rsfpsalesforce.ini</filename>
		  <filename>sv-SE.mod_rsform_list.ini</filename>
		  <filename>sv-SE.plg_system_rsfpgoogle.ini</filename>
		  <filename>sv-SE.plg_system_rsfpmappings.ini</filename>
		  <filename>sv-SE.plg_system_rsfpmigration.ini</filename>
		  <filename>sv-SE.plg_system_rsfpbfforms.ini</filename>
		</files>
</install>
