<?xml version="1.0" encoding="utf-8"?>
<extension type="component" version="2.5" method="upgrade">
  <name>com_nicepayment</name>
  <author>jerry</author>
  <creationDate>Nov 2012</creationDate>
  <copyright>design by jerry</copyright>
  <authorEmail>jerry@cmsart.net</authorEmail>
  <authorUrl>http://www.cmsart.net</authorUrl>
  <version>1.0</version>
  <license>http://www.gnu.org/licenses/gpl-2.0.html GNU/GPL</license>
  <description>These are ecbank,ezship payments</description>
  
  <installfile>install.php</installfile>
  <uninstallfile>uninstall.php</uninstallfile>
  
  <files folder="components/com_nicepayment">
    <filename>nicepayment.php</filename>
    <filename>index.html</filename>   
  </files>
  <administration></administration>
  <plugins>
	<plugin plugin="payment_online" group="j2store" />
  </plugins>   
     
</extension>
