<?xml version="1.0" encoding="utf-8"?>
<install type="module" version="1.5.0" method="upgrade">
	<name>EasyBlog Showcase</name>
	<author>StackIdeas</author>
	<creationDate>May 2010</creationDate>
	<copyright>Copyright 2009 - 2011 Stack Ideas. All rights reserved.</copyright>
	<license>GPL License</license>
	<authorEmail>support@stackideas.com</authorEmail>
	<authorUrl>http://www.stackideas.com</authorUrl>
	<version>3.5.4</version>
	<description>Displays featured or lastest blogs listing in a slider module</description>
	<languages>
		<language tag="en-GB">en-GB.mod_showcase.ini</language>
		<language tag="da-DK">da-DK.mod_showcase.ini</language>
	</languages>
	<files>
		<filename module="mod_showcase">mod_showcase.php</filename>
		<filename>index.html</filename>
		<filename>helper.php</filename>
		<filename>en-GB.mod_showcase.ini</filename>
		<folder>tmpl</folder>
		<folder>assets</folder>
	</files>
	<params addpath="/administrator/components/com_easyblog/elements">
		<param name="moduleclass_sfx" type="text" default="" label="Module Class Suffix" description="PARAMMODULECLASSSUFFIX" />
		<param name="routingtype" type="list" default="default" label="Routing Type" description="Choose the routing type when generate blog post link">
			<option value="default">Use default behaviour</option>
			<option value="menuitem">Use menu item</option>
			<option value="category">Use post's category</option>
			<option value="tag">Use post's tag</option>
		</param>
		<param name="menuitemid" type="easyblogmenuitem" default="" label="Use Menu Item" description="Select menu item if you have choose to use 'menu item' as routing type" state="1" />
		<param name="@spacer" type="spacer" default="" label="" description="" />
		<param name="catid" type="text" default="0" label="Category" description="Please select your EasyBlog category. To include multiple categories, separate values by a comma" />
		<param name="count" type="text" default="5" label="Count" description="The number of items to display (set it to 0 if post limiting if not required)." />
		<param name="textlimit" type="text" default="200" label="Text limit" description="Set the number of maximum characters to be shown in the module." />
		<param name="showposttype" type="list" default="featured" label="Show Posts" description="Select to whether display featured or latest post.">
			<option value="latest">Latest</option>
			<option value="featured">Featured</option>
		</param>
		<param name="showratings" type="list" default="1" label="Show Ratings" description="Show or hide the rating for the post">
			<option value="0">No</option>
			<option value="1">Yes</option>
		</param>
		<param name="contentfrom" type="list" default="content" label="Use Content from" description="Where should the module fetch the content from">
			<option value="intro">Introtext</option>
			<option value="content">Content</option>
		</param>
		<param name="showreadmore" type="list" default="1" label="Show Readmore" description="Show or hide the read more link for the post">
			<option value="0">No</option>
			<option value="1">Yes</option>
		</param>
		<param name="autoshuffle" type="list" default="0" label="Randomize items" description="If enabled, blog posts will be randomized automatically">
			<option value="0">No</option>
			<option value="1">Yes</option>
		</param>
		<param name="autorotate_seconds" type="text" size="5" default="8" label="Auto rotating time" description="Set the number of seconds before the auto rotation kicks in" />
		<param name="autorotate" type="list" default="0" label="Auto rotate slides" description="If enabled, module will automatically slide through each items">
			<option value="0">No</option>
			<option value="1">Yes</option>
		</param>
		<param name="authoravatar" type="list" default="1" label="Show Author Avatar" description="Show or hide the author's avatar for the post">
			<option value="0">No</option>
			<option value="1">Yes</option>
		</param>
		<param name="contentauthor" type="list" default="1" label="Show Author" description="Show or hide the author for the post">
			<option value="0">No</option>
			<option value="1">Yes</option>
		</param>
		<param name="contentdate" type="list" default="1" label="Show Date" description="Show or hide the article date for the post">
			<option value="0">No</option>
			<option value="1">Yes</option>
		</param>
	</params>
	<params group="advanced">
		<param name="cache" type="list" default="0" label="Caching" description="Select whether to cache the content of this module">
			<option value="1">Use global</option>
			<option value="0">No caching</option>
		</param>
		<param name="cache_time" type="text" default="900" label="Cache Time" description="The time before the module is recached" />
	</params>

	<config>
		<fields name="params">
			<fieldset name="basic" addfieldpath="/administrator/components/com_easyblog/elements/fields">
				<field name="routingtype" type="list" default="default" label="Routing Type" description="Choose the routing type when generate blog post link">
					<option value="default">Use default behaviour</option>
					<option value="menuitem">Use menu item</option>
					<option value="category">Use post's category</option>
					<option value="tag">Use post's tag</option>
				</field>
				<field name="menuitemid" type="modal_easyblogmenuitem" default="" label="Use Menu Item" description="Select menu item if you have choose to use 'menu item' as routing type" state="1" />
				<field name="count" type="text" default="5" label="Count" description="The number of items to display (set it to 0 if post limiting if not required). Only applicable if you did not enable the option to only pickup featured post." />
				<field name="catid" type="text" default="0" label="Category" description="Please select your EasyBlog category. To include multiple categories, separate values by a comma" />
				<field name="textlimit"  type="text" default="200" label="Text limit" description="Set the number of maximum characters to be shown in the module." />
				<field name="showposttype" type="list" default="featured" label="Show Posts" description="Select to whether display featured or latest post.">
					<option value="latest">Latest</option>
					<option value="featured">Featured</option>
				</field>
				<field name="showratings" type="list" default="1" label="Show Ratings"  description="Enable of disable ratings from displaying in the module." >
					<option value="0">No</option>
					<option value="1">Yes</option>
				</field>
				<field name="contentfrom" type="list" default="content" label="Use Content from" description="Where should the module fetch the content from">
					<option value="intro">Introtext</option>
					<option value="content">Content</option>
				</field>
				<field name="showreadmore" type="list" default="1" label="Show Readmore"  description="Show or hide the read more link for the post" >
					<option value="0">No</option>
					<option value="1">Yes</option>
				</field>
				<field name="autoshuffle" type="list" default="0" label="Randomize items" description="If enabled, blog posts will be randomized automatically">
					<option value="0">No</option>
					<option value="1">Yes</option>
				</field>
				<field name="autorotate_seconds"  type="text" size="5" default="8" label="Auto rotating time" description="Set the number of seconds before the auto rotation kicks in" />
				<field name="autorotate" type="list" default="1" label="Auto rotate slides"  description="If enabled, module will automatically slide through each items" >
					<option value="0">No</option>
					<option value="1">Yes</option>
				</field>
				<field name="authoravatar" type="list" default="1" label="Show Author Avatar"  description="Show or hide the author's avatar for the post" >
					<option value="0">No</option>
					<option value="1">Yes</option>
				</field>
				<field name="contentauthor" type="list" default="1" label="Show Author"  description="Show or hide the author for the post" >
					<option value="0">No</option>
					<option value="1">Yes</option>
				</field>
				<field name="contentdate" type="list" default="1" label="Show Date"  description="Show or hide the article date for the post" >
					<option value="0">No</option>
					<option value="1">Yes</option>
				</field>
			</fieldset>
			<fieldset name="advanced">
				<field name="moduleclass_sfx" type="text" label="COM_MODULES_FIELD_MODULECLASS_SFX_LABEL" description="COM_MODULES_FIELD_MODULECLASS_SFX_DESC" />
				<field  name="cache" type="list" default="0" label="COM_MODULES_FIELD_CACHING_LABEL" description="COM_MODULES_FIELD_CACHING_DESC" >
					<option value="1">JGLOBAL_USE_GLOBAL</option>
					<option value="0">COM_MODULES_FIELD_VALUE_NOCACHING
					</option>
				</field>
				<field name="cache_time" type="text" default="900" label="COM_MODULES_FIELD_CACHE_TIME_LABEL" description="COM_MODULES_FIELD_CACHE_TIME_DESC" />
			</fieldset>
		</fields>
	</config>
</install>
