<?xml version="1.0" encoding="utf-8"?>
<applications>
	<application group="all">
		<params group="category-content">
			<param name="name_translation" type="zoocategorylang" size="3" default="15" label="Name Translation" description="Category name in other languages" />
			<param name="alias_translation" type="zoocategorylang" size="3" default="15" label="Alias Translation" description="Alias in other languages" />
			<param name="teaser_image_translation" type="zooimagelang" size="3" default="15" label="Teaser Image Translation" description="Image in other languages" />
			<param name="image_translation" type="zooimagelang" size="3" default="15" label="Image Translation" description="Image in other languages" />
			<param name="teaser_desc_translation" type="zoocategorylangtextarea" size="3" default="15" label="Teaser Description Translation" description="Category Teaser Description in other languages" />
			<param name="desc_translation" type="zoocategorylangtextarea" size="3" default="15" label="Description Translation" description="Category Description in other languages" />
			<param name="cat_title_translation" type="zoocategorylang" size="3" default="15" label="Categories Title Translation" description="Categories Title in other languages" />
			<param name="item_title_translation" type="zoocategorylang" size="3" default="15" label="Items Title Translation" description="Items title in other languages" />
			<param name="sub_headline_translation" type="zoocategorylang" size="3" default="15" label="Sub Headline Translation" description="Sub Headline title in other languages" />
		</params>
		<params group="item-content">
			<param name="name_translation" type="zoocategorylang" size="3" default="15" label="Name Translation" description="Item name in other languages" />
			<param name="alias_translation" type="zoocategorylang" size="3" default="15" label="Alias Translation" description="Alias in other languages" />
			<param name="metatitle_translation" type="zoocategorylang" size="3" label="Meta Title Translation" description="Meta Title in other languages" />
			<param name="metadesc_translation" type="zoocategorylangtextarea" size="3" default="15" label="Meta Description Translation" description="Meta Description in other languages" />
			<param name="metakeywords_translation" type="zoocategorylangtextarea" size="3" default="15" label="Meta Keywords Translation" description="Meta Keywords in other languages" />
		</params>
		<params group="submission-config">
			<param name="name_translation" type="zoocategorylang" size="3" default="15" label="Name Translation" description="Item name in other languages" />
			<param name="alias_translation" type="zoocategorylang" size="3" default="15" label="Alias Translation" description="Alias in other languages" />
			<param name="metadesc_translation" type="zoocategorylangtextarea" size="3" default="15" label="Meta Description Translation" description="Meta Description in other languages" />
			<param name="metakeywords_translation" type="zoocategorylangtextarea" size="3" default="15" label="Meta Keywords Translation" description="Meta Keywords in other languages" />
		</params>
		<params group="application-content">
			<param name="title_translation" type="zoocategorylang" label="Title Translation" description="Set a frontpage title." />
			<param name="alias_translation" type="zoocategorylang" size="3" default="15" label="Alias Translation" description="Alias in other languages" />
			<param name="subtitle_translation" type="zoocategorylang" label="Subtitle Translation" description="Set a subtitle." />
			<param name="desc_translation" type="zoocategorylangtextarea" label="Description Translation" description="Set a Description." />
			<param name="image_translation" type="zooimagelang" label="Image Translation" description="Choose a frontpage image." />
			<param name="items_title_translation" type="zoocategorylang" label="Items Titles Translation" description="Set a title above the displayed items." />
			<param name="categories_title_translation" type="zoocategorylang" label="Categories Translation" description="Set a title above the displayed sub categories." />
		</params>
		<params group="application-config">
			<param name="name_translation" type="zoocategorylang" size="3" default="15" label="Name Translation" description="Application name in other languages" />
			<param name="alias_translation" type="zoocategorylang" size="3" default="15" label="Alias Translation" description="Alias in other languages" />
		</params>
	</application>
</applications>