<?xml version="1.0" encoding="utf-8"?>
<!DOCTYPE install SYSTEM "http://dev.joomla.org/xml/1.5/plugin-install.dtd">
<install type="plugin" group="phocapdf" method="upgrade" version="1.5.0">
	<name>Phoca PDF - EasyBlog</name>
	<creationDate>16/08/2011</creationDate>
	<author>StackIdeas</author>
	<authorEmail>support@stackideas.com</authorEmail>
	<authorUrl>www.stackideas.com</authorUrl>
	<copyright>Copyright 2009 - 2011 StackIdeas. All rights reserved.</copyright>
	<license>GNU/GPL</license>
	<version>3.5.1</version>
	<description><![CDATA[ 
       Phoca PDF EasyBlog Plugin - creating PDF documents from EasyBlog posts  
      ]]></description>

	<!-- Main File Copy Section -->
	<files>
		<filename plugin="easyblog">easyblog.php</filename>
		<filename plugin="easyblog">easyblog.xml</filename>
	</files>

	<!-- Language -->
	<languages>
		<language tag="en-GB">en-GB.plg_phocapdf_easyblog.ini</language>
	</languages>
	
	
	<params group="phocasite" addpath="/administrator/components/com_phocapdf/elements">
		
		<param name="margin_top" type="phocatextunit" default="27" size="3" label="Margin Top" description="Margin Top DESC" />
		<param name="margin_left" type="phocatextunit" default="15" size="3" label="Margin Left" description="Margin Left DESC" />
		<param name="margin_right" type="phocatextunit" default="15" size="3" label="Margin Right" description="Margin Right DESC" />
  		<param name="margin_bottom" type="phocatextunit" default="25" size="3" label="Margin Bottom" description="Margin Bottom DESC" />
		
		<param name="page_format" type="list" default="A4" label="Page Format" description="Page Format DESC">
			<option value="4A0">4A0</option>
			<option value="2A0">2A0</option>
			<option value="A0">A0</option>
			<option value="A1">A1</option>
			<option value="A2">A2</option>
			<option value="A3">A3</option>
			<option value="A4">A4</option>
			<option value="A5">A5</option>
			<option value="A6">A6</option>
			<option value="A7">A7</option>
			<option value="A8">A8</option>
			<option value="A9">A9</option>
			<option value="A10">A10</option>
			<option value="B0">B0</option>
			<option value="B1">B1</option>
			<option value="B2">B2</option>
			<option value="B3">B3</option>
			<option value="B4">B4</option>
			<option value="B5">B5</option>
			<option value="B6">B6</option>
			<option value="B7">B7</option>
			<option value="B8">B8</option>
			<option value="B9">B9</option>
			<option value="B10">B10</option>
			<option value="C0">C0</option>
			<option value="C1">C1</option>
			<option value="C2">C2</option>
			<option value="C3">C3</option>
			<option value="C4">C4</option>
			<option value="C5">C5</option>
			<option value="C6">C6</option>
			<option value="C7">C7</option>
			<option value="C8">C8</option>
			<option value="C9">C9</option>
			<option value="C10">C10</option>
			<option value="RA0">RA0</option>
			<option value="RA1">RA1</option>
			<option value="RA2">RA2</option>
			<option value="RA3">RA3</option>
			<option value="RA4">RA4</option>
			<option value="SRA0">SRA0</option>
			<option value="SRA1">SRA1</option>
			<option value="SRA2">SRA2</option>
			<option value="SRA3">SRA3</option>
			<option value="SRA4">SRA4</option>
			<option value="LETTER">LETTER</option>
			<option value="LEGAL">LEGAL</option>
			<option value="EXECUTIVE">EXECUTIVE</option>
			<option value="FOLIO">FOLIO</option>
		</param>
		
		<param name="page_orientation" type="list" default="P" label="Page Orientation" description="Page Orientation DESC">
			<option value="P">Portrait</option>
			<option value="L">Landscape</option>
		</param>
		
		<param name="font_type" type="phocafonttype" default=""  label="Font Type" description="Font Type DESC" />
		
		<param name="site_font_color" type="phocacolortext" default="#000000" size="8" label="Site Font Color" description="Site Font Color DESC" />
		<param name="site_cell_height" type="text" default="1.2" size="3" label="Site Cell Height Ratio" description="Site Cell Height Ratio DESC" />
		
	</params>
	
	
	<params group="phocaheader" addpath="/administrator/components/com_phocapdf/elements">
		
		<param name="header_display" type="list" default="1" label="Display Header" description="Display Header DESC">
			<option value="1">Yes</option>
			<option value="0">No</option>
		</param>
		
		<param name="header_display_line" type="list" default="1" label="Display Header Line" description="Display Header Line DESC">
			<option value="1">Yes</option>
			<option value="0">No</option>
		</param>
		
		<param name="header_data" type="phocaeditor" rows="5" cols="40" default=""  label="Header Data" description="Header Data DESC" />
		<param name="header_data_align" type="list" default="L"  label="Header Data Align" description="Header Data Align DESC" >
			<option value="L">Left</option>
			<option value="C">Center</option>
			<option value="R">Right</option>
			<option value="J">Justify</option>
		</param>
		<param name="header_font_type" type="phocafonttype" default=""  label="Header Font Type" description="Header Font Type DESC" />
		<param name="header_font_size" type="phocatextunit" default="10" size="3" label="Header Font Size" description="Header Font Size DESC" />
		<param name="header_font_style" type="list" default="" label="Header Font Style" description="Header Font Style DESC">
			<option value="">Regular</option>
			<option value="B">Bold</option>
			<option value="I">Italic</option>
			<option value="BI">Bold Italic</option>
			<option value="U">Underline</option>
			<option value="D">Line Through</option>
		</param>
		
		<param name="header_font_color" type="phocacolortext" default="#000000" size="8" label="Header Font Color" description="Header Font Color DESC" />
		<param name="header_line_color" type="phocacolortext" default="#000000" size="8" label="Header Line Color" description="Header Line Color DESC" />
		<param name="header_bg_color" type="phocacolortext" default="" size="8" label="Header Background Color" description="Header Background Color DESC" />

		<param name="header_cell_height" type="text" default="1.2" size="3" label="Header Cell Height Ratio" description="Header Cell Height Ratio DESC" />
		
		<param name="header_margin" type="phocatextunit" default="5" size="3" label="Header Margin" description="Header Margin Size DESC" />
			
	</params>
	
	<params group="phocafooter" addpath="/administrator/components/com_phocapdf/elements">
	
		<param name="footer_display" type="list" default="1" label="Display Footer" description="Display Footer DESC">
			<option value="1">Yes</option>
			<option value="0">No</option>
		</param>
		
		<param name="footer_display_line" type="list" default="1" label="Display Footer Line" description="Display Footer Line DESC">
			<option value="1">Yes</option>
			<option value="0">No</option>
		</param>
		
		<param name="footer_data" type="phocaeditor" rows="5" cols="40" default=""  label="Footer Data" description="Footer Data DESC" />
		
		<param name="footer_data_align" type="list" default="R"  label="Footer Data Align" description="Footer Data Align DESC" >
			<option value="L">Left</option>
			<option value="C">Center</option>
			<option value="R">Right</option>
			<option value="J">Justify</option>
		</param>
		<param name="footer_display_pagination" type="list"  default="1"  label="Footer Display Pagination" description="Footer Display Pagination DESC" >
		<option value="1">Yes</option>
		<option value="0">No</option>
		</param>
		
		<param name="footer_font_type" type="phocafonttype" default=""  label="Footer Font Type" description="Footer Font Type DESC" />
		<param name="footer_font_size" type="phocatextunit" default="8" size="3" label="Footer Font Size" description="Footer Font Size DESC" />
		<param name="footer_font_style" type="list" default="" label="Footer Font Style" description="Footer Font Style DESC">
			<option value="">Regular</option>
			<option value="B">Bold</option>
			<option value="I">Italic</option>
			<option value="BI">Bold Italic</option>
			<option value="U">Underline</option>
			<option value="D">Line Through</option>
		</param>
		
		<param name="footer_font_color" type="phocacolortext" default="#000000" size="8" label="Footer Font Color" description="footer Font Color DESC" />
		<param name="footer_line_color" type="phocacolortext" default="#000000" size="8" label="Footer Line Color" description="footer Line Color DESC" />
		
		<param name="footer_bg_color" type="phocacolortext" default="" size="8" label="Footer Background Color" description="Footer Background Color DESC" />
		
		<param name="footer_cell_height" type="text" default="1.2" size="3" label="Footer Cell Height Ratio" description="Footer Cell Height Ratio DESC" />
		
		<param name="footer_margin" type="phocatextunit" default="15" size="3" label="Footer Margin" description="Footer Margin Size DESC" />
			
	</params>
	
	
	<params group="phocapdf" addpath="/administrator/components/com_phocapdf/elements">
		
		<param name="pdf_name" type="text" default="" size="30" label="PDF Name" description="PDF Name DESC" />
		<param name="pdf_destination" type="list" default="S" label="PDF Destination" description="PDF Destination DESC">

			<option value="I">Inline Browser</option>
			<option value="D">Force File Download</option>
			<option value="S">Inline Browser (Popup)</option>
		</param>
		
		<param name="use_cache" type="list" default="0" label="Cache" description="Cache DESC">
			<option value="1">Yes</option>
			<option value="0">No</option>
		</param>
		
		<param name="image_scale" type="text" default="4" size="3" label="Image Scale" description="Image Scale DESC" />
		
		<param name="display_plugin" type="list" default="0" label="Display Plugin Code" description="Display Plugin Code DESC">
			<option value="1">Yes</option>
			<option value="0">No</option>
		</param>
		
		<param name="display_image" type="list" default="1" label="Display Images" description="Display Images DESC">
			<option value="1">Yes</option>
			<option value="0">No</option>
		</param>
		
		<param name="sef_enabled" type="list" default="0" label="SEF Enabled" description="SEF Enabled DESC">
			<option value="0">No</option>
			<option value="1">Yes (.pdf?)</option>
			<option value="2">Yes (.pdf)</option>
		</param>
			
	</params>
	
	<config>
	<fields name="params">
	<fieldset name="phocasite" label="PLG_PHOCAPDF_CONTENT_HEADER_SITE_LABEL" addpath="/administrator/components/com_phocamaps/models/fields" group="phocasite" >
		
		<field name="margin_top" type="phocatextunit" default="27" size="3" label="PLG_PHOCAPDF_CONTENT_FIELD_MARGIN_TOP_LABEL" description="PLG_PHOCAPDF_CONTENT_FIELD_MARGIN_TOP_DESC" />
		<field name="margin_left" type="phocatextunit" default="15" size="3" label="PLG_PHOCAPDF_CONTENT_FIELD_MARGIN_LEFT_LABEL" description="PLG_PHOCAPDF_CONTENT_FIELD_MARGIN_LEFT_DESC" />
		<field name="margin_right" type="phocatextunit" default="15" size="3" label="PLG_PHOCAPDF_CONTENT_FIELD_MARGIN_RIGHT_LABEL" description="PLG_PHOCAPDF_CONTENT_FIELD_MARGIN_RIGHT_DESC" />
  		<field name="margin_bottom" type="phocatextunit" default="25" size="3" label="PLG_PHOCAPDF_CONTENT_FIELD_MARGIN_BOTTOM_LABEL" description="PLG_PHOCAPDF_CONTENT_FIELD_MARGIN_BOTTOM_DESC" />
		
		<field name="page_format" type="list" default="A4" label="PLG_PHOCAPDF_CONTENT_FIELD_PAGE_FORMAT_LABEL" description="PLG_PHOCAPDF_CONTENT_FIELD_PAGE_FORMAT_DESC">
			<option value="4A0">4A0</option>
			<option value="2A0">2A0</option>
			<option value="A0">A0</option>
			<option value="A1">A1</option>
			<option value="A2">A2</option>
			<option value="A3">A3</option>
			<option value="A4">A4</option>
			<option value="A5">A5</option>
			<option value="A6">A6</option>
			<option value="A7">A7</option>
			<option value="A8">A8</option>
			<option value="A9">A9</option>
			<option value="A10">A10</option>
			<option value="B0">B0</option>
			<option value="B1">B1</option>
			<option value="B2">B2</option>
			<option value="B3">B3</option>
			<option value="B4">B4</option>
			<option value="B5">B5</option>
			<option value="B6">B6</option>
			<option value="B7">B7</option>
			<option value="B8">B8</option>
			<option value="B9">B9</option>
			<option value="B10">B10</option>
			<option value="C0">C0</option>
			<option value="C1">C1</option>
			<option value="C2">C2</option>
			<option value="C3">C3</option>
			<option value="C4">C4</option>
			<option value="C5">C5</option>
			<option value="C6">C6</option>
			<option value="C7">C7</option>
			<option value="C8">C8</option>
			<option value="C9">C9</option>
			<option value="C10">C10</option>
			<option value="RA0">RA0</option>
			<option value="RA1">RA1</option>
			<option value="RA2">RA2</option>
			<option value="RA3">RA3</option>
			<option value="RA4">RA4</option>
			<option value="SRA0">SRA0</option>
			<option value="SRA1">SRA1</option>
			<option value="SRA2">SRA2</option>
			<option value="SRA3">SRA3</option>
			<option value="SRA4">SRA4</option>
			<option value="LETTER">LETTER</option>
			<option value="LEGAL">LEGAL</option>
			<option value="EXECUTIVE">EXECUTIVE</option>
			<option value="FOLIO">FOLIO</option>
		</field>
		
		<field name="page_orientation" type="list" default="P" label="PLG_PHOCAPDF_CONTENT_FIELD_PAGE_ORIENTATION_LABEL" description="PLG_PHOCAPDF_CONTENT_FIELD_PAGE_ORIENTATION_DESC">
			<option value="P">PLG_PHOCAPDF_CONTENT_PORTRAIT</option>
			<option value="L">PLG_PHOCAPDF_CONTENT_LANDSCAPE</option>
		</field>
		
		<field name="font_type" type="phocapdffonttype" default=""  label="PLG_PHOCAPDF_CONTENT_FIELD_FONT_TYPE_LABEL" description="PLG_PHOCAPDF_CONTENT_FIELD_FONT_TYPE_DESC" />
		
		<field name="site_font_color" type="phocacolortext" default="#000000" size="8" label="PLG_PHOCAPDF_CONTENT_FIELD_SITE_FONT_COLOR_LABEL" description="PLG_PHOCAPDF_CONTENT_FIELD_SITE_FONT_COLOR_DESC" />
		<field name="site_cell_height" type="text" default="1.2" size="3" label="PLG_PHOCAPDF_CONTENT_FIELD_SITE_CELL_HEIGHT_RATIO_LABEL" description="PLG_PHOCAPDF_CONTENT_FIELD_SITE_CELL_HEIGHT_RATIO_DESC" />
		
	</fieldset>
	
	
	<fieldset name="phocaheader" label="PLG_PHOCAPDF_CONTENT_HEADER_HEADER_LABEL" addpath="/administrator/components/com_phocamaps/models/fields" group="phocaheader" >
		
		<field name="header_display" type="list" default="1" label="PLG_PHOCAPDF_CONTENT_FIELD_DISPLAY_HEADER_LABEL" description="PLG_PHOCAPDF_CONTENT_FIELD_DISPLAY_HEADER_DESC" >
			<option value="1">PLG_PHOCAPDF_CONTENT_YES</option>
			<option value="0">PLG_PHOCAPDF_CONTENT_NO</option>
		</field>
		
		<field name="header_display_line" type="list" default="1" label="PLG_PHOCAPDF_CONTENT_FIELD_Display_Header_Line_LABEL" description="PLG_PHOCAPDF_CONTENT_FIELD_Display_Header_Line_DESC" >
			<option value="1">PLG_PHOCAPDF_CONTENT_YES</option>
			<option value="0">PLG_PHOCAPDF_CONTENT_NO</option>
		</field>
		
		<field name="header_data" type="phocapdfeditor" hide="article,pagebreak,readmore,phocagallery,phocadownload" rows="5" cols="40" default="" width="550"  label="PLG_PHOCAPDF_CONTENT_FIELD_HEADER_DATA_LABEL" description="PLG_PHOCAPDF_CONTENT_FIELD_HEADER_DATA_DESC" filter="safehtml" />
		<field name="header_data_align" type="list" default="L"  label="PLG_PHOCAPDF_CONTENT_FIELD_HEADER_DATA_ALIGN_LABEL" description="PLG_PHOCAPDF_CONTENT_FIELD_HEADER_DATA_ALIGN_DESC" >
			<option value="L">PLG_PHOCAPDF_CONTENT_LEFT</option>
			<option value="C">PLG_PHOCAPDF_CONTENT_CENTER</option>
			<option value="R">PLG_PHOCAPDF_CONTENT_RIGHT</option>
			<option value="J">PLG_PHOCAPDF_CONTENT_JUSTIFY</option>
		</field>
		<field name="header_font_type" type="phocapdffonttype" default=""  label="PLG_PHOCAPDF_CONTENT_FIELD_HEADER_FONT_TYPE_LABEL" description="PLG_PHOCAPDF_CONTENT_FIELD_HEADER_FONT_TYPE_DESC" />
		<field name="header_font_size" type="phocatextunit" default="10" size="3" label="PLG_PHOCAPDF_CONTENT_FIELD_HEADER_FONT_SIZE_LABEL" description="PLG_PHOCAPDF_CONTENT_FIELD_HEADER_FONT_SIZE_DESC" />
		<field name="header_font_style" type="list" default="" label="PLG_PHOCAPDF_CONTENT_FIELD_HEADER_FONT_STYLE_LABEL" description="PLG_PHOCAPDF_CONTENT_FIELD_HEADER_FONT_STYLE_DESC">
			<option value="">PLG_PHOCAPDF_CONTENT_REGULAR</option>
			<option value="B">PLG_PHOCAPDF_CONTENT_BOLD</option>
			<option value="I">PLG_PHOCAPDF_CONTENT_ITALIC</option>
			<option value="BI">PLG_PHOCAPDF_CONTENT_BOLD_ITALIC</option>
			<option value="U">PLG_PHOCAPDF_CONTENT_UNDERLINE</option>
			<option value="D">PLG_PHOCAPDF_CONTENT_LINE_THROUGH</option>
		</field>
		
		<field name="header_font_color" type="phocacolortext" default="#000000" size="8" label="PLG_PHOCAPDF_CONTENT_FIELD_HEADER_FONT_COLOR_LABEL" description="PLG_PHOCAPDF_CONTENT_FIELD_HEADER_FONT_COLOR_DESC" />
		<field name="header_line_color" type="phocacolortext" default="#000000" size="8" label="PLG_PHOCAPDF_CONTENT_FIELD_HEADER_LINE_COLOR_LABEL" description="PLG_PHOCAPDF_CONTENT_FIELD_HEADER_LINE_COLOR_DESC" />
		<field name="header_bg_color" type="phocacolortext" default="" size="8" label="PLG_PHOCAPDF_CONTENT_FIELD_HEADER_BACKGROUND_COLOR_LABEL" description="PLG_PHOCAPDF_CONTENT_FIELD_HEADER_BACKGROUND_COLOR_DESC" />

		<field name="header_cell_height" type="text" default="1.2" size="3" label="PLG_PHOCAPDF_CONTENT_FIELD_HEADER_CELL_HEIGHT_RATIO_LABEL" description="PLG_PHOCAPDF_CONTENT_FIELD_HEADER_CELL_HEIGHT_RATIO_DESC" />
		
		<field name="header_margin" type="phocatextunit" default="5" size="3" label="PLG_PHOCAPDF_CONTENT_FIELD_HEADER_MARGIN_LABEL" description="PLG_PHOCAPDF_CONTENT_FIELD_HEADER_MARGIN_DESC" />
			
	</fieldset>
	
	<fieldset name="phocafooter" label="PLG_PHOCAPDF_CONTENT_HEADER_FOOTER_LABEL" addpath="/administrator/components/com_phocamaps/models/fields" group="phocafooter" >
	
		<field name="footer_display" type="list" default="1" label="PLG_PHOCAPDF_CONTENT_FIELD_DISPLAY_FOOTER_LABEL" description="PLG_PHOCAPDF_CONTENT_FIELD_DISPLAY_FOOTER_DESC" >
			<option value="1">PLG_PHOCAPDF_CONTENT_YES</option>
			<option value="0">PLG_PHOCAPDF_CONTENT_NO</option>
		</field>
		
		<field name="footer_display_line" type="list" default="1" label="PLG_PHOCAPDF_CONTENT_FIELD_DISPLAY_FOOTER_LINE_LABEL" description="PLG_PHOCAPDF_CONTENT_FIELD_DISPLAY_FOOTER_LINE_DESC" >
			<option value="1">PLG_PHOCAPDF_CONTENT_YES</option>
			<option value="0">PLG_PHOCAPDF_CONTENT_NO</option>
		</field>
		
		<field name="footer_data" type="phocapdfeditor" hide="article,pagebreak,readmore,phocagallery,phocadownload" rows="5" cols="40" default="" width="550" label="PLG_PHOCAPDF_CONTENT_FIELD_FOOTER_DATA_LABEL" description="PLG_PHOCAPDF_CONTENT_FIELD_FOOTER_DATA_DESC" filter="safehtml" />
		
		<field name="footer_data_align" type="list" default="R"  label="PLG_PHOCAPDF_CONTENT_FIELD_FOOTER_DATA_ALIGN_LABEL" description="PLG_PHOCAPDF_CONTENT_FIELD_FOOTER_DATA_ALIGN_DESC" >
			<option value="L">PLG_PHOCAPDF_CONTENT_LEFT</option>
			<option value="C">PLG_PHOCAPDF_CONTENT_CENTER</option>
			<option value="R">PLG_PHOCAPDF_CONTENT_RIGHT</option>
			<option value="J">PLG_PHOCAPDF_CONTENT_JUSTIFY</option>
		</field>
		<field name="footer_display_pagination" type="list"  default="1"  label="PLG_PHOCAPDF_CONTENT_FIELD_FOOTER_DISPLAY_PAGINATION_LABEL" description="PLG_PHOCAPDF_CONTENT_FIELD_FOOTER_DISPLAY_PAGINATION_DESC" >
		<option value="1">PLG_PHOCAPDF_CONTENT_YES</option>
		<option value="0">PLG_PHOCAPDF_CONTENT_NO</option>
		</field>
		
		<field name="footer_font_type" type="phocapdffonttype" default=""  label="PLG_PHOCAPDF_CONTENT_FIELD_FOOTER_FONT_TYPE_LABEL" description="PLG_PHOCAPDF_CONTENT_FIELD_FOOTER_FONT_TYPE_DESC" />
		<field name="footer_font_size" type="phocatextunit" default="8" size="3" label="PLG_PHOCAPDF_CONTENT_FIELD_FOOTER_FONT_SIZE_LABEL" description="PLG_PHOCAPDF_CONTENT_FIELD_FOOTER_FONT_SIZE_DESC" />
		<field name="footer_font_style" type="list" default="" label="PLG_PHOCAPDF_CONTENT_FIELD_FOOTER_FONT_STYLE_LABEL" description="PLG_PHOCAPDF_CONTENT_FIELD_FOOTER_FONT_STYLE_DESC">
			<option value="">PLG_PHOCAPDF_CONTENT_REGULAR</option>
			<option value="B">PLG_PHOCAPDF_CONTENT_BOLD</option>
			<option value="I">PLG_PHOCAPDF_CONTENT_ITALIC</option>
			<option value="BI">PLG_PHOCAPDF_CONTENT_BOLD_ITALIC</option>
			<option value="U">PLG_PHOCAPDF_CONTENT_UNDERLINE</option>
			<option value="D">PLG_PHOCAPDF_CONTENT_LINE_THROUGH</option>
		</field>
		
		<field name="footer_font_color" type="phocacolortext" default="#000000" size="8" label="PLG_PHOCAPDF_CONTENT_FIELD_FOOTER_FONT_COLOR_LABEL" description="PLG_PHOCAPDF_CONTENT_FIELD_FOOTER_FONT_COLOR_DESC" />
		<field name="footer_line_color" type="phocacolortext" default="#000000" size="8" label="PLG_PHOCAPDF_CONTENT_FIELD_FOOTER_LINE_COLOR_LABEL" description="PLG_PHOCAPDF_CONTENT_FIELD_FOOTER_LINE_COLOR_DESC" />
		
		<field name="footer_bg_color" type="phocacolortext" default="" size="8" label="PLG_PHOCAPDF_CONTENT_FIELD_FOOTER_BACKGROUND_COLOR_LABEL" description="PLG_PHOCAPDF_CONTENT_FIELD_FOOTER_BACKGROUND_COLOR_DESC" />
		
		<field name="footer_cell_height" type="text" default="1.2" size="3" label="PLG_PHOCAPDF_CONTENT_FIELD_FOOTER_CELL_HEIGHT_RATIO_LABEL" description="PLG_PHOCAPDF_CONTENT_FIELD_FOOTER_CELL_HEIGHT_RATIO_DESC" />
		
		<field name="footer_margin" type="phocatextunit" default="15" size="3" label="PLG_PHOCAPDF_CONTENT_FIELD_FOOTER_MARGIN_LABEL" description="PLG_PHOCAPDF_CONTENT_FIELD_FOOTER_MARGIN_DESC" />
			
	</fieldset>
	
	
	<fieldset name="phocapdf" label="PLG_PHOCAPDF_CONTENT_HEADER_PDF_LABEL" addpath="/administrator/components/com_phocamaps/models/fields" group="phocapdf" >
		
		<field name="pdf_name" type="text" default="" size="30" label="PLG_PHOCAPDF_CONTENT_FIELD_PDF_NAME_LABEL" description="PLG_PHOCAPDF_CONTENT_FIELD_PDF_NAME_DESC" />
		<field name="pdf_destination" type="list" default="S" label="PLG_PHOCAPDF_CONTENT_FIELD_PDF_DESTINATION_LABEL" description="PLG_PHOCAPDF_CONTENT_FIELD_PDF_DESTINATION_DESC">

			<option value="I">PLG_PHOCAPDF_CONTENT_INLINE_BROWSER</option>
			<option value="D">PLG_PHOCAPDF_CONTENT_FORCE_FILE_DOWNLOAD</option>
			<option value="S">PLG_PHOCAPDF_CONTENT_INLINE_BROWSER_POPUP</option>
		</field>
		
		<field name="use_cache" type="list" default="0" label="PLG_PHOCAPDF_CONTENT_FIELD_CACHE_LABEL" description="PLG_PHOCAPDF_CONTENT_FIELD_CACHE_DESC">
			<option value="1">PLG_PHOCAPDF_CONTENT_YES</option>
			<option value="0">PLG_PHOCAPDF_CONTENT_NO</option>
		</field>
		
		<field name="image_scale" type="text" default="1" size="3" label="PLG_PHOCAPDF_CONTENT_FIELD_IMAGE_SCALE_LABEL" description="PLG_PHOCAPDF_CONTENT_FIELD_IMAGE_SCALE_DESC" />
		
		<field name="display_plugin" type="list" default="0" label="PLG_PHOCAPDF_CONTENT_FIELD_DISPLAY_PLUGIN_CODE_LABEL" description="PLG_PHOCAPDF_CONTENT_FIELD_DISPLAY_PLUGIN_CODE_DESC" >
			<option value="1">PLG_PHOCAPDF_CONTENT_YES</option>
			<option value="0">PLG_PHOCAPDF_CONTENT_NO</option>
		</field>
		
		<field name="display_image" type="list" default="1" label="PLG_PHOCAPDF_CONTENT_FIELD_DISPLAY_IMAGES_LABEL" description="PLG_PHOCAPDF_CONTENT_FIELD_DISPLAY_IMAGES_DESC" >
			<option value="1">PLG_PHOCAPDF_CONTENT_YES</option>
			<option value="0">PLG_PHOCAPDF_CONTENT_NO</option>
		</field>
		
		<field name="exclude_articles" type="text" default="" size="30" label="PLG_PHOCAPDF_CONTENT_FIELD_EXCLUDE_ARTICLES_LABEL" description="PLG_PHOCAPDF_CONTENT_FIELD_EXCLUDE_ARTICLES_DESC" />
		
		<field name="exclude_categories" type="text" default="" size="30" label="PLG_PHOCAPDF_CONTENT_FIELD_EXCLUDE_CATEGORIES_LABEL" description="PLG_PHOCAPDF_CONTENT_FIELD_EXCLUDE_CATEGORIES_DESC" />
		
			
	</fieldset>
	</fields>
	</config>
</install>
