<?xml version="1.0" encoding="UTF-8" ?>
<extension type="package" version="1.6">
<name>Czech</name>
<packagename>cs-CZ</packagename>
<version>1.6</version>
<url></url>
<packager></packager>
<packagerurl></packagerurl>
<description><![CDATA[
  <div align="center">
    <table border="0" width="90%">
	    <tr>
		    <td width="100%" colspan="2">
		      <div align="center"> <a href="http://rsjoomla.com" target="_blank"><img border="0" src="http://www.rsjoomla.com/templates/rsjoomla/img/logo.png" alt="RSJoomla.com" /></a>
				<h3> Jazykový soubor pro RSForm!Pro revize 30:</h3>
		      </div>
		      <hr />
		    </td>
	    </tr>
	    <tr>
		    <td width="18%"><u><b>Jazyk:</b></u></td>
		    <td width="80%">Czech</td>
	    </tr>
	    <tr>
		    <td width="18%"><u><b>Obsah:</b></u></td>
		    <td width="80%">Administrator (back-end) a Site (front-end)</td>
	    </tr>
	    <tr>
		    <td width="18%"><u><b>Autor:</b></u></td>
		    <td width="80%">rsjoomla.com</td>
	    </tr>
	    <tr>
		    <td width="18%"><u><b>Website:</b></u></td>
		    <td width="80%"><a href="http://www.rsjoomla.com" target="_blank">http://www.rsjoomla.com</a></td>
	    </tr>
	    <tr>
		    <td width="18%"><u><b>Verze:</b></u></td>
		    <td width="80%">3.0.0 Rev 31</td>
	    </tr>
	    <tr>
		    <td width="100%" colspan="2">
		      <p align="center"><b><font color="#008000">Pro nové verze překladu se podívejte do sekce pro stažení na website RSJoomla!.</font></b></td>
	    </tr>
    </table>
  </div>]]></description>
<files>
    <file type="language" client="site" id="cs-CZ">site</file>
    <file type="language" client="administrator" id="cs-CZ">admin</file>
</files>
</extension>