<?xml version="1.0" encoding="utf-8"?>
<install version="1.5" type="plugin" group="system" method="upgrade">
	<name>ZL Framework</name>
	<author>ZOOlanders</author>
	<creationDate>December 2011</creationDate>
	<copyright>Copyright (C) 2011 JOOlanders, SL</copyright>
	<license>http://www.gnu.org/licenses/gpl-2.0.html GNU/GPLv2 only</license>
	<authorEmail>info@zoolanders.com</authorEmail>
	<authorUrl>http://www.zoolanders.com</authorUrl>
	<version>2.6.7</version>
	<description>ZOOlanders Framework plugin for all ZOOlanders Extensions</description>
	<files>
		<filename plugin="zlframework">zlframework.php</filename>
		<folder>zlframework</folder>		
	</files>
	<languages folder="languages">
		<language tag="en-GB">en-GB.plg_system_zlframework.ini</language>
    </languages>
</install>