<?xml version="1.0" encoding="utf-8"?>
<extension version="2.5" type="plugin" group="system" method="upgrade" >
	<name>System - Widgetkit ZOO</name>
	<author>YOOtheme</author>
	<creationDate>August 2013</creationDate>
	<copyright>Copyright (C) 2007 - 2013 YOOtheme GmbH</copyright>
	<license>http://www.gnu.org/licenses/gpl-2.0.html GNU/GPLv2 only</license>
	<assetsLicense>YOOtheme Proprietary Use License (http://www.yootheme.com/license)</assetsLicense>
	<authorEmail>info@yootheme.com</authorEmail>
	<authorUrl>http://www.yootheme.com</authorUrl>
	<version>3.1.0</version>
	<description>ZOO plugin for Widgetkit developed by YOOtheme (http://www.yootheme.com)</description>
	<files>
		<filename plugin="widgetkit_zoo">widgetkit_zoo.php</filename>
        <filename>update.php</filename>
		<folder>assets</folder>
		<folder>elements</folder>
		<folder>layouts</folder>
		<folder>widgets</folder>
	</files>
</extension>