<?xml version="1.0" encoding="utf-8"?>
<install type="module" version="1.5.0" method="upgrade">
	<name>Recent Comments</name>
	<author>StackIdeas</author>
	<creationDate>July 2010</creationDate>
	<copyright>Copyright 2009 - 2011 Stack Ideas. All rights reserved.</copyright>
	<license>GPL License</license>
	<authorEmail>support@stackideas.com</authorEmail>
	<authorUrl>http://www.stackideas.com</authorUrl>
	<version>3.5.4</version>
	<description>The module will list down recent comments that user has contributed in the site through EasyBlog.</description>
	<languages>
		<language tag="en-GB">en-GB.mod_easybloglatestcomment.ini</language>
		<language tag="da-DK">da-DK.mod_easybloglatestcomment.ini</language>
		<language tag="sv-SE">sv-SE.mod_easybloglatestcomment.ini</language>
		<language tag="pl-PL">pl-PL.mod_easybloglatestcomment.ini</language>
	</languages>
	<files>
		<filename module="mod_easybloglatestcomment">mod_easybloglatestcomment.php</filename>
		<filename>helper.php</filename>
		<filename>index.html</filename>
		<folder>tmpl</folder>
		<folder>assets</folder>
	</files>
	<params addpath="/administrator/components/com_easyblog/elements">
		<param name="moduleclass_sfx" type="text" default="" label="Module Class Suffix" description="PARAMMODULECLASSSUFFIX" />
		<param name="routingtype" type="list" default="default" label="Routing Type" description="Choose the routing type when generate blog post link">
			<option value="default">Use default behaviour</option>
			<option value="menuitem">Use menu item</option>
			<option value="category">Use post's category</option>
			<option value="tag">Use post's tag</option>
		</param>
		<param name="menuitemid" type="easyblogmenuitem" default="" label="Use Menu Item" description="Select menu item if you have choose to use 'menu item' as routing type" state="1" />
		<param name="@spacer" type="spacer" default="" label="" description="" />
		<param name="count" type="text" default="5" label="Count" description="The number of latest comments to display." />
		<param name="showprivate" type="list" default="1" label="Show comment from private post" description="Enable of disable from displaying comments from private post in the module.">
			<option value="0">No</option>
			<option value="1">Yes</option>
		</param>
		<param name="showtitle" type="list" default="1" label="Show Blog Title" description="Show or hide the blog's title text in the module.">
			<option value="0">No</option>
			<option value="1">Yes</option>
		</param>
		<param name="showavatar" type="list" default="1" label="Show avatar" description="Show or hide the commentor's avatar in the module.">
			<option value="0">No</option>
			<option value="1">Yes</option>
		</param>
		<param name="showauthor" type="list" default="1" label="Show author name" description="Show or hide the author's name in the module.">
			<option value="0">No</option>
			<option value="1">Yes</option>
		</param>
		<param name="dateformat" type="text" default="%d.%m.%Y" label="Date format" description="Set the date format" />
		<param name="maxcommenttext" type="text" default="100" label="Max. characters in comments" description="Specify the length of characters display in comments text." />
		<param name="maxtitletext" type="text" default="30" label="Max. characters in title" description="Specify the length of characters display in title text." />
	</params>
	<params group="advanced">
		<param name="cache" type="list" default="0" label="Caching" description="Select whether to cache the content of this module">
			<option value="1">Use global</option>
			<option value="0">No caching</option>
		</param>
		<param name="cache_time" type="text" default="900" label="Cache Time" description="The time before the module is recached" />
	</params>

	<config>
		<fields name="params">
			<fieldset name="basic" addfieldpath="/administrator/components/com_easyblog/elements/fields">
				<field name="routingtype" type="list" default="default" label="Routing Type" description="Choose the routing type when generate blog post link">
					<option value="default">Use default behaviour</option>
					<option value="menuitem">Use menu item</option>
					<option value="category">Use post's category</option>
					<option value="tag">Use post's tag</option>
				</field>
				<field name="menuitemid" type="modal_easyblogmenuitem" default="" label="Use Menu Item" description="Select menu item if you have choose to use 'menu item' as routing type" state="1" />
				<field name="count" type="text" default="5" label="Count" description="The number of latest comments to display." />
				<field name="showprivate" type="list" default="1" label="Show comment from private post" description="Enable of disable from displaying comments from private post in the module." >
					<option value="0">No</option>
					<option value="1">Yes</option>
				</field>

				<field name="showtitle" type="list" default="1" label="Show Blog Title" description="Show or hide the blog's title text in the module.">
					<option value="0">No</option>
					<option value="1">Yes</option>
				</field>
				<field name="showavatar" type="list" default="1" label="Show avatar" description="Show or hide the commentor's avatar in the module.">
					<option value="0">No</option>
					<option value="1">Yes</option>
				</field>
				<field name="showauthor" type="list" default="1" label="Show author name" description="Show or hide the author's name in the module.">
					<option value="0">No</option>
					<option value="1">Yes</option>
				</field>
				<field name="dateformat" type="text" default="%d.%m.%Y" label="Date format" description="Set the date format" />
				<field name="maxcommenttext" type="text" default="100" label="Max. characters in comments" description="Specify the length of characters display in comments text." />
				<field name="maxtitletext" type="text" default="30" label="Max. characters in title" description="Specify the length of characters display in title text." />
			</fieldset>
			<fieldset name="advanced">
				<field name="moduleclass_sfx" type="text" label="COM_MODULES_FIELD_MODULECLASS_SFX_LABEL" description="COM_MODULES_FIELD_MODULECLASS_SFX_DESC" />
				<field name="cache" type="list" default="0" label="COM_MODULES_FIELD_CACHING_LABEL" description="COM_MODULES_FIELD_CACHING_DESC">
					<option value="1">JGLOBAL_USE_GLOBAL</option>
					<option value="0">COM_MODULES_FIELD_VALUE_NOCACHING
					</option>
				</field>
				<field name="cache_time" type="text" default="900" label="COM_MODULES_FIELD_CACHE_TIME_LABEL" description="COM_MODULES_FIELD_CACHE_TIME_DESC" />
			</fieldset>
		</fields>
	</config>

</install>
