<?xml version="1.0" encoding="utf-8"?>
<install version="1.5" type="plugin" group="system" method="upgrade">
	<name>System - RSForm! Pro Google Analytics</name>
	<author>RSJoomla</author>
	<creationDate>June 2009</creationDate>
	<copyright>(C) 2007-2010 www.rsjoomla.com</copyright>
	<license>GNU General Public License</license>
	<authorEmail>support@rsjoomla.com</authorEmail>
	<authorUrl>www.rsjoomla.com</authorUrl>
	<version>1.3.0</version>
	<description><![CDATA[RSForm!Pro - Google Analytics plugin allows you to add your Google Analytics code to your form. Works with at least RSForm! Pro 1.3.0 REV30!]]></description>
	<files>
		<filename plugin="rsfpgoogle">rsfpgoogle.php</filename>
	</files>
	<languages>
		<language tag="en-GB">en-GB.plg_system_rsfpgoogle.ini</language>
	</languages>
</install>