{"automatic_module_id":"1","module_id":"gk-tab-1","moduleclass_sfx":"","module_data_source":"tabsmanager","tabs_data":"[{\"name\":\"Lorem ipsum dolor\",\"type\":\"xhtml\",\"content\":\"Nullam quis risus eget urna mollis ornare vel eu leo. Nullam id dolor id nibh ultricies vehicula ut id elit. Donec ullamcorper nulla non metus auctor fringilla. Cras mattis consectetur purus sit amet fermentum. \\n\\nPraesent commodo cursus magna, vel scelerisque nisl consectetur et. Sed posuere consectetur est at lobortis. Vestibulum id ligula porta felis euismod semper. Donec id elit non mi porta gravida at eget metus. Cras justo odio, dapibus ac facilisis in, egestas eget quam. \\n\\nAenean eu leo quam. Pellentesque ornare sem lacinia quam venenatis vestibulum. Aenean lacinia bibendum nulla sed consectetur. Morbi leo risus, porta ac consectetur ac, vestibulum at eros. Nulla vitae elit libero, a pharetra augue. Nullam id dolor id nibh ultricies vehicula ut id elit. \\n\\nNullam quis risus eget urna mollis ornare vel eu leo. Aenean lacinia bibendum nulla sed consectetur. Cum sociis natoque penatibus et magnis dis parturient montes, nascetur ridiculus mus. Donec ullamcorper nulla non metus auctor fringilla.\",\"published\":\"1\",\"access\":\"1\",\"id\":\"\",\"animation\":\"default\"},{\"name\":\"Sample tab 1\",\"type\":\"xhtml\",\"content\":\"Nullam quis risus eget urna mollis ornare vel eu leo. Nullam id dolor id nibh ultricies vehicula ut id elit. Donec ullamcorper nulla non metus auctor fringilla. Cras mattis consectetur purus sit amet fermentum. \\n\\nPraesent commodo cursus magna, vel scelerisque nisl consectetur et. Sed posuere consectetur est at lobortis. Vestibulum id ligula porta felis euismod semper. Donec id elit non mi porta gravida at eget metus. Cras justo odio, dapibus ac facilisis in, egestas eget quam. \\n\\nAenean eu leo quam. Pellentesque ornare sem lacinia quam venenatis vestibulum. Aenean lacinia bibendum nulla sed consectetur. Morbi leo risus, porta ac consectetur ac, vestibulum at eros. Nulla vitae elit libero, a pharetra augue. Nullam id dolor id nibh ultricies vehicula ut id elit. \\n\\nNullam quis risus eget urna mollis ornare vel eu leo. Aenean lacinia bibendum nulla sed consectetur. Cum sociis natoque penatibus et magnis dis parturient montes, nascetur ridiculus mus. Donec ullamcorper nulla non metus auctor fringilla.\",\"published\":\"1\",\"access\":\"1\",\"id\":\"\",\"animation\":\"default\"},{\"name\":\"Sample tab 2\",\"type\":\"xhtml\",\"content\":\"Nullam quis risus eget urna mollis ornare vel eu leo. Nullam id dolor id nibh ultricies vehicula ut id elit. Donec ullamcorper nulla non metus auctor fringilla. Cras mattis consectetur purus sit amet fermentum. \\n\\nPraesent commodo cursus magna, vel scelerisque nisl consectetur et. Sed posuere consectetur est at lobortis. Vestibulum id ligula porta felis euismod semper. Donec id elit non mi porta gravida at eget metus. Cras justo odio, dapibus ac facilisis in, egestas eget quam. \\n\\nAenean eu leo quam. Pellentesque ornare sem lacinia quam venenatis vestibulum. Aenean lacinia bibendum nulla sed consectetur. Morbi leo risus, porta ac consectetur ac, vestibulum at eros. Nulla vitae elit libero, a pharetra augue. Nullam id dolor id nibh ultricies vehicula ut id elit. \\n\\nNullam quis risus eget urna mollis ornare vel eu leo. Aenean lacinia bibendum nulla sed consectetur. Cum sociis natoque penatibus et magnis dis parturient montes, nascetur ridiculus mus. Donec ullamcorper nulla non metus auctor fringilla.\",\"published\":\"1\",\"access\":\"1\",\"id\":\"\",\"animation\":\"default\"},{\"name\":\"Sample tab 2\",\"type\":\"xhtml\",\"content\":\"Nullam quis risus eget urna mollis ornare vel eu leo. Nullam id dolor id nibh ultricies vehicula ut id elit. Donec ullamcorper nulla non metus auctor fringilla. Cras mattis consectetur purus sit amet fermentum. \\n\\nPraesent commodo cursus magna, vel scelerisque nisl consectetur et. Sed posuere consectetur est at lobortis. Vestibulum id ligula porta felis euismod semper. Donec id elit non mi porta gravida at eget metus. Cras justo odio, dapibus ac facilisis in, egestas eget quam. \\n\\nAenean eu leo quam. Pellentesque ornare sem lacinia quam venenatis vestibulum. Aenean lacinia bibendum nulla sed consectetur. Morbi leo risus, porta ac consectetur ac, vestibulum at eros. Nulla vitae elit libero, a pharetra augue. Nullam id dolor id nibh ultricies vehicula ut id elit. \\n\\nNullam quis risus eget urna mollis ornare vel eu leo. Aenean lacinia bibendum nulla sed consectetur. Cum sociis natoque penatibus et magnis dis parturient montes, nascetur ridiculus mus. Donec ullamcorper nulla non metus auctor fringilla.\",\"published\":\"1\",\"access\":\"1\",\"id\":\"\",\"animation\":\"default\"}]","external_source":"-1","styleCSS":"style1","module_auto_height":"1","module_height":"300","tabs_position":"top","tabs_width":"160","tabs_spans":"0","buttons":"0","activator":"click","animation":"0","animation_speed":"140","animation_interval":"5000","animation_type":"slide_horizontal","animation_function":"Fx.Transitions.Pow.easeOut","url_tab_selection":"1","cookie_tab_selection":"0","parse_plugins":"1","useCSS":"1","useScript":"1","engine_mode":"mootools","include_jquery":"0"}