<install type="component" version="1.5.0" method="upgrade">
    <name>M2C</name>
    <version>1.5</version>
    <description></description>
    <license>http://www.gnu.org/licenses/gpl-2.0.html GNU/GPL</license>
    <author>Douglas Machado</author>
    <authoremail>falecom@focalizaisso.com.br</authoremail>
    <authorurl>http://joomla.focalizaisso.com.br</authorurl>
    <copyright>(C) 2007, 2008 Douglas Machado. All rights reserved.</copyright>
    <creationDate>01-Mar-2010</creationDate>
    <installfile>install.m2c.php</installfile>
    <files folder="site">
        <folder>views</folder>
        <filename>index.html</filename>
        <filename>m2c.php</filename>
        <filename>metadata.xml</filename>
        <filename>router.php</filename>
    </files>
    <administration>
        <menu img="components/com_m2c/ico.gif" link="option=com_m2c">M2C</menu>
        <files folder="admin">
            <filename>admin.m2c.php</filename>
            <filename>config.xml</filename>
            <filename>index.html</filename>
            <filename>install.m2c.php</filename>
        </files>
    </administration>
</install>
