<?xml version="1.0" encoding="utf-8" ?>
<install client="both" method="upgrade" type="language" version="1.5">
 <author>rsjoomla.com</author>
 <authorEmail>support@rsjoomla.com</authorEmail>
 <authorUrl>http://www.rsjoomla.com</authorUrl>
 <copyright>Copyright (C) 2007 - 2010 RSJoomla.com</copyright>
 <creationDate>2010-10-10</creationDate>
 <description></description>
 <license>http://www.gnu.org/licenses/gpl-2.0.html GNU/GPL</license>
 <name>Russian</name>
 <tag>ru-RU</tag>
 
 <!-- Enter the version of the component -->
 <version>3.0</version>
	
<!-- Language files for the Administrator of Joomla! -->
      <administration>
        <files folder="admin">
<!-- Identify all language files in the admin folder of the installation package language file .-->
<!-- NOTE: Each file must separate between <filename> </ filename>-->
		  <filename>ru-RU.com_rsform.ini</filename>
		  <filename>ru-RU.com_rsform.menu.ini</filename>
		  <filename>ru-RU.com_rsform.sys.ini</filename>
		  <filename>ru-RU.plg_system_rsfpgoogle.ini</filename>
		  <filename>ru-RU.plg_system_rsfpmailchimp.ini</filename>
		  <filename>ru-RU.plg_system_rsfppaypal.ini</filename>
		  <filename>ru-RU.plg_system_rsfprecaptcha.ini</filename>
		  <filename>ru-RU.plg_system_rsfpsalesforce.ini</filename>
        </files>
      </administration>
	  
<!-- Language Files for the Web site of Joomla! -->
      <site>
        <files folder="site">
<!-- Identify all language files in the site folder of the installation package language file .-->
<!-- NOTE: Each file must separate between <filename> </ filename>-->
          <filename>ru-RU.com_rsform.ini</filename>
        </files>
      </site>
</install>