<?xml version="1.0" encoding="utf-8"?>
<element type="joomlamodule" group="Other">
	<name>Joomla Module</name>
	<author>YOOtheme</author>
	<creationDate>August 2011</creationDate>
	<copyright>Copyright (C) YOOtheme GmbH</copyright>
	<authorEmail>info@yootheme.com</authorEmail>
	<authorUrl>http://www.yootheme.com</authorUrl>
	<version>2.5.0</version>
	<description>Joomla Module Wrapper</description>
	<params>
		<param name="default" type="zoomodule" default="" label="Default" description="" />
	</params>
</element>