<?xml version="1.0" encoding="utf-8"?>
<extension type="module" version="2.5.0" client="site" method="upgrade">
	<name>Vinaora Nice Slideshow</name>
	<author>VINAORA</author>
	<creationDate>Jun 2012</creationDate>
	<copyright>Copyright (C) 2012 VINAORA. All rights reserved.</copyright>
	<license>GNU General Public License version 2 or later; see LICENSE.txt</license>
	<authorEmail>info@vinaora.com</authorEmail>
	<authorUrl>http://vinaora.com</authorUrl>
	<version>2.5.0</version>
	<description>MOD_VT_NICE_SLIDESHOW_XML_DESCRIPTION</description>
	<files>
		<filename module="mod_vt_nice_slideshow">mod_vt_nice_slideshow.php</filename>
		<filename>helper.php</filename>
		<filename>index.html</filename>
		<filename>README.markdown</filename>
		<folder>fields</folder>
		<folder>helper</folder>
		<folder>tmpl</folder>
	</files>

	<media folder="media" destination="mod_vt_nice_slideshow">
		<filename>index.html</filename>
		<filename>intro.html</filename>
		<folder>config</folder>
		<folder>css</folder>
		<folder>images</folder>
		<folder>js</folder>
		<folder>templates</folder>
	</media>
	
	<languages>
		<language tag="en-GB">language/en-GB.mod_vt_nice_slideshow.ini</language>
		<language tag="en-GB">language/en-GB.mod_vt_nice_slideshow.sys.ini</language>
	</languages>
	<config>
		<fields name="params" addfieldpath="modules/mod_vt_nice_slideshow/fields">
			<fieldset name="basic">
				<field name="lastedit" type="lastedit" />
				<field name="theme" type="folderlist" default="default" directory="media/mod_vt_nice_slideshow/templates/backgnd" filter="" exclude="" stripext="" hide_none="1" hide_default="1" label="MOD_VT_NICE_SLIDESHOW_FIELD_THEME" description="MOD_VT_NICE_SLIDESHOW_FIELD_THEME_DESC" />
				<field name="ImageWidth" type="text" default="640" label="MOD_VT_NICE_SLIDESHOW_FIELD_IMAGE_WIDTH" description="MOD_VT_NICE_SLIDESHOW_FIELD_IMAGE_WIDTH_DESC" />
				<field name="ImageHeight" type="text" default="480" label="MOD_VT_NICE_SLIDESHOW_FIELD_IMAGE_HEIGHT" description="MOD_VT_NICE_SLIDESHOW_FIELD_IMAGE_HEIGHT_DESC" />
				<field name="ImageEffect" type="folderlist" directory="media/mod_vt_nice_slideshow/templates/effects" filter="" exclude="" stripext="" hide_none="1" hide_default="1" default="" label="MOD_VT_NICE_SLIDESHOW_FIELD_IMAGE_EFFECT" description="MOD_VT_NICE_SLIDESHOW_FIELD_IMAGE_EFFECT_DESC" />
				<field name="SlideshowDuration" type="text" default="900" label="MOD_VT_NICE_SLIDESHOW_FIELD_SLIDESHOW_DURATION" description="MOD_VT_NICE_SLIDESHOW_FIELD_SLIDESHOW_DURATION_DESC"/>
				<field name="SlideshowDelay" type="text" default="2500" label="MOD_VT_NICE_SLIDESHOW_FIELD_SLIDESHOW_DELAY" description="MOD_VT_NICE_SLIDESHOW_FIELD_SLIDESHOW_DELAY_DESC" />
				<field type="spacer" name="@spacer01" hr="true" />
				<field name="item_dir" type="folderlist" directory="images" filter="" exclude="" hide_none="0" hide_default="1" label="MOD_VT_NICE_SLIDESHOW_FIELD_ITEM_DIR" description="MOD_VT_NICE_SLIDESHOW_FIELD_ITEM_DIR_DESC" />
				<field name="item_path" type="textarea" rows="5" cols="30" default="" label="MOD_VT_NICE_SLIDESHOW_FIELD_ITEM_PATH" description="MOD_VT_NICE_SLIDESHOW_FIELD_ITEM_PATH_DESC" />
				<field name="item_title" type="textarea" rows="5" cols="30" default="" label="MOD_VT_NICE_SLIDESHOW_FIELD_ITEM_TITLE" description="MOD_VT_NICE_SLIDESHOW_FIELD_ITEM_TITLE_DESC" />
				<field name="item_description" type="textarea" rows="5" cols="30" default="" label="MOD_VT_NICE_SLIDESHOW_FIELD_ITEM_DESCRIPTION" description="MOD_VT_NICE_SLIDESHOW_FIELD_ITEM_DESCRIPTION_DESC" />
				<field name="item_url" type="textarea" rows="5" cols="30" default="" label="MOD_VT_NICE_SLIDESHOW_FIELD_ITEM_URL" description="MOD_VT_NICE_SLIDESHOW_FIELD_ITEM_URL_DESC" />
				<field name="item_target" type="list" default="_blank" label="MOD_VT_NICE_SLIDESHOW_FIELD_ITEM_TARGET" description="MOD_VT_NICE_SLIDESHOW_FIELD_ITEM_TARGET_DESC" >
					<option value="_blank">MOD_VT_NICE_SLIDESHOW_OPTION_LINK_TARGET_BLANK</option>
					<option value="_self">MOD_VT_NICE_SLIDESHOW_OPTION_LINK_TARGET_SELF</option>
					<option value="_parent">MOD_VT_NICE_SLIDESHOW_OPTION_LINK_TARGET_PARENT</option>
					<option value="_top">MOD_VT_NICE_SLIDESHOW_OPTION_LINK_TARGET_TOP</option>
				</field>
				<field type="spacer" name="@spacer02" hr="true" />
				<field name="AutoPlay" type="radio" default="true" label="MOD_VT_NICE_SLIDESHOW_FIELD_AUTOPLAY" description="MOD_VT_NICE_SLIDESHOW_FIELD_AUTOPLAY_DESC">
					<option value="true">JYES</option>
					<option value="false">JNO</option>
				</field>
				<field name="StopOnHover" type="radio" default="false" label="MOD_VT_NICE_SLIDESHOW_FIELD_STOPONHOVER" description="MOD_VT_NICE_SLIDESHOW_FIELD_STOPONHOVER_DESC">
					<option value="true">JYES</option>
					<option value="false">JNO</option>
				</field>
				<field name="OneLoop" type="radio" default="false" label="MOD_VT_NICE_SLIDESHOW_FIELD_ONELOOP" description="MOD_VT_NICE_SLIDESHOW_FIELD_ONELOOP_DESC">
					<option value="true">JYES</option>
					<option value="false">JNO</option>
				</field>
				<field name="Captions" type="radio" default="true" label="MOD_VT_NICE_SLIDESHOW_FIELD_CAPTIONS" description="MOD_VT_NICE_SLIDESHOW_FIELD_CAPTIONS_DESC">
					<option value="true">JYES</option>
					<option value="false">JNO</option>
				</field>
				<field name="Controls" type="radio" default="true" label="MOD_VT_NICE_SLIDESHOW_FIELD_CONTROLS" description="MOD_VT_NICE_SLIDESHOW_FIELD_CONTROLS_DESC">
					<option value="true">JYES</option>
					<option value="false">JNO</option>
				</field>
				<field name="ShowBullets" type="radio" default="true" label="MOD_VT_NICE_SLIDESHOW_FIELD_SHOWBULLETS" description="MOD_VT_NICE_SLIDESHOW_FIELD_SHOWBULLETS_DESC">
					<option value="true">JYES</option>
					<option value="false">JNO</option>
				</field>
				<field name="ShowTooltips" type="hidden" default="false" label="MOD_VT_NICE_SLIDESHOW_FIELD_SHOWTOOLTIPS" description="MOD_VT_NICE_SLIDESHOW_FIELD_SHOWTOOLTIPS_DESC">
					<option value="true">JYES</option>
					<option value="false">JNO</option>
				</field>
				<field type="spacer" name="@spacer03" hr="true" />
				<field name="prevCaption" type="hidden" default="" label="MOD_VT_NICE_SLIDESHOW_FIELD_PREVCAPTION" description="MOD_VT_NICE_SLIDESHOW_FIELD_PREVCAPTION_DESC" />
				<field name="nextCaption" type="hidden" default="" label="MOD_VT_NICE_SLIDESHOW_FIELD_NEXTCAPTION" description="MOD_VT_NICE_SLIDESHOW_FIELD_NEXTCAPTION_DESC" />
			</fieldset>
			<fieldset name="advanced">
				<field name="moduleclass_sfx" type="text" size="40" label="COM_MODULES_FIELD_MODULECLASS_SFX_LABEL" description="COM_MODULES_FIELD_MODULECLASS_SFX_DESC" />
				<field name="cache" type="list" default="1" label="COM_MODULES_FIELD_CACHING_LABEL" description="COM_MODULES_FIELD_CACHING_DESC">
					<option value="1">JGLOBAL_USE_GLOBAL</option>
					<option value="0">COM_MODULES_FIELD_VALUE_NOCACHING</option>
				</field>
				<field name="cache_time" type="text" default="900" label="COM_MODULES_FIELD_CACHE_TIME_LABEL" description="COM_MODULES_FIELD_CACHE_TIME_DESC" />
				<field name="cachemode" type="hidden" default="static">
					<option value="static"></option>
				</field>
			</fieldset>
			<fieldset name="extra">
				<field name="jquery_source" type="list" default="local" label="MOD_VT_NICE_SLIDESHOW_FIELD_JQUERY_SOURCE" description="MOD_VT_NICE_SLIDESHOW_FIELD_JQUERY_SOURCE_DESC">
					<option value="local">MOD_VT_NICE_SLIDESHOW_OPTION_JQUERY_SOURCE_LOCAL</option>
					<option value="google">MOD_VT_NICE_SLIDESHOW_OPTION_JQUERY_SOURCE_GOOGLE</option>
					<option value="none">JNONE</option>
				</field>
				<field name="jquery_version" type="folderlist" default="latest" directory="media/mod_vt_nice_slideshow/js/jquery/" filter="" exclude="" stripext="" hide_none="1" hide_default="1" label="MOD_VT_NICE_SLIDESHOW_FIELD_JQUERY_VERSION" description="MOD_VT_NICE_SLIDESHOW_FIELD_JQUERY_VERSION_DESC" />
			</fieldset>
		</fields>
	</config>
</extension>
