<?xml version="1.0" encoding="UTF-8" ?>
<extension type="package" version="1.6">
<name>Swedish</name>
<packagename>sv-SE</packagename>
<version>1.6</version>
<url></url>
<packager></packager>
<packagerurl></packagerurl>
<description><![CDATA[
  <div align="center">
    <table border="0" width="90%">
	    <tr>
		    <td width="100%" colspan="2">
		      <div align="center"> <a href="http://rsjoomla.com" target="_blank"><img border="0" src="http://www.rsjoomla.com/templates/rsjoomla/img/logo.png" alt="RSJoomla.com" /></a>
				<h3> RSForm!Pro revidering av 30 språkfiler:</h3>
		      </div>
		      <hr />
		    </td>
	    </tr>
	    <tr>
		    <td width="18%"><u><b>Språk:</b></u></td>
		    <td width="80%">Svenska</td>
	    </tr>
	    <tr>
		    <td width="18%"><u><b>Innehåll:</b></u></td>
		    <td width="80%">Administrator (back-end) och Site (front-end)</td>
	    </tr>
	    <tr>
		    <td width="18%"><u><b>Författare:</b></u></td>
		    <td width="80%">Björn Engstrand - bcehemsidor.se</td>
	    </tr>
	    <tr>
		    <td width="18%"><u><b>Översättarens webbsida:</b></u></td>
		    <td width="80%"><a href="http://www.bcehemsidor.se" target="_blank">http://www.bcehemsidor.se</a></td>
	    </tr>
		<tr>
		    <td width="18%"><u><b>Utvecklarens webbsida:</b></u></td>
		    <td width="80%"><a href="http://www.rsjoomla.com" target="_blank">http://www.rsjoomla.com</a></td>
	    </tr>
		<tr>
		    <td width="18%"><u><b>Version:</b></u></td>
		    <td width="80%">3.0.0 Rev 41</td>
	    </tr>
	    <tr>
		    <td width="100%" colspan="2">
		      <p align="center"><b><font color="#008000">Kontrollera hos RSJoomla! efter senaste version och översättningen av denna program plugin på download området.</font></b></td>
	    </tr>
    </table>
  </div>]]></description>
<files>
    <file type="language" client="site" id="sv-SE">site</file>
    <file type="language" client="administrator" id="sv-SE">admin</file>
</files>
</extension>