<?xml version="1.0" encoding="utf-8" ?>
<install client="both" method="upgrade" type="language" version="1.5">
 <author>bcehemsidor.se , uppdaterat av JOKR Solutions (www.jokrsolutions)</author>
 <authorEmail>bjorn@bcehemsidor.se</authorEmail>
 <authorUrl>http://www.bcehemsidor.se</authorUrl>
 <copyright>Copyright (C) 2007 - 2010 RSJoomla.com</copyright>
 <creationDate>2010-10-10</creationDate>
 <description><![CDATA[
  <div align="center">
    <table border="0" width="90%">
	    <tr>
		    <td width="100%" colspan="2">
		      <div align="center"> <a href="http://rsjoomla.com" target="_blank"><img border="0" src="http://www.rsjoomla.com/templates/rsjoomla/img/logo.png" alt="RSJoomla.com" /></a>
				<h3> RSForm!Pro revidering av 30 språkfiler:</h3>
		      </div>
		      <hr />
		    </td>
	    </tr>
	    <tr>
		    <td width="18%"><u><b>Språk:</b></u></td>
		    <td width="80%">Svenska</td>
	    </tr>
	    <tr>
		    <td width="18%"><u><b>Innehåll:</b></u></td>
		    <td width="80%">Administrator (back-end) och Site (front-end)</td>
	    </tr>
	    <tr>
		    <td width="18%"><u><b>Författare:</b></u></td>
		    <td width="80%">Björn Engstrand - bcehemsidor.se, uppdaterat av JOKR Solutions (www.jokrsolutions)</td>
	    </tr>
	    <tr>
		    <td width="18%"><u><b>Översättarens webbsida:</b></u></td>
		    <td width="80%"><a href="http://www.bcehemsidor.se" target="_blank">http://www.bcehemsidor.se</a></td>
	    </tr>
		<tr>
		    <td width="18%"><u><b>Utvecklarens webbsida:</b></u></td>
		    <td width="80%"><a href="http://www.rsjoomla.com" target="_blank">http://www.rsjoomla.com</a></td>
	    </tr>
		<tr>
		    <td width="18%"><u><b>Version:</b></u></td>
		    <td width="80%">3.0.0 Rev 31</td>
	    </tr>
	    <tr>
		    <td width="100%" colspan="2">
		      <p align="center"><b><font color="#008000">Kontrollera hos RSJoomla! efter senaste version och översättningen av denna program plugin på download området.</font></b></td>
	    </tr>
    </table>
  </div>]]></description>
 <license>http://www.gnu.org/licenses/gpl-2.0.html GNU/GPL</license>
 <name>Swedish</name>
 <tag>sv-SE</tag>
 
 <!-- Enter the version of the component -->
 <version>Rev 41</version>
	
<!-- Language files for the Administrator of Joomla! -->
      <administration>
        <files folder="admin">
<!-- Identify all language files in the admin folder of the installation package language file .-->
<!-- NOTE: Each file must separate between <filename> </ filename>-->
		  <filename>sv-SE.com_rsform.ini</filename>
		  <filename>sv-SE.com_rsform.menu.ini</filename>
		  <filename>sv-SE.com_rsform.sys.ini</filename>
		  <filename>sv-SE.plg_system_rsfppaypal.ini</filename>
		  <filename>sv-SE.plg_system_rsfprecaptcha.ini</filename>
		  <filename>sv-SE.plg_system_rsfprsevents.ini</filename>
		  <filename>sv-SE.plg_system_rsfpsalesforce.ini</filename>
		  <filename>sv-SE.mod_rsform_list.ini</filename>
		  <filename>sv-SE.plg_system_rsfpgoogle.ini</filename>
		  <filename>sv-SE.plg_system_rsfpmappings.ini</filename>
		  <filename>sv-SE.plg_system_rsfpmigration.ini</filename>
		  <filename>sv-SE.plg_system_rsfpbfforms.ini</filename>
        </files>
      </administration>
	  
<!-- Language Files for the Web site of Joomla! -->
      <site>
        <files folder="site">
<!-- Identify all language files in the site folder of the installation package language file .-->
<!-- NOTE: Each file must separate between <filename> </ filename>-->
          <filename>sv-SE.com_rsform.ini</filename>
        </files>
      </site>
</install>