<?xml version="1.0" encoding="utf-8"?>
<extension type="module" version="1.6.0" client="site" method="upgrade">
	<name>Tabs GK4</name>
	<author>GavickPro</author>
	<creationDate>20/02/2012</creationDate>
	<copyright>Copyright (C) 2011-2012 GavickPro. All rights reserved.</copyright>
	<license>GNU General Public License version 2 or later</license>
	<authorEmail>info@gavick.com</authorEmail>
	<authorUrl>www.gavickpro.com</authorUrl>
	<version>GK4 1.7</version>
	<description><![CDATA[
		<style type="text/css">
			span.readonly { padding: 10px; font-family: Arial; font-size:13px !important; font-weight: normal !important; text-align: justify; color: #4d4d4d; line-height: 24px; }
			span.readonly h1 { clear:both; font-family: Georgia, sans-serif; font-size:38px; margin:30px 20px 23px; padding:0px 0px 24px 10px; color:#333; border-bottom: 1px solid #eee; font-weight: normal; }
			span.readonly p { margin: 0 26px 10px }
			span.readonly p a { color: #2F4C6D }
			span.readonly p.homepage { margin-top: 30px }
			span.readonly p.license { border-top: 1px solid #eee; font-size: 11px; margin: 30px 26px 0; padding: 6px 0; }
		</style>
		
		<span class="readonly"><h1>Tabs GK4<small>ver. 1.7</small></h1><p>GK4 is new generation of our extensions dedicated to Joomla 1.6.</p><p>With Tabs GK4 module, you can create tabs on a site which include various content, like: some modules or XHTML code defined by a user. Thanks to tab management system integrated in the module, its support is very easy, intuitive and fast. By embedding <a href='http://www.gavick.com/news-show-pro-gk4.html' target='_blank'>News Show GK4</a> module in it, it is possible to get a tool for presenting articles in the form of tabs easily.</p> <p class='homepage'><a href='http://www.gavick.com/tabs-gk4.html' target='_blank'>Learn more at the Tabs GK4 project website.</a></p><p class='license'>Tabs GK4 is released under the <a target="_blank" href="http://www.gnu.org/licenses/gpl-2.0.html">GNU/GPL v2 license.</a></p></span>
	]]></description>
	<files>
		<filename module="mod_tabs_gk4">mod_tabs_gk4.php</filename>
		<filename module="mod_tabs_gk4">mod_tabs_gk4.xml</filename>
		<filename module="mod_tabs_gk4">helper.php</filename>
		<filename module="mod_tabs_gk4">index.html</filename>
		<folder>admin</folder>
		<folder>images</folder>
		<folder>styles</folder>
		<folder>scripts</folder>
		<folder>tmpl</folder>
	</files>
	<languages>
		<language tag="en-GB">language/en-GB.mod_tabs_gk4.ini</language>
	</languages>
	
	<config>
		<fields name="params" addfieldpath="/modules/mod_tabs_gk4/admin/elements">
			<!-- basic -->
			<fieldset name="TABS_BASIC">
				<field type="asset" path="modules/mod_tabs_gk4/admin/" />
				
				<field name="automatic_module_id" type="list" class="gk_switch" default="1" label="MOD_TABS_AUTOMATIC_MODULE_ID" description="MOD_TABS_AUTOMATIC_MODULE_ID_DESC">
				        <option value="0">MOD_TABS_DISABLED</option>
				        <option value="1">MOD_TABS_ENABLED</option>
				</field>
				
				<field name="module_id" type="text" default="gk-tab-1" label="MOD_TABS_MODULE_ID" description="MOD_TABS_MODULE_ID_DESC" />
				
				<field name="moduleclass_sfx" type="text" default="" label="MOD_TABS_GK4_MODCLASSSUFFIX" description="MOD_TABS_GK4_MODCLASSSUFFIX_DESC" />
				
				<field name="module_height" type="text" size="3" class="input-pixels text_area" default="200" label="MOD_TABS_MODULE_HEIGHT" description="MOD_TABS_MODULE_HEIGHT_DESC" />
			</fieldset>
			<!-- tab manager -->
			<fieldset name="TABS_MANAGER">
				<field type="tabmanager" name="tabs_data" />
			</fieldset>
			<!-- interface -->
			<fieldset name="TABS_INTERFACE">
				<field name="buttons" type="list" class="gk_switch" default="1" label="MOD_TABS_BUTTONS" description="MOD_TABS_BUTTONS_DESC">
				        <option value="0">MOD_TABS_DISABLED</option>
				        <option value="1">MOD_TABS_ENABLED</option>
				</field>
				
				<field name="tabs_position" type="list" default="top" label="MOD_TABS_TABS_POSITION" description="MOD_TABS_TABS_POSITION_DESC">
				        <option value="top">MOD_TABS_TOP</option>
				        <option value="bottom">MOD_TABS_BOTTOM</option>
				</field>
				
				<field name="styleCSS" type="list" default="style1" label="MOD_TABS_STYLE_CSS" description="MOD_TABS_TABS_STYLE_CSS_DESC">
				        <option value="style1">MOD_TABS_STYLE1</option>
				        <option value="style2">MOD_TABS_STYLE2</option>
				        <option value="style3">MOD_TABS_STYLE3</option>
				        <option value="style4">MOD_TABS_STYLE4</option>
						<option value="style5">MOD_TABS_STYLE5</option>
						<option value="style6">MOD_TABS_STYLE6</option>
				</field>
			</fieldset>
			<!-- animation -->
			<fieldset name="TABS_ANIMATION">
				<field name="activator" type="list" default="click" label="MOD_TABS_ACTIVATOR" description="MOD_TABS_ACTIVATOR_DESC">
				        <option value="click">MOD_TABS_CLICK</option>
				        <option value="mouseenter">MOD_TABS_MOUSEOVER</option>
				</field>
				
				<field name="animation" type="list" default="1" class="gk_switch" label="MOD_TABS_AUTO_ANIMATION" description="MOD_TABS_AUTO_ANIMATION_DESC">
				        <option value="0">MOD_TABS_DISABLED</option>
				        <option value="1">MOD_TABS_ENABLED</option>
				</field>
				
				<field name="animation_speed" type="text" class="input-ms" size="5" default="250" label="MOD_TABS_ANIMATION_SPEED" description="MOD_TABS_ANIMATION_SPEED_DESC" />
				
				<field name="animation_interval" type="text" class="input-ms" size="5" default="5000" label="MOD_TABS_ANIMATION_INTERVAL" description="MOD_TABS_ANIMATION_INTERVAL_DESC" />
				
				<field name="animation_type" type="list" default="opacity" label="MOD_TABS_ANIMATION_TYPE" description="MOD_TABS_ANIMATION_TYPE_DESC">
				        <option value="slider">MOD_TABS_SLIDER</option>
				        <option value="opacity">MOD_TABS_OPACITY</option>
				</field>
				
				<field name="animation_function" type="list" default="Fx.Transitions.linear" label="MOD_TABS_ANIMATION_FUNCTION" description="MOD_TABS_ANIMATION_FUNCTION_DESC">
				        <option value="Fx.Transitions.linear">linear</option>
				        <option value="Fx.Transitions.Quad.easeIn">Quad.easeIn</option>
				        <option value="Fx.Transitions.Quad.easeOut">Quad.easeOut</option>
				        <option value="Fx.Transitions.Quad.easeInOut">Quad.easeInOut</option>
				        <option value="Fx.Transitions.Cubic.easeIn">Cubic.easeIn</option>
				        <option value="Fx.Transitions.Cubic.easeOut">Cubic.easeOut</option>
				        <option value="Fx.Transitions.Cubic.easeInOut">Cubic.easeInOut</option>
				        <option value="Fx.Transitions.Quart.easeIn">Quart.easeIn</option>
				        <option value="Fx.Transitions.Quart.easeOut">Quart.easeOut</option>
				        <option value="Fx.Transitions.Quart.easeInOut">Quart.easeInOut</option>
				        <option value="Fx.Transitions.Quint.easeIn">Quint.easeIn</option>
				        <option value="Fx.Transitions.Quint.easeOut">Quint.easeOut</option>
				        <option value="Fx.Transitions.Quint.easeInOut">Quint.easeInOut</option>
				        <option value="Fx.Transitions.Pow.easeIn">Pow.easeIn</option>
				        <option value="Fx.Transitions.Pow.easeOut">Pow.easeOut</option>
				        <option value="Fx.Transitions.Pow.easeInOut">Pow.easeInOut</option>
				        <option value="Fx.Transitions.Expo.easeIn">Expo.easeIn</option>
				        <option value="Fx.Transitions.Expo.easeOut">Expo.easeOut</option>
				        <option value="Fx.Transitions.Expo.easeInOut">Expo.easeInOut</option>
				        <option value="Fx.Transitions.Circ.easeIn">Circ.easeIn</option>
				        <option value="Fx.Transitions.Circ.easeOut">Circ.easeOut</option>
				        <option value="Fx.Transitions.Circ.easeInOut">Circ.easeInOut</option>
				        <option value="Fx.Transitions.Sine.easeIn">Sine.easeIn</option>
				        <option value="Fx.Transitions.Sine.easeOut">Sine.easeOut</option>
				        <option value="Fx.Transitions.Sine.easeInOut">Sine.easeInOut</option>
				        <option value="Fx.Transitions.Back.easeIn">Back.easeIn</option>
				        <option value="Fx.Transitions.Back.easeOut">Back.easeOut</option>
				        <option value="Fx.Transitions.Back.easeInOut">Back.easeInOut</option>
				        <option value="Fx.Transitions.Bounce.easeIn">Bounce.easeIn</option>
				        <option value="Fx.Transitions.Bounce.easeOut">Bounce.easeOut</option>
				        <option value="Fx.Transitions.Bounce.easeInOut">Bounce.easeInOut</option>
				        <option value="Fx.Transitions.Elastic.easeIn">Elastic.easeIn</option>
				        <option value="Fx.Transitions.Elastic.easeOut">Elastic.easeOut</option>
				        <option value="Fx.Transitions.Elastic.easeInOut">Elastic.easeInOut</option>
				</field>
			</fieldset>
			<!-- advanced -->
			<fieldset name="TABS_ADVANCED">
				<field name="url_tab_selection" type="list" class="gk_switch" default="1" label="MOD_TABS_URL_TAB_SELECTION" description="MOD_TABS_URL_TAB_SELECTION_DESC">
				        <option value="0">MOD_TABS_DISABLED</option>
				        <option value="1">MOD_TABS_ENABLED</option>
				</field>
				
				<field name="cookie_tab_selection" type="list" class="gk_switch" default="0" label="MOD_TABS_COOKIE_TAB_SELECTION" description="MOD_TABS_COOKIE_TAB_SELECTION_DESC">
				        <option value="0">MOD_TABS_DISABLED</option>
				        <option value="1">MOD_TABS_ENABLED</option>
				</field>
				
				<field name="parse_plugins" type="list" class="gk_switch" default="1" label="MOD_TABS_PARSE_PLUGINS" description="MOD_TABS_PARSE_PLUGINS_DESC">
				        <option value="0">MOD_TABS_DISABLED</option>
				        <option value="1">MOD_TABS_ENABLED</option>
				</field>
				
				<field name="useCSS" type="list" default="1" label="MOD_TABS_USE_CSS" description="MOD_TABS_USE_CSS_DESC">
				        <option value="0">MOD_TABS_FORCE_DISABLED</option>
				        <option value="1">MOD_TABS_FORCE_ENABLED</option>
				</field>
				
				<field name="useScript" type="list" default="1" label="MOD_TABS_USE_SCRIPT" description="MOD_TABS_USE_SCRIPT_DESC">
				        <option value="0">MOD_TABS_FORCE_DISABLED</option>
				        <option value="1">MOD_TABS_FORCE_ENABLED</option>
				        <option value="2">MOD_TABS_AUTOMATIC</option>
				</field>
			</fieldset>
			<!-- updates -->
			<fieldset name="TABS_UPDATES" addfieldpath="/modules/mod_tabs_gk4/admin/elements">
			    <field type="update" name="module_updates" /> 
			</fieldset>
			<!-- about us -->
			<fieldset name="TABS_ABOUT_US" addfieldpath="/modules/mod_tabs_gk4/admin/elements">
			    <field type="about" name="about_us" /> 
			</fieldset>
		</fields>
	</config>
</extension>
