<?xml version="1.0" ?>
<install version="2.0" type="extension" extension="vimeo" folder="aggregator" method="upgrade" core="1">
	<name>WF_AGGREGATOR_VIMEO_TITLE</name>
	<version>2.3.0</version>
	<creationDate>06 December 2012</creationDate>
	<author>Ryan Demmer</author>
	<authorEmail>info@joomlacontenteditor.net</authorEmail>
	<authorUrl>http://www.joomlacontenteditor.net/</authorUrl>
	<copyright>Copyright (C) 2006 - 2012 Ryan Demmer. All rights reserved</copyright>
	<license>GNU/GPL Version 2 or later - http://www.gnu.org/licenses/gpl-2.0.html</license>
	<description>WF_AGGREGATOR_VIMEO_DESC</description>
	<files>
		<filename>vimeo.php</filename>
		<folder>vimeo</folder>
	</files>
	<params group="vimeo">
		<param name="enable" type="list" default="1" label="WF_LABEL_EXTENSION_ENABLE" description="WF_LABEL_EXTENSION_ENABLE_DESC">
        	<option value="1">WF_OPTION_YES</option>
        	<option value="0">WF_OPTION_NO</option>
    	</param>
		<param name="width" type="text" default="400" label="WF_LABEL_WIDTH" description="WF_AGGREGATOR_VIMEO_WIDTH_DESC" />
		<param name="height" type="text" default="225" label="WF_LABEL_HEIGHT" description="WF_AGGREGATOR_VIMEO_HEIGHT_DESC" />
	</params>
	<plugins></plugins>
</install>