<?xml version="1.0" encoding="utf-8" ?>
<install version="1.6" client="site" type="language" method="upgrade">
 <author>Norbert Graup</author>
 <authorEmail>language@nobbis.net</authorEmail>
 <authorUrl>http://www.nobbis.net</authorUrl>
 <copyright>Copyright (C) 2011 NGEDV</copyright>
 <creationDate>Juni 2011</creationDate>
 <description></description>
 <license>http://www.gnu.org/licenses/gpl-2.0.html GNU/GPL</license>
 <name>Deutsch</name>
 <tag>de-DE</tag>
 
 <version>1.4.0</version>
	<files folder="../">
			<filename>de-DE.com_rsform.ini</filename>
			<filename>de-DE.mod_rsform_feedback.ini</filename>
			<filename>de-DE.mod_rsform_list.ini</filename>
    </files>
</install>
