<?xml version="1.0" encoding="utf-8"?>
<element type="repeatable" group="Core" hidden="true">
	<name>Repeatable</name>
	<author>YOOtheme</author>
	<creationDate>August 2011</creationDate>
	<copyright>Copyright (C) YOOtheme GmbH</copyright>
	<authorEmail>info@yootheme.com</authorEmail>
	<authorUrl>http://www.yootheme.com</authorUrl>
	<version>2.5.0</version>
	<description>Repeatable Core System</description>
	<params>
		<param name="repeatable" type="radio" default="0" label="Repeatable" description="Add multiple text areas.">
			<option value="0">JNO</option>
			<option value="1">JYES</option>
		</param>
	</params>
</element>