<?xml version="1.0" encoding="utf-8"?>
<config
	name="Plain text - no animation"
	description="No FX animation effect, scalable, font CSS may be defined in Digits Style(s)"
	images_folder="test_png">
	<digit scope="*">
		<styles>
			<style name="font-size" unit="px" value="60" scalable="1"/>
			<style name="height" unit="em" value="1" />
			<style name="line-height" unit="em" value="1" />
			<style name="width" unit="em" value="0.6" />
		</styles>
		<modes>
			<mode name="down">
				<group duration="0">
					<element 
						tag="div"
						content_type="txt"
						value_type="next">
						
						<styles>
							<left>0</left>
							<right>0</right>
							<margin>0 auto</margin>
							<text-align>center</text-align>
						</styles>	
						<tweens>
						</tweens>
					</element>
				</group>
			</mode>
			<mode name="up">
				<group duration="0">
					<element 
						tag="div"
						content_type="txt"
						value_type="next">
						
						<styles>
							<left>0</left>
							<right>0</right>
							<margin>0 auto</margin>
							<text-align>center</text-align>
						</styles>		
						<tweens>
						</tweens>
					</element>
				</group>
			</mode>
		</modes>
	</digit>
</config>
