<?xml version="1.0" encoding="UTF-8" ?>
<extension type="package" version="1.7">
<name>DJ-Catalog2 Package</name>
<packagename>dj-catalog2</packagename>
<creationDate>August 2011</creationDate>
<author>DJ-Extensions.com LTD</author>
<copyright>Copyright (C) 2010-2012 DJ-Extensions.com LTD, All rights reserved.</copyright>
<license> http://www.gnu.org/licenses GNU/GPL</license>
<authorEmail>contact@dj-extensions.com</authorEmail>
<authorUrl>http://dj-extensions.com</authorUrl>
<version>3.2.4</version>
<url>http://dj-extensions.com</url>
<packager></packager>
<packagerurl></packagerurl>
<description>DJ-Catalog2 All-in-one Package</description>
<files>
        <file type="component" client="admin" id="com_djcatalog2">com_djcatalog2.zip</file>
        <file type="module" client="site" id="mod_djc2categories">mod_djc2categories.zip</file>
        <file type="module" client="site" id="mod_djc2frontpage">mod_djc2frontpage.zip</file>
        <file type="module" client="site" id="mod_djc2items">mod_djc2items.zip</file>
        <file type="module" client="site" id="mod_djc2relateditems">mod_djc2relateditems.zip</file>
        <file type="module" client="site" id="mod_djc2filters">mod_djc2filters.zip</file>
        <file type="module" client="site" id="mod_djc2producers">mod_djc2producers.zip</file>
        <file type="module" client="site" id="mod_djc2search">mod_djc2search.zip</file>
        <!--<file type="plugin" client="site" id="addthis" group="djcatalog2">plg_djcatalog2_addthis.zip</file>-->
        <file type="plugin" client="site" id="pagebreak" group="djcatalog2">plg_djcatalog2_pagebreak.zip</file>
        <file type="plugin" client="site" id="djcatalog2" group="search">plg_search_djcatalog2.zip</file>
        <file type="plugin" client="site" id="com_djcatalog2" group="xmap">plg_xmap_djcatalog2.zip</file>
        <file type="plugin" client="site" id="djcatalog2" group="quickicon">plg_quickicon_djcatalog2.zip</file>
</files>
</extension>