<?xml version="1.0" encoding="utf-8"?>
<extension version="2.5" type="plugin" group="payplans" method="upgrade">
    <name>PayPlans-Premium-Stuff</name>
    <version>@global.version@.@svn.lastrevision@</version>
    <creationDate>April 2012</creationDate>
    <author>Team JPayplans</author>
    <authorEmail>payplans@readybytes.in</authorEmail>
    <authorUrl>http://www.jpayplans.com</authorUrl>
    <copyright>2009-12 Ready Bytes Software Labs Pvt. Ltd.</copyright>
    <license>GNU General Public License v2</license>
    <description>Premium themes, app, logs feature and remove-backlinking will be provided by using this plugin.</description>
	<files>
		<filename plugin="payplanspremium">payplanspremium.php</filename>
		<folder>payplanspremium</folder>
	</files>
</extension>
