<?xml version="1.0" encoding="utf-8" ?>
<install version="1.6" client="site" type="language" method="upgrade">
<author>Mads Andersen</author>
<authorEmail>mail@netboxen.dk</authorEmail>
<authorUrl>http://netboxen.dk</authorUrl>
<copyright>Mads Andersen 2011</copyright>
<creationDate>01. oktober 2011</creationDate>
<description>Danish language file for RSForm!Pro</description>
<version>Rev. 42</version>
<license>http://www.gnu.org/licenses/gpl-2.0.html GNU/GPL</license>
<name>Dansk RSForm!Pro</name>
<tag>da-DK</tag>
<packager>RSForm!Pro</packager>
	<files folder="../">
		  <filename>da-DK.com_rsform.ini</filename>
		  <filename>da-DK.mod_rsform_feedback.ini</filename>
		  <filename>da-DK.mod_rsform_list.ini</filename>
    </files>
</install>