<?xml version="1.0" encoding="utf-8"?>
<extension type="module" version="1.6" method="upgrade">
  <name>MooFAQ</name>
  <creationDate>02-Jul-2012</creationDate>
  <author>Douglas Machado </author>
  <authorEmail>admin@fok.com.br</authorEmail>
  <authorUrl>www.idealextensions.com</authorUrl>
  <copyright>Copyright (C) 2006 - 2011 iDeal Extensions for Joomla!. 		All rights reserved.</copyright>
  <license>GNU General Public License version 2 or later; see 		LICENSE.txt</license>
  <version>2.5.5</version>
  <description>MOD_MOOFAQ_XML_DESCRIPTION</description>
  <files folder="site">
    <folder>install</folder>
    <folder>language</folder>
    <folder>tmpl</folder>
    <filename>easycreator.xml</filename>
    <filename>helper.php</filename>
    <filename>index.html</filename>
    <filename module="mod_moofaq">mod_moofaq.php</filename>
  </files>
  <params/>
  <config>
    <fields name="params" addfieldpath="/administrator/components/com_moofaq/models/fields">
      
      
    <fieldset name="basic">
        
        
        
        
        
        
      <field name="view" type="switch" default="search" label="COM_MOOFAQ_VIEW" description="COM_MOOFAQ_VIEW_DESC">
          
          
        <option value="category">JCATEGORY</option><option value="categories">JCATEGORIES</option></field><field name="view-category-id" type="category" extension="com_content" default="" label="JCATEGORY" description=""></field><field name="view-categories-id" type="category" extension="com_content" default="" label="JCATEGORIES" description=""></field><field name="displayDesc" type="switch" default="0" label="COM_MOOFAQ_OVERRIDE_TITLE_AND_DESCRIPTION_LABEL" description="COM_MOOFAQ_DISPLAY_TITLE_AND_DESCRIPTION_DESC">
          
          
        <option value="0">No</option><option value="override">Yes</option></field><field name="displayDesc-override-title" type="text" default="" label="Override Title" description="COM_MOOFAQ_OVERRIDE_TITLE_DESC"></field><field name="displayDesc-override-description" type="textarea" cols="45" rows="3" default="" label="COM_MOOFAQ_OVERRIDE_DESCRIPTION_LABEL" description="COM_MOOFAQ_OVERRIDE_DESCRIPTION_DESC"></field></fieldset><fieldset name="advanced">
        
        
        
        
        
      <field name="layout" type="modulelayout" label="JFIELD_ALT_LAYOUT_LABEL" description="JFIELD_ALT_MODULE_LAYOUT_DESC"></field><field name="moduleclass_sfx" type="text" label="COM_MODULES_FIELD_MODULECLASS_SFX_LABEL" description="COM_MODULES_FIELD_MODULECLASS_SFX_DESC"></field><field name="cache" type="list" default="1" label="COM_MODULES_FIELD_CACHING_LABEL" description="COM_MODULES_FIELD_CACHING_DESC">
          
          
        <option value="1">JGLOBAL_USE_GLOBAL</option><option value="0">COM_MODULES_FIELD_VALUE_NOCACHING</option></field><field name="cache_time" type="text" default="900" label="COM_MODULES_FIELD_CACHE_TIME_LABEL" description="COM_MODULES_FIELD_CACHE_TIME_DESC"></field><field name="cachemode" type="hidden" default="static">
          
        <option value="static"></option></field></fieldset></fields>
  </config>
</extension>
