<?xml version="1.0" encoding="utf-8"?>
<config>
	<name>Post Affiliate Pro Tracking</name>
	<description>
		This app helps you to track your sales in Post Affiliate Pro.
	</description>
	<icon>pap.png</icon>
    <tags>reporting</tags>
	<help>
	To add click/sales tracking script, please follow these steps :-
	&lt;/br&gt;
	1. Go to Start -&gt; Tools -&gt; Integration -&gt; Click Tracking. 
	&lt;/br&gt;
	&lt;/br&gt;
	2. Here you will get script like this :-
	&lt;/br&gt;
	&lt;/br&gt;
	--------SCRIPT START TAG --------
	&lt;/br&gt;
	&lt;b&gt;
	document.write(unescape(&quot;3Cscript id=&apos;pap_x2s6df8d&apos; src=&apos;&quot; + 
	((&quot;https:&quot; == document.location.protocol) ? &quot;https://&quot; : &quot;http://&quot;) + 
	&quot;readybytes.postaffiliatepro.com/scripts/trackjs.js&apos; type=&apos;text/javascript&apos;%3E%3C/script%3E&quot;))
	&lt;/b&gt;
	&lt;/br&gt;
	--------SCRIPT END TAG--------
	&lt;/br&gt;
	&lt;/br&gt;
	&lt;span style="color:red; font-weight:bold;"&gt;3. Note:- Copy and paste code which is enclosed between script tag into &quot;PAP Script&quot; textbox.
	Please do not include script tag into textbox.
	&lt;/span&gt;
	&lt;/br&gt;
	&lt;/br&gt;
	
	
	</help>
	<params>
	
		<param 	name="papUrl" 
				type="xitext" 
				label="COM_PAYPLANS_APP_PAP_FULL_URL_LABEL"
				default="" 
				description="COM_PAYPLANS_APP_PAP_FULL_URL_DESCRIPTION"
				size="50"
				height="20" />
				
		<param 	name="accountId" 
				type="xitext" 
				label="COM_PAYPLANS_APP_PAP_ACCOUNT_ID_LABEL"
				default="" 
				description="COM_PAYPLANS_APP_PAP_ACCOUNT_ID_DESCRIPTION"
				size="50" />
				
		<param 	name="papUsername" 
				type="xitext" 
				label="COM_PAYPLANS_APP_PAP_USERNAME_LABEL"
				default="" 
				description="COM_PAYPLANS_APP_PAP_USERNAME_DESCRIPTION"
				size="50" />
				
		<param 	name="papPassword" 
				type="xipassword" 
				label="COM_PAYPLANS_APP_PAP_PASSWORD_LABEL"
				default="" 
				description="COM_PAYPLANS_APP_PAP_PASSWORD_DESCRIPTION"
				size="50" />
				
		<param name="papScript"
				type="xitextarea"
				label="COM_PAYPLANS_APP_PAP_SCRIPT_LABEL"
				default=""
				description="COM_PAYPLANS_APP_PAP_SCRIPT_DESCRIPTION"
				rows="6"
				cols="43" />
				
	</params>
</config>

