<?xml version="1.0" encoding="UTF-8" ?>
<extension type="package" version="1.6">
<name>Polish</name>
<packagename>pl-PL</packagename>
<version>1.6</version>
<url></url>
<packager></packager>
<packagerurl></packagerurl>
<description><![CDATA[
  <div align="center">
    <table border="0" width="90%">
	    <tr>
		    <td width="100%" colspan="2">
		      <div align="center"> <a href="http://rsjoomla.com" target="_blank"><img border="0" src="http://www.rsjoomla.com/templates/rsjoomla/img/logo.png" alt="RSJoomla.com" /></a>
				<h3> RSForm!Pro 1.3.0 Rev. 36 pliki językowe (język polski):</h3>
		      </div>
		      <hr />
		    </td>
	    </tr>
	    <tr>
		    <td width="18%"><u><b>Język:</b></u></td>
		    <td width="80%">Polski</td>
	    </tr>
	    <tr>
		    <td width="18%"><u><b>Zawartość:</b></u></td>
		    <td width="80%">Administrator (back-end) i Strona (front-end)</td>
	    </tr>
	    <tr>
		    <td width="18%"><u><b>Autor:</b></u></td>
		    <td width="80%">RafalDesign</td>
	    </tr>
	    <tr>
		    <td width="18%"><u><b>Strona internetowa:</b></u></td>
		    <td width="80%"><a href="http://www.rafaldesign.pl" target="_blank">RafalDesign - Projektowanie i pozycjonowanie stron</a></td>
	    </tr>
	    <tr>
		    <td width="18%"><u><b>Wersja:</b></u></td>
		    <td width="80%">1.3.0 Rev. 36</td>
	    </tr>
	    <tr>
		    <td width="100%" colspan="2">
		      <p align="center"><b><font color="#008000">Sprawdź sekcję Downloads na RSJoomla! aby pobrać najnowszą wersję komponentu oraz pliki językowe.</font></b></td>
	    </tr>
    </table>
  </div>]]></description>
<files>
    <file type="language" client="site" id="pl-PL">site</file>
    <file type="language" client="administrator" id="pl-PL">admin</file>
</files>
</extension>