<?xml version="1.0" encoding="utf-8" ?>
<install client="both" method="upgrade" type="language" version="1.5">
 <author>RafalDesign.pl</author>
 <authorEmail>admin@rafaldesign.pl</authorEmail>
 <authorUrl>http://www.rafaldesign.pl</authorUrl>
 <copyright>Copyright (C) 2007 - 2010 RSJoomla.com</copyright>
 <creationDate>2011-05-03</creationDate>
 <description><![CDATA[
  <div align="center">
    <table border="0" width="90%">
	    <tr>
		    <td width="100%" colspan="2">
		      <div align="center"> <a href="http://rsjoomla.com" target="_blank"><img border="0" src="http://www.rsjoomla.com/templates/rsjoomla/img/logo.png" alt="RSJoomla.com" /></a>
				<h3> RSForm!Pro 1.3.0 Rev. 36 - pliki językowe:</h3>
		      </div>
		      <hr />
		    </td>
	    </tr>
	    <tr>
		    <td width="18%"><u><b>Język:</b></u></td>
		    <td width="80%">Polski</td>
	    </tr>
	    <tr>
		    <td width="18%"><u><b>Zawartość:</b></u></td>
		    <td width="80%">Administrator (back-end) i Strona (front-end)</td>
	    </tr>
	    <tr>
		    <td width="18%"><u><b>Autor:</b></u></td>
		    <td width="80%">RafalDesign.pl</td>
	    </tr>
	    <tr>
		    <td width="18%"><u><b>Strona internetowa:</b></u></td>
		    <td width="80%"><a href="http://www.rafaldesign.pl" target="_blank">RafalDesign - Projektowanie i pozycjonowanie stron</a></td>
	    </tr>
	    <tr>
		    <td width="18%"><u><b>Wersja:</b></u></td>
		    <td width="80%">1.3.0 Rev. 36</td>
	    </tr>
	    <tr>
		    <td width="100%" colspan="2">
		      <p align="center"><b><font color="#008000">Nowe wersje tego komponentu i plików językowych znajdziesz w sekcji Downloads na RSJoomla!.</font></b></td>
	    </tr>
    </table>
  </div>]]></description>
 <license>http://www.gnu.org/licenses/gpl-2.0.html GNU/GPL</license>
 <name>Polish</name>
 <tag>pl-PL</tag>
 
 <!-- Enter the version of the component -->
 <version>1.3.0</version>
	
<!-- Language files for the Administrator of Joomla! -->
      <administration>
        <files folder="admin">
<!-- Identify all language files in the admin folder of the installation package language file .-->
<!-- NOTE: Each file must separate between <filename> </ filename>-->
		  <filename>pl-PL.com_rsform.ini</filename>
		  <filename>pl-PL.com_rsform.menu.ini</filename>
		  <filename>pl-PL.com_rsform.sys.ini</filename>
		  <filename>pl-PL.plg_system_rsfpgoogle.ini</filename>
		  <filename>pl-PL.plg_system_rsfpmailchimp.ini</filename>
		  <filename>pl-PL.plg_system_rsfppaypal.ini</filename>
		  <filename>pl-PL.plg_system_rsfprecaptcha.ini</filename>
		  <filename>pl-PL.plg_system_rsfpsalesforce.ini</filename>
        </files>
      </administration>
	  
<!-- Language Files for the Web site of Joomla! -->
      <site>
        <files folder="site">
<!-- Identify all language files in the site folder of the installation package language file .-->
<!-- NOTE: Each file must separate between <filename> </ filename>-->
          <filename>pl-PL.com_rsform.ini</filename>
        </files>
      </site>
</install>