<?xml version="1.0" encoding="utf-8"?>
<extension method="upgrade" type="component" version="2.5.0">
	<name>COM_HOTSPOTS</name>
	<author>Compojoom.com</author>
	<creationDate>2012-12-17</creationDate>
	<copyright>(C) 2010 Daniel Dimitrov</copyright>
	<authorEmail>services@compojoom.com</authorEmail>
	<authorUrl>www.compojoom.com</authorUrl>
	<version>3.2.2</version>
	<license>http://www.gnu.org/copyleft/gpl.html GNU/GPL</license>
	<description><![CDATA[Hotspots is an advanced google maps manager by Compojoom.com]]>
	</description>
    <scriptfile>script.php</scriptfile>
	<install>
		<sql>
			<file driver="mysql" charset="utf8">sql/install.mysql.sql</file>
		</sql>
	</install>
	<files folder="components/com_hotspots">
        <file>controller.php</file>
<folder>controllers</folder>
<folder>helpers</folder>
<file>hotspots.php</file>
<folder>includes</folder>
<file>index.html</file>
<file>jomsocial_rule.xml</file>
<folder>models</folder>
<file>router.php</file>
<file>utils.php</file>
<folder>views</folder>
	</files>
	<languages folder="language">
        <language tag="ar-AA">ar-AA/ar-AA.com_hotspots.ini</language>
<language tag="ca-ES">ca-ES/ca-ES.com_hotspots.ini</language>
<language tag="de-DE">de-DE/de-DE.com_hotspots.ini</language>
<language tag="en-GB">en-GB/en-GB.com_hotspots.ini</language>
<language tag="es-ES">es-ES/es-ES.com_hotspots.ini</language>
<language tag="fi-FI">fi-FI/fi-FI.com_hotspots.ini</language>
<language tag="fr-FR">fr-FR/fr-FR.com_hotspots.ini</language>
<language tag="it-IT">it-IT/it-IT.com_hotspots.ini</language>
<language tag="nb-NO">nb-NO/nb-NO.com_hotspots.ini</language>
<language tag="nl-NL">nl-NL/nl-NL.com_hotspots.ini</language>
<language tag="pt-BR">pt-BR/pt-BR.com_hotspots.ini</language>
<language tag="ro-RO">ro-RO/ro-RO.com_hotspots.ini</language>
<language tag="ru-RU">ru-RU/ru-RU.com_hotspots.ini</language>
<language tag="sv-SE">sv-SE/sv-SE.com_hotspots.ini</language>
<language tag="tr-TR">tr-TR/tr-TR.com_hotspots.ini</language>
<language tag="uk-UA">uk-UA/uk-UA.com_hotspots.ini</language>
	</languages>
	<administration>
		<menu img="../media/com_hotspots/backend/images/hotspots-16px.png">COM_HOTSPOTS</menu>
		<submenu>
			<menu img="../media/com_hotspots/backend/images/hotspots-16px.png" view="hotspots">COM_HOTSPOTS_LOCATIONS</menu>
			<menu img="../media/com_hotspots/backend/images/categories-16px.png" view="categories">COM_HOTSPOTS_CATEGORIES</menu>
			<menu img="../media/com_hotspots/backend/images/import-16px.png" view="import">COM_HOTSPOTS_IMPORT</menu>
			<menu img="../media/com_hotspots/backend/images/icon-16-config.png" view="settings">COM_HOTSPOTS_CONFIGURATION</menu>
			<menu img="../media/com_hotspots/backend/images/live-update.png" view="liveupdate">COM_HOTSPOTS_LIVEUPDATE</menu>
		</submenu>
		<files folder="administrator/components/com_hotspots">
            <file>access.xml</file>
<file>changelog.php</file>
<file>config.xml</file>
<folder>controlcenter</folder>
<file>controller.php</file>
<folder>controllers</folder>
<folder>elements</folder>
<folder>helpers</folder>
<file>hotspots.php</file>
<file>hotspots.xml</file>
<file>index.html</file>
<folder>libraries</folder>
<folder>liveupdate</folder>
<folder>models</folder>
<file>script.php</file>
<folder>sql</folder>
<folder>tables</folder>
<file>toolbar.hotspots.php</file>
<folder>views</folder>
		</files>
		<languages folder="administrator/language">
            <language tag="ca-ES">ca-ES/ca-ES.com_hotspots.sys.ini</language>
<language tag="de-DE">de-DE/de-DE.com_hotspots.ini</language>
<language tag="de-DE">de-DE/de-DE.com_hotspots.menu.ini</language>
<language tag="de-DE">de-DE/de-DE.com_hotspots.sys.ini</language>
<language tag="en-GB">en-GB/en-GB.com_hotspots.ini</language>
<language tag="en-GB">en-GB/en-GB.com_hotspots.sys.ini</language>
<language tag="es-ES">es-ES/es-ES.com_hotspots.ini</language>
<language tag="es-ES">es-ES/es-ES.com_hotspots.sys.ini</language>
<language tag="fi-FI">fi-FI/fi-FI.com_hotspots.ini</language>
<language tag="fi-FI">fi-FI/fi-FI.com_hotspots.sys.ini</language>
<language tag="nl-NL">nl-NL/nl-NL.com_hotspots.ini</language>
<language tag="nl-NL">nl-NL/nl-NL.com_hotspots.sys.ini</language>
<language tag="pt-BR">pt-BR/pt-BR.com_hotspots.ini</language>
<language tag="pt-BR">pt-BR/pt-BR.com_hotspots.sys.ini</language>
<language tag="ro-RO">ro-RO/ro-RO.com_hotspots.ini</language>
<language tag="ru-RU">ru-RU/ru-RU.com_hotspots.ini</language>
<language tag="ru-RU">ru-RU/ru-RU.com_hotspots.sys.ini</language>
<language tag="sv-SE">sv-SE/sv-SE.com_hotspots.ini</language>
<language tag="sv-SE">sv-SE/sv-SE.com_hotspots.sys.ini</language>
<language tag="tr-TR">tr-TR/tr-TR.com_hotspots.ini</language>
<language tag="tr-TR">tr-TR/tr-TR.com_hotspots.sys.ini</language>
        </languages>
	</administration>
	<media destination="com_hotspots" folder="media/com_hotspots">
        <folder>backend</folder>
<folder>ccc</folder>
<folder>css</folder>
<folder>images</folder>
<file>index.html</file>
<folder>js</folder>
<folder>kml</folder>
<folder>tiles</folder>
	</media>
</extension>