<?xml version="1.0" encoding="utf-8"?>
<extension type="component" version="3.1" method="upgrade">
	<name>com_remoteimage</name>
	<creationDate>2012-11-12</creationDate>
	<copyright>Copyright (C) 2012. All rights reserved.</copyright>
	<license>GNU General Public License version 2 or later; see LICENSE.txt</license>
    <author>Asika</author>
	<authorEmail>asika32764@gmail.com</authorEmail>
	<authorUrl>http://asikart.com</authorUrl>
	<version>1.1.2</version>
	<description>COM_REMOTEIMAGE_XML_DESCRIPTION</description>
	
	
	<scriptfile>install.php</scriptfile>
	
	<!-- 
	<install>
    	<sql>
        	<file driver="mysql" charset="utf8">sql/install.sql</file>
  		</sql>
    </install>
	
	
	<uninstall>
    	<sql>
        	<file driver="mysql" charset="utf8">sql/uninstall.sql</file>
  		</sql>
    </uninstall>
	-->

	
	
	<administration>
		<menu img="components/com_remoteimage/images/admin-icons/menu-remoteimage.png">COM_REMOTEIMAGE</menu>
		
		<!-- Submenu
			Note that all & must be escaped to &amp; for the file to be valid
			XML and be parsed by the installer
		<submenu>
				
			<menu link="option=com_remoteimage&amp;view=managers" view="managers"
				img="components/com_remoteimage/images/admin-icons/menu-managers.png"
				alt="Weblinks/Links">com_remoteimage_managers</menu>
			<menu link="option=com_categories&amp;extension=com_remoteimage"
				view="categories" img="class:category" alt="Remoteimage/Categories">jcategories</menu>
		</submenu>
		-->
		
		
		<files folder="admin">
			<filename>index.html</filename>
			<filename>controller.php</filename>
			<filename>remoteimage.php</filename>
			<filename>install.php</filename>
			<filename>access.xml</filename>
			<filename>config.xml</filename>
			<folder>windwalker</folder>
			<folder>controllers</folder>
			<folder>helpers</folder>
			<folder>images</folder>
			<folder>includes</folder>
			<folder>language</folder>
			<folder>models</folder>
			<folder>sql</folder>
			<folder>tables</folder>
			<folder>views</folder>
		</files>
	</administration>
	
	
	
	<modules>
		<!--<module>mod_remoteimage</module>-->
	</modules>
	
	
	<plugins>
		<plugin>plg_editors-xtd_remoteimage</plugin>
        <plugin>plg_system_remoteimage</plugin>
	</plugins>
	
	
	<updateservers>
        <server type="extension" priority="1" name="Asikart Remoteimage Component">http://update.asikart.com/component/com_remoteimage.xml</server>
    </updateservers>
	
	
</extension>

