<?xml version="1.0" encoding="utf-8"?>
<extension type="plugin" version="1.6" method="upgrade" group="content">
  <name>Content - MooFAQ</name>
  <creationDate>02-Jul-2012</creationDate>
  <author>Douglas Machado</author>
  <authorEmail>admin@fok.com.br</authorEmail>
  <authorUrl>http://idealextensions.com</authorUrl>
  <copyright>2006 - 2011 - Ideal Extensions for Joomla - All rights reserved.</copyright>
  <license>http://www.gnu.org/licenses/gpl-2.0.html GNU/GPL</license>
  <version>2.5.5</version>
  <description>PLG_CONTENT_MOOFAQ_XML_DESCRIPTION</description>
  <files folder="site">
    <folder>install</folder>
    <folder>language</folder>
    <filename>easycreator.xml</filename>
    <filename>index.html</filename>
    <filename plugin="moofaq">moofaq.php</filename>
  </files>
  <params/>
  <config>
    <fields name="params">
      
    <fieldset name="basic">
        
      <field name="desc" type="spacer" description="PLG_CONTENT_MOOFAQ_INSTRICTIONS_LABEL" label="PLG_CONTENT_MOOFAQ_INSTRICTIONS_LABEL">
		</field></fieldset></fields>
  </config>
</extension>
