<?xml version="1.0" encoding="utf-8"?>
<install version="1.5" type="plugin" group="system" method="upgrade">
	<name>System - RSForm! Pro reCAPTCHA</name>
	<author>RSJoomla</author>
	<creationDate>May 2009</creationDate>
	<copyright>(C) 2007-2010 www.rsjoomla.com</copyright>
	<license>GNU General Public License</license>
	<authorEmail>support@rsjoomla.com</authorEmail>
	<authorUrl>www.rsjoomla.com</authorUrl>
	<version>1.3.0</version>
	<description><![CDATA[RSForm!Pro - reCAPTCHA plugin allows you to add reCAPTCHA validation to your form. Works with at least RSForm! Pro 1.3.0 REV30!]]></description>
	<files>
		<filename plugin="rsfprecaptcha">rsfprecaptcha.php</filename>
		<file>relib.php</file>
	</files>
	<languages>
		<language tag="en-GB">en-GB.plg_system_rsfprecaptcha.ini</language>
		<language tag="ro-RO">ro-RO.plg_system_rsfprecaptcha.ini</language>
		<language tag="it-IT">it-IT.plg_system_rsfprecaptcha.ini</language>
	</languages>
</install>