<?xml version="1.0" encoding="utf-8"?>
<install version="1.5" type="plugin" group="system" method="upgrade">
	<name>System - RSForm! Pro Feedback</name>
	<author>RSJoomla</author>
	<creationDate>November 2010</creationDate>
	<copyright>(C) 2007-2010 www.rsjoomla.com</copyright>
	<license>GNU General Public License</license>
	<authorEmail>support@rsjoomla.com</authorEmail>
	<authorUrl>www.rsjoomla.com</authorUrl>
	<version>1.3.0</version>
	<description><![CDATA[RSForm!Pro - Feedback plugin is needed for the RSForm! Pro Module to work. Requires at least RSForm! Pro 1.3.0 REV30!]]></description>
	<files>
		<filename plugin="rsfpfeedback">rsfpfeedback.php</filename>
		<filename>index.html</filename>
	</files>
</install>