<?xml version="1.0" encoding="utf-8" ?>
<install version="1.6" client="administrator" type="language" method="upgrade">
 <author>rsjoomla.com</author>
 <authorEmail>support@rsjoomla.com</authorEmail>
 <authorUrl>http://www.rsjoomla.com</authorUrl>
 <copyright>Copyright (C) 2007 - 2010 RSJoomla.com</copyright>
 <creationDate>2010-11-12</creationDate>
 <description></description>
 <license>http://www.gnu.org/licenses/gpl-2.0.html GNU/GPL</license>
 <name>العربية</name>
 <tag>ar-AA</tag>
 
 <version>1.3.0</version>
	<files folder="../">
		  <filename>ar-AA.com_rsform.ini</filename>
		  <filename>ar-AA.com_rsform.menu.ini</filename>
		  <filename>ar-AA.com_rsform.sys.ini</filename>
		  <filename>ar-AA.plg_system_rsfpgoogle.ini</filename>
		  <filename>ar-AA.plg_system_rsfpmailchimp.ini</filename>
		  <filename>ar-AA.plg_system_rsfppaypal.ini</filename>
		  <filename>ar-AA.plg_system_rsfprecaptcha.ini</filename>
		  <filename>ar-AA.plg_system_rsfpsalesforce.ini</filename>
		  <filename>ar-AA.plg_system_rsfpmigration.ini</filename>
		  <filename>ar-AA.plg_system_rsfprsevents.ini</filename>
    </files>
</install>
