<?xml version="1.0" encoding="utf-8"?>
<metadata>
	<layout title="com_quickcontent_api_title" option="com_quickcontent_api_option">
		<help
			key = "COM_QUICKCONTENT_API_MENU_MANAGER_HELP"
		/>
		<message>
			<![CDATA[COM_QUICKCONTENT_API_MENU_MANAGER_DESC]]>
		</message>
	</layout>

	<!-- Add fields to the request variables for the layout. -->
	<fields name="request">
		<fieldset name="request"
			addfieldpath="/administrator/components/com_quickcontent/models/fields">

			<field name="format" type="text"
				label="COM_QUICKCONTENT_SELECT_LIST"
				required="true"
				description="CCOM_QUICKCONTENT_SELECT_LIST_DESC"
				default="json"
			/>
		</fieldset>
	</fields>
</metadata>
