<?xml version="1.0" encoding="utf-8"?>
<element type="elementpro" group="Core" hidden="true">
	<name>Element Pro</name>
	<author>ZOOlanders</author>
	<creationDate>November 2011</creationDate>
	<copyright>Copyright (C) JOOlanders, SL</copyright>
	<authorEmail>info@zoolanders.com</authorEmail>
	<authorUrl>http://www.zoolanders.com</authorUrl>
	<version>2.5.0</version>
	<description>Element Pro Core System</description>
	<params>
		<param name="@info" type="zlinfo" label="Basic" />
		<param name="name" type="hidden" />
		<param name="description" type="hidden" />
		<param name="access" type="hidden" />

		<param name="basic" type="zlfield" toggle="true" togglelabel="Basic">
			<setfield id="name" type="text" label="Name" help="Name used in item editor" />
			<setfield id="description" type="textarea" label="Description" help="DESCRIPTION_TOOLTIP_ITEM_EDITOR" />
			<loadfield type="access">
				<access label="Access Level" help="DETAILACCESS" />
			</loadfield>
		</param>
	</params>
	<params group="render">
		<param name="@info" type="zlinfo" label="Basic" />

		<param name="showlabel" type="hidden" />
		<param name="altlabel" type="hidden" />

		<param name="basic" type="zlfield" toggle="starthidden" togglelabel="Basic">
			<setfield id="showlabel" type="radio" label="Show Label" help="Show/Hide element label" default="0" />
			<setfield id="altlabel" type="text" label="Alternative Label" help="CUSTOM_LABEL" />
		</param>
	</params>
	<params group="submission">
		<param name="@info" type="zlinfo" label="Basic" />

		<param name="altlabel" type="hidden" />
		<param name="required" type="hidden" />

		<param name="basic" type="zlfield" toggle="starthidden" togglelabel="Basic">
			<setfield id="altlabel" type="text" label="Alternative Label" help="CUSTOM_LABEL" />
			<setfield id="required" type="radio" label="Required" help="Required Field" default="0" />
		</param>
	</params>
</element>