<?xml version="1.0" encoding="utf-8"?>
<extension type="module"
        version="2.5"
        client="administrator"
        method="upgrade"
        >
    <name>mod_hotspots</name>
    <author>compojoom.com</author>
    <creationDate>2013-08-26</creationDate>
    <copyright>Copyright (C) 2012 Daniel Dimitrov - compojoom.com. All rights reserved.</copyright>
    <license>GNU General Public License version 2 or later; see LICENSE.txt</license>
    <authorEmail>daniel@compojoom.com</authorEmail>
    <authorUrl>compojoom.com</authorUrl>
    <version>3.5.4</version>
    <description>MOD_HOTSPOTS_XML_DESCRIPTION</description>
    <files>
        <file>helper.php</file>
<folder>media</folder>
<file module="mod_hotspots">mod_hotspots.php</file>
<folder>tmpl</folder>
    </files>
    <languages folder="administrator/language">
        <language tag="bg-BG">bg-BG/bg-BG.mod_hotspots.ini</language>
<language tag="bg-BG">bg-BG/bg-BG.mod_hotspots.sys.ini</language>
<language tag="de-DE">de-DE/de-DE.mod_hotspots.ini</language>
<language tag="de-DE">de-DE/de-DE.mod_hotspots.sys.ini</language>
<language tag="el-GR">el-GR/el-GR.mod_hotspots.ini</language>
<language tag="el-GR">el-GR/el-GR.mod_hotspots.sys.ini</language>
<language tag="en-GB">en-GB/en-GB.mod_hotspots.ini</language>
<language tag="en-GB">en-GB/en-GB.mod_hotspots.sys.ini</language>
<language tag="es-ES">es-ES/es-ES.mod_hotspots.ini</language>
<language tag="es-ES">es-ES/es-ES.mod_hotspots.sys.ini</language>
<language tag="fi-FI">fi-FI/fi-FI.mod_hotspots.ini</language>
<language tag="fi-FI">fi-FI/fi-FI.mod_hotspots.sys.ini</language>
<language tag="hu-HU">hu-HU/hu-HU.mod_hotspots.ini</language>
<language tag="hu-HU">hu-HU/hu-HU.mod_hotspots.sys.ini</language>
<language tag="nl-NL">nl-NL/nl-NL.mod_hotspots.ini</language>
<language tag="nl-NL">nl-NL/nl-NL.mod_hotspots.sys.ini</language>
<language tag="pt-BR">pt-BR/pt-BR.mod_hotspots.ini</language>
<language tag="pt-BR">pt-BR/pt-BR.mod_hotspots.sys.ini</language>
<language tag="pt-PT">pt-PT/pt-PT.mod_hotspots.ini</language>
<language tag="pt-PT">pt-PT/pt-PT.mod_hotspots.sys.ini</language>
<language tag="ro-RO">ro-RO/ro-RO.mod_hotspots.ini</language>
<language tag="ru-RU">ru-RU/ru-RU.mod_hotspots.ini</language>
<language tag="ru-RU">ru-RU/ru-RU.mod_hotspots.sys.ini</language>
<language tag="sv-SE">sv-SE/sv-SE.mod_hotspots.ini</language>
<language tag="sv-SE">sv-SE/sv-SE.mod_hotspots.sys.ini</language>
<language tag="tr-TR">tr-TR/tr-TR.mod_hotspots.ini</language>
<language tag="tr-TR">tr-TR/tr-TR.mod_hotspots.sys.ini</language>
    </languages>
    <media destination="mod_hotspots" folder="media/mod_hotspots">
        <folder>css</folder>
<folder>js</folder>
    </media>
    <config>

    </config>
</extension>
