<?xml version="1.0" encoding="utf-8"?>
<element type="element" group="Core" hidden="true">
	<name>Element</name>
	<author>YOOtheme</author>
	<creationDate>August 2011</creationDate>
	<copyright>Copyright (C) YOOtheme GmbH</copyright>
	<authorEmail>info@yootheme.com</authorEmail>
	<authorUrl>http://www.yootheme.com</authorUrl>
	<version>2.5.0</version>
	<description>Element Core System</description>
	<params>
		<param name="name" type="text" default="" label="Name" description="Name used in item editor" />
		<param name="description" type="text" default="" label="Description" description="DESCRIPTION_TOOLTIP_ITEM_EDITOR" />
		<param name="access" type="zooaccesslevel" default="" label="Access Level" description="DETAILACCESS" />
	</params>
	<params group="render">
		<param name="showlabel" type="radio" default="0" label="Show Label" description="Show/Hide element label">
			<option value="0">JNO</option>
			<option value="1">JYES</option>
		</param>
		<param name="altlabel" type="text" default="" label="Alternative Label" description="CUSTOM_LABEL" />
	</params>
    <params group="submission">
		<param name="altlabel" type="text" default="" label="Alternative Label" description="CUSTOM_LABEL" />
		<param name="required" type="radio" default="0" label="Required" description="Required Field">
			<option value="0">JNO</option>
			<option value="1">JYES</option>
		</param>
	</params>
</element>