<?xml version="1.0" encoding="utf-8"?>
<install type="module" version="1.5.0" method="upgrade" client="administrator" >
	<name>JCE File Browser</name>
	<author>Ryan Demmer</author>
	<creationDate>April 2012</creationDate>
	<copyright>Copyright (C) Ryan Demmer</copyright>
	<license>http://www.gnu.org/licenses/gpl-2.0.html GNU/GPLv2 only</license>
	<authorEmail>info@joomlacontenteditor.net</authorEmail>
	<authorUrl>http://www.joomlacontenteditor.net</authorUrl>
	<version>2.0.0</version>
	<description>JCE File Browser Quick Icon Module</description>
	<files>
		<filename module="mod_jcefilebrowser">mod_jcefilebrowser.php</filename>
	</files>
</install>
