<?xml version="1.0" encoding="utf-8" standalone="no"?>
<extension client="site" method="upgrade" type="module" version="1.7">
    <name>RokSprocket Module</name>
    <creationDate>June 19, 2013</creationDate>
    <author>RocketTheme, LLC</author>
    <authorEmail>support@rockettheme.com</authorEmail>
    <authorUrl>http://www.rockettheme.com</authorUrl>
    <copyright>(C) 2005 - 2013 RocketTheme, LLC. All rights reserved.</copyright>
    <license>http://www.gnu.org/copyleft/gpl.html GNU/GPL</license>
    <version>1.8.15</version>
    <files>
        <filename module="mod_roksprocket">mod_roksprocket.php</filename>
        <filename>index.html</filename>
        <folder>lib</folder>
    </files>
    <updateservers>
		<server name="RocketTheme Update Directory" priority="1" type="collection">http://updates.rockettheme.com/joomla/updates.xml</server> <!-- useful for single extensions -->
	</updateservers>
</extension>
