<?xml version="1.0" encoding="UTF-8"?>
<!-- $Id$ -->
<package core="true">
  <title>com_localise_package_core</title>
  <description>com_localise_package_core_desc</description>
  <manifest client="administrator">com_localise</manifest>
  <icon>/administrator/templates/bluestork/images/menu/icon-16-default.png</icon>
  <author>Joomla! Project</author>
  <maincopyright>Copyright (C) 2005 - 2010 Open Source Matters. All rights reserved.</maincopyright>
  <license>GNU General Public License version 2 or later; see LICENSE.txt</license>
  <administrator>
    <file>com_admin</file>
    <file>com_banners</file>
    <file>com_banners.sys</file>
    <file>com_cache</file>
    <file>com_categories</file>
    <file>com_checkin</file>
    <file>com_comments</file>
    <file>com_config</file>
    <file>com_contact</file>
    <file>com_contact.sys</file>
    <file>com_content</file>
    <file>com_content.sys</file>
    <file>com_cpanel</file>
    <file>com_installer</file>
    <file>com_languages</file>
    <file>com_login</file>
    <file>com_media</file>
    <file>com_menus</file>
    <file>com_messages</file>
    <file>com_messages.sys</file>
    <file>com_modules</file>
    <file>com_newsfeeds</file>
    <file>com_newsfeeds.sys</file>
    <file>com_plugins</file>
    <file>com_redirect</file>
    <file>com_redirect.sys</file>
    <file>com_search</file>
    <file>com_search.sys</file>
    <file>com_templates</file>
    <file>com_users</file>
    <file>com_users.sys</file>
    <file>com_weblinks</file>
    <file>com_weblinks.sys</file>
    <file>com_wrapper</file>
    <file>com_wrapper.sys</file>
    <file></file>
    <file>mod_comments_summary</file>
    <file>mod_custom</file>
    <file>mod_feed</file>
    <file>mod_latest</file>
    <file>mod_logged</file>
    <file>mod_login</file>
    <file>mod_menu</file>
    <file>mod_online</file>
    <file>mod_popular</file>
    <file>mod_quickicon</file>
    <file>mod_status</file>
    <file>mod_submenu</file>
    <file>mod_title</file>
    <file>mod_toolbar</file>
    <file>mod_unread</file>
    <file>plg_authentication_example</file>
    <file>plg_authentication_gmail</file>
    <file>plg_authentication_joomla</file>
    <file>plg_authentication_ldap</file>
    <file>plg_authentication_openid</file>
    <file>plg_content_comments</file>
    <file>plg_content_emailcloak</file>
    <file>plg_content_geshi</file>
    <file>plg_content_loadmodule</file>
    <file>plg_content_pagebreak</file>
    <file>plg_content_pagenavigation</file>
    <file>plg_content_vote</file>
    <file>plg_editors_codemirror</file>
    <file>plg_editors_none</file>
    <file>plg_editors_tinymce</file>
    <file>plg_editors-xtd_article</file>
    <file>plg_editors-xtd_image</file>
    <file>plg_editors-xtd_pagebreak</file>
    <file>plg_editors-xtd_readmore</file>
    <file>plg_search_categories</file>
    <file>plg_search_contacts</file>
    <file>plg_search_content</file>
    <file>plg_search_newsfeeds</file>
    <file>plg_search_weblinks</file>
    <file>plg_system_cache</file>
    <file>plg_system_debug</file>
    <file>plg_system_log</file>
    <file>plg_system_redirect</file>
    <file>plg_system_remember</file>
    <file>plg_system_sef</file>
    <file>plg_user_contactcreator</file>
    <file>plg_user_joomla</file>
    <file>plg_user_profile</file>
    <file>plg_xmlrpc_blogger</file>
    <file>plg_xmlrpc_joomla</file>
    <file>tpl_bluestork</file>
  </administrator>
  <site>
    <file>com_banners</file>
    <file>com_contact</file>
    <file>com_content</file>
    <file>com_mailto</file>
    <file>com_media</file>
    <file>com_messages</file>
    <file>com_newsfeeds</file>
    <file>com_search</file>
    <file>com_users</file>
    <file>com_weblinks</file>
    <file>com_wrapper</file>
    <file></file>
    <file>mod_articles_archive</file>
    <file>mod_articles_category</file>
    <file>mod_articles_latest</file>
    <file>mod_articles_popular</file>
    <file>mod_banners</file>
    <file>mod_breadcrumbs</file>
    <file>mod_custom</file>
    <file>mod_feed</file>
    <file>mod_footer</file>
    <file>mod_login</file>
    <file>mod_menu</file>
    <file>mod_newsflash</file>
    <file>mod_random_image</file>
    <file>mod_related_items</file>
    <file>mod_search</file>
    <file>mod_stats</file>
    <file>mod_syndicate</file>
    <file>mod_users_latest</file>
    <file>mod_weblinks</file>
    <file>mod_whosonline</file>
    <file>mod_wrapper</file>
    <file>tpl_rhuk_milkyway</file>
  </site>
  <installation>
    <file></file>
    <file>ini.old</file>
  </installation>
</package>
