<?xml version="1.0" encoding="utf-8" ?>
<install version="1.6" client="site" type="language" method="upgrade">
 <author>Connecting Connections</author>
 <authorEmail>info@con-con.nl</authorEmail>
 <authorUrl>http://www.con-con.nl</authorUrl>
 <copyright>Copyright (C) 2008 - 2011 Connecting Connections.</copyright>
 <creationDate>2011-11-12</creationDate>
 <description>RSForm! Pro Dutch Language Files</description>
 <license>http://www.gnu.org/licenses/gpl-2.0.html GNU/GPL</license>
 <name>Dutch</name>
 <tag>nl-NL</tag>
 
 <version>1.0.0.42</version>
	<files folder="../">
		  <filename>nl-NL.com_rsform.ini</filename>
		  <filename>nl-NL.mod_rsform_feedback.ini</filename>
		  <filename>nl-NL.mod_rsform_list.ini</filename>
    </files>
</install>
