<?xml version="1.0" encoding="utf-8"?>
<tabs>
	<tab>
		<name>Test 1</name>
		<type>xhtml</type>
		<content>Nulla vitae elit libero, a pharetra augue. Aenean eu leo quam. Pellentesque ornare sem lacinia quam venenatis vestibulum. Morbi leo risus, porta ac consectetur ac, vestibulum at eros. Lorem ipsum dolor sit amet, consectetur adipiscing elit. Maecenas sed diam eget risus varius blandit sit amet non magna. Sed posuere consectetur est at lobortis. Fusce dapibus, tellus ac cursus commodo, tortor mauris condimentum nibh, ut fermentum massa justo sit amet risus.</content>
		<published>1</published>
		<access>1</access>
		<id></id>
		<animation>default</animation>
	</tab>
	<tab>
		<name>Test 2</name>
		<type>module</type>
		<content>tab1</content>
		<published>1</published>
		<access>1</access>
		<id></id>
		<animation>default</animation>
	</tab>
</tabs>