{
	"tables":{
		"[SITEDB]":[
		]
	},
	
	"tabledata":{
	},

	"directories":{
		"[SITEROOT]":[
		]
	},

	"skipdirs":{
		"[SITEROOT]":[
		]
	},

	"files":{
		"[SITEROOT]":[
		]
	},

	"extradirs":[
	],

	"multidb":[
	],

	"regexskipdirs":[
	],

	"components":{
		"default":[
		]
	},

	"modules":[
	],

	"plugins":{
		"content":[
		],
		"system":[
		]
	},

	"templates":{
		"backend":[
		]
	},

	"regexdirectories":{
		"[SITEROOT]":[
			"!#^(administrator|cli|components|images|includes|language|libraries|media|modules|plugins|templates|)#"
		]
	},

	"regexfiles":{
		"[SITEROOT]":[
			"!#\.php$#"
		]
	},

	"regextables":[
	],

	"languages":{
	}
}
