<?xml version="1.0" encoding="utf-8" ?>
<access component="com_easyblog">
	<section name="component">
		<action name="core.manage" title="JACTION_MANAGE" description="JACTION_MANAGE_COMPONENT_DESC" />
		<action name="core.manage.user" title="COM_EASYBLOG_JACL_MANAGE_USERS" description="COM_EASYBLOG_JACL_MANAGE_USERS_DESC" />
		<action name="core.manage.setting" title="COM_EASYBLOG_JACL_MANAGE_SETTINGS" description="COM_EASYBLOG_JACL_MANAGE_SETTINGS_DESC" />
		<action name="core.manage.autoposting" title="COM_EASYBLOG_JACL_MANAGE_AUTOPOSTING" description="COM_EASYBLOG_JACL_MANAGE_AUTOPOSTING_DESC" />
		<action name="core.manage.blog" title="COM_EASYBLOG_JACL_MANAGE_BLOGS" description="COM_EASYBLOG_JACL_MANAGE_BLOGS_DESC" />
		<action name="core.manage.category" title="COM_EASYBLOG_JACL_MANAGE_CATEGORIES" description="JACTION_EDIT_COMPONENT_DESC" />
		<action name="core.manage.pending" title="COM_EASYBLOG_JACL_MANAGE_PENDING" description="COM_EASYBLOG_JACL_MANAGE_PENDING_DESC" />
		<action name="core.manage.tag" title="COM_EASYBLOG_JACL_MANAGE_TAGS" description="COM_EASYBLOG_JACL_MANAGE_TAGS_DESC" />
		<action name="core.manage.comment" title="COM_EASYBLOG_JACL_MANAGE_COMMENTS" description="COM_EASYBLOG_JACL_MANAGE_COMMENTS_DESC" />
		<action name="core.manage.trackback" title="COM_EASYBLOG_JACL_MANAGE_TRACKBACKS" description="COM_EASYBLOG_JACL_MANAGE_TRACKBACKS_DESC" />
		<action name="core.manage.teamblog" title="COM_EASYBLOG_JACL_MANAGE_TEAMS" description="COM_EASYBLOG_JACL_MANAGE_TEAMS_DESC" />
		<action name="core.manage.acl" title="COM_EASYBLOG_JACL_MANAGE_ACL" description="COM_EASYBLOG_JACL_MANAGE_ACL_DESC" />
		<action name="core.manage.meta" title="COM_EASYBLOG_JACL_MANAGE_META" description="COM_EASYBLOG_JACL_MANAGE_META_DESC" />
		<action name="core.manage.subscription" title="COM_EASYBLOG_JACL_MANAGE_SUBSCRIPTIONS" description="COM_EASYBLOG_JACL_MANAGE_SUBSCRIPTIONS_DESC" />
		<action name="core.manage.feeds" title="COM_EASYBLOG_JACL_MANAGE_FEEDS" description="COM_EASYBLOG_JACL_MANAGE_FEEDS_DESC" />
		<action name="core.manage.mail" title="COM_EASYBLOG_JACL_MANAGE_MAIL" description="COM_EASYBLOG_JACL_MANAGE_MAIL" />
		<action name="core.manage.migrator" title="COM_EASYBLOG_JACL_MANAGE_MIGRATORS" description="COM_EASYBLOG_JACL_MANAGE_MIGRATORS_DESC" />
		<action name="core.manage.theme" title="COM_EASYBLOG_JACL_MANAGE_THEMES" description="COM_EASYBLOG_JACL_MANAGE_THEMES_DESC" />
		<action name="core.manage.report" title="COM_EASYBLOG_JACL_MANAGE_REPORTS" description="COM_EASYBLOG_JACL_MANAGE_REPORTS_DESC" />
		<action name="core.manage.updater" title="COM_EASYBLOG_JACL_MANAGE_UPDATER" description="COM_EASYBLOG_JACL_MANAGE_UPDATER_DESC" />
	</section>
</access>