<?xml version="1.0" encoding="iso-8859-1"?>
<extension type="plugin" group="content" version="2.5" method="upgrade">
	<name>ContactUs Form</name>
	<creationDate>April 2012</creationDate>
	<author>EmmeAlfa</author>
	<authorEmail>info@emmealfa.it</authorEmail>
	<authorUrl>http://www.emmealfa.it</authorUrl>
	<copyright>This component is released under the GNU/GPLv2 License</copyright>
	<license>GPL2</license>
	<version>2.5.1</version>
	<description>Add a contact us form in articles</description>

	<files>
	   <filename plugin="contactusform">contactusform.php</filename>
		<filename>recaptchalib.php</filename>	   
	</files>
	
	<config>
	  <fields name="params">
		<fieldset name="basic">
		   <field 
				name="captcha" 
				type="radio"
				default="1" 
				label="Show CAPTCHA" 
			>
				<option value="0">JHIDE</option>
				<option value="1">JSHOW</option>
			</field>
		   <field 
				name="captcha_style" 
				type="list"
				default="red" 
				label="CAPTCHA style" 
			>
				<option value="red">red</option>
				<option value="white">white</option>
				<option value="blackglass">blackglass</option>
				<option value="clean">clean</option>				
			</field>	
		   <field 
				name="req_subject" 
				type="radio"
				default="1" 
				label="Subject required" 
			>
				<option value="0">JNO</option>
				<option value="1">JYES</option>
			</field>
		   <field 
				name="req_name" 
				type="radio"
				default="1" 
				label="Name required" 
			>
				<option value="0">JNO</option>
				<option value="1">JYES</option>
			</field>			
		</fieldset>
	  </fields>    
	</config>		

	<updateservers>
			<server type="extension" priority="1" name="ContactUs Form Update"><![CDATA[http://sito.emmealfa.it/index.php?option=com_ars&view=update&task=stream&format=xml&id=2]]> </server>		   
	</updateservers>
		
	
</extension>
