<?xml version="1.0" encoding="utf-8" ?>
<install type="component" version="1.5.0" method="upgrade">
	<name>JCE</name>
	<author>Ryan Demmer</author>
	<creationDate>20 January 2012</creationDate>
	<copyright>Copyright (C) 2006 - 2011 Ryan Demmer. All rights reserved</copyright>
	<license>GNU/GPL Version 2 or later - http://www.gnu.org/licenses/gpl-2.0.html</license>
	<authorEmail>info@joomlacontenteditor.net</authorEmail>
	<authorUrl>www.joomlacontenteditor.net</authorUrl>
	<version>2.0.20</version>
    <description>WF_ADMIN_DESC</description>
	<installfile>install.php</installfile>
  	<uninstallfile>install.php</uninstallfile>
	
	<files folder="components/com_jce">
		<folder>editor</folder>
		<folder>media</folder>
		<folder>views</folder>
		<file>index.html</file>
		<file>jce.php</file>
		<file>licence.txt</file>
		<file>popup.php</file>
	</files>
	
	<media folder="components/com_jce/editor/libraries" destination="jce">
    	<folder>mediaplayer</folder>
  	</media>
	
	<languages folder="language/en-GB">
		<language tag="en-GB">en-GB.com_jce.xml</language>
	</languages>
	
    <administration>
        <menu view="cpanel" img="components/com_jce/media/img/menu/logo.png" link="option=com_jce">JCE</menu>
		<submenu>
			<menu view="cpanel" img="components/com_jce/media/img/menu/jce-cpanel.png" link="option=com_jce">WF_MENU_CPANEL</menu>
			<menu view="config" img="components/com_jce/media/img/menu/jce-config.png" link="option=com_jce&amp;view=config">WF_MENU_CONFIG</menu>
			<menu view="profiles" img="components/com_jce/media/img/menu/jce-profiles.png" link="option=com_jce&amp;view=profiles">WF_MENU_PROFILES</menu>
			<menu view="installer" img="components/com_jce/media/img/menu/jce-install.png" link="option=com_jce&amp;view=installer">WF_MENU_INSTALL</menu>
		</submenu>
		<files folder="administrator/components/com_jce">
			<folder>adapters</folder>
			<folder>classes</folder>
			<folder>controller</folder>
			<folder>elements</folder>
			<folder>helpers</folder>
			<folder>includes</folder>
			<folder>media</folder>
			<folder>models</folder>
			<folder>plugin</folder>
			<folder>tables</folder>
			<folder>views</folder>
			<file>access.xml</file>
			<file>controller.php</file>
			<file>config.xml</file>
			<file>index.html</file>
			<file>install.php</file>
			<file>jce.php</file>
			<file>licence.txt</file>
		</files>
		<languages folder="administrator/language/en-GB">
			<language tag="en-GB">en-GB.com_jce.ini</language>
			<language tag="en-GB">en-GB.com_jce.menu.ini</language>
			<language tag="en-GB">en-GB.com_jce.sys.ini</language>
			<language tag="en-GB">en-GB.plg_editors_jce.ini</language>
      		<language tag="en-GB">en-GB.plg_editors_jce.sys.ini</language>
		</languages>
    </administration>
    <updateservers>
		<server type="extension" priority="1" name="JCE Editor Updates"><![CDATA[https://www.joomlacontenteditor.net/index.php?option=com_updates&view=update&format=xml&id=1]]></server>
	</updateservers>
</install>