<?xml version="1.0" encoding="UTF-8" ?>
<extension type="package" version="1.6">
<author>Francisco Javier Villalba Bueno y Linda Silvester</author>
<authorUrl>http://www.stilogo.com</authorUrl>
<authorEmail>info@stilogo.com</authorEmail>
<name>Spanish</name>
<packagename>es-ES</packagename>
<version>1.6</version>
<url></url>
<packager></packager>
<packagerurl></packagerurl>
<description><![CDATA[
  <div align="center">
    <table border="0" width="90%">
	    <tr>
		    <td width="100%" colspan="2">
		      <div align="center"> <a href="http://www.stilogo.com" target="_blank"><img border="0" src="http://www.stilogo.com/images/logo_conurl.jpg" alt="STILOGO" /></a>
				<h3> RSForm!Pro 1.4 - Archivo de idioma:</h3>
		      </div>
		      <hr />
		    </td>
	    </tr>
	    <tr>
		    <td width="18%"><u><b>Idioma:</b></u></td>
		    <td width="80%">Español (Spanish)</td>
	    </tr>
	    <tr>
		    <td width="18%"><u><b>Autor:</b></u></td>
		    <td width="80%">www.stilogo.com</td>
	    </tr>
	    <tr>
		    <td width="18%"><u><b>Sitio web:</b></u></td>
		    <td width="80%"><a href="http://www.stilogo.com" target="_blank">http://www.stilogo.com</a></td>
	    </tr>
	    <tr>
		    <td width="18%"><u><b>Versión de la traducción:</b></u></td>
		    <td width="80%">2ª versión de RSForm PRO 1.4: 17-10-2011</td>
	    </tr>
	    <tr>
		    <td width="100%" colspan="2">
		      <p align="center"><b><font color="#008000">Compruebe en RSJoomla! si hay una nueva versión de la traducción de esta extensión.</font></b></td>
	    </tr>
    </table>
  </div>]]></description>
<files>
    <file type="language" client="site" id="es-ES">site</file>
    <file type="language" client="administrator" id="es-ES">admin</file>
</files>
</extension>