<?xml version="1.0" encoding="utf-8" ?>
<install client="both" method="upgrade" type="language" version="1.5">
<author>Francisco Javier Villalba Bueno y Linda Silvester</author>
<authorUrl>http://www.stilogo.com</authorUrl>
<authorEmail>info@stilogo.com</authorEmail>
<copyright></copyright>
<creationDate>2011-10-17</creationDate>
<description><![CDATA[
  <div align="center">
    <table border="0" width="90%">
	    <tr>
		    <td width="100%" colspan="2">
		      <div align="center"> <a href="http://www.stilogo.com" target="_blank"><img border="0" src="http://www.stilogo.com/images/logo_conurl.jpg" alt="STILOGO" /></a>
				<h3> RSForm!PRO 1.4 - Archivo de idioma:</h3>
		      </div>
		      <hr />
		    </td>
	    </tr>
	    <tr>
		    <td width="18%"><u><b>Idioma:</b></u></td>
		    <td width="80%">Español(Spanish)</td>
	    </tr>
	    <tr>
		    <td width="18%"><u><b>Autor:</b></u></td>
		    <td width="80%">www.stilogo.com</td>
	    </tr>
	    <tr>
		    <td width="18%"><u><b>Sitio web:</b></u></td>
		    <td width="80%"><a href="http://www.stilogo.com" target="_blank">http://www.stilogo.com</a></td>
	    </tr>
	    <tr>
		    <td width="18%"><u><b>Versión de la traducción:</b></u></td>
		    <td width="80%">2ª versión de RSForm PRO 1.4: 17-10-2011</td>
	    </tr>
	    <tr>
		    <td width="100%" colspan="2">
		      <p align="center"><b><font color="#008000">Compruebe en RSJoomla! si hay una nueva versión de la traducción de esta extensión.</font></b></td>
	    </tr>
    </table>
  </div>]]></description>
 <license>http://www.gnu.org/licenses/gpl-2.0.html GNU/GPL</license>
 <name>Spanish</name>
 <tag>es-ES</tag>
 
 <!-- Enter the version of the component -->
 <version>3.0</version>
	
<!-- Language files for the Administrator of Joomla! -->
      <administration>
        <files folder="admin">
<!-- Identify all language files in the admin folder of the installation package language file .-->
<!-- NOTE: Each file must separate between <filename> </ filename>-->
		  <filename>es-ES.com_rsform.ini</filename>
		  <filename>es-ES.com_rsform.menu.ini</filename>
		  <filename>es-ES.com_rsform.sys.ini</filename>
		  <filename>es-ES.plg_system_rsfpmailchimp.ini</filename>
		  <filename>es-ES.plg_system_rsfpmappings.ini</filename>
		  <filename>es-ES.plg_system_rsfppaypal.ini</filename>
		  <filename>es-ES.plg_system_rsfprecaptcha.ini</filename>
		  <filename>es-ES.plg_system_rsfprsevents.ini</filename>
		  <filename>es-ES.plg_system_rsfpsalesforce.ini</filename>
		  <filename>es-ES.plg_system_rsfpakismet.ini</filename>
		  <filename>es-ES.plg_system_rsfpconstantcontact.ini</filename>
		  <filename>es-ES.plg_system_rsfpregistration.ini</filename>
        </files>
      </administration>
	  
<!-- Language Files for the Web site of Joomla! -->
      <site>
        <files folder="site">
<!-- Identify all language files in the site folder of the installation package language file .-->
<!-- NOTE: Each file must separate between <filename> </ filename>-->
          <filename>es-ES.com_rsform.ini</filename>
        </files>
      </site>
</install>
