<?xml version="1.0" encoding="utf-8"?>
<install version="1.5" type="plugin" group="system" method="upgrade">
	<name>System - RSForm! Pro Akismet plugin</name>
	<author>RSJoomla!</author>
	<creationDate>May 2011</creationDate>
	<copyright>Copyright (C) 2010 www.rsjoomla.com. All rights reserved.</copyright>
	<license>GNU General Public License</license>
	<authorEmail>support@rsjoomla.com</authorEmail>
	<authorUrl>rsjoomla.com</authorUrl>
	<version>1.0.0</version>
	<description>RSFP_AKI_DESCRIPTION</description>
	<languages>
		<language tag="en-GB">en-GB.plg_system_rsfpakismet.ini</language>
	</languages>
	<files>
		<filename plugin="rsfpakismet">rsfpakismet.php</filename>
	</files>
</install>