<?xml version="1.0" encoding="utf-8"?>
<addtomenu>
	<name>Add to Menu Component XML - com_redshop: Category</name>
	<version>2.3.2FREE</version>
	<author>NoNumber (Peter van Westen)</author>
	<authorEmail>peter@nonumber.nl</authorEmail>
	<authorUrl>http://www.nonumber.nl</authorUrl>
	<copyright>Copyright © 2012 NoNumber All Rights Reserved</copyright>
	<license>http://www.gnu.org/licenses/gpl-2.0.html GNU/GPL</license>
	<description><![CDATA[
		This template is used when a category is selected in the product list
	]]></description>

	<params>
		<!-- Name
		 * This is the name of the menu item type
		-->
		<name>Category</name>

		<!-- Adjust height
		 * If for some reason the height of the popup window is
		 * not big enough (or too big), you can adjust it
		 * (negative values are also permitted)
		-->
		<adjust_height>12</adjust_height>

		<!-- Requirements (get/post variables)
		 * -> Use '*' to match anything but empty
		 * -> Use '+' to match anything but false (empty/0/false)
		 * -> Use comma's to match any of multiple values
		-->
		<required>
			<view>product</view>
			<category_id>+</category_id>
		</required>

		<!-- Database select
		 * Define what options to use to select the unique item
		 * You have to define table, where, name and alias
		 * If no db lookup is required, only define name (and alias)
		 * -> Use '$...' to use available variables
		-->
		<dbselect>
			<table>#__redshop_category</table>
			<where>
				<category_id>$category_id</category_id>
			</where>
			<name>category_name</name>
		</dbselect>

		<!-- Extra options
		 * Define what extra options to display
		 * For type, choose from:
		 * text, textarea, hidden (use value)
		 * select, radio (use values)
		 * -> Use '$...' to use available variables
		-->
		<extras>
			<extra>
				<name>Layout</name>
				<type>select</type>
				<param>layout</param>
				<default>detail</default>
				<values>
					<value>
						<name>Standard Category</name>
						<value>detail</value>
					</value>
					<value>
						<name>Standard Category List</name>
						<value></value>
					</value>
				</values>
			</extra>

			<extra>
				<type>toggler</type>
				<param>layout</param>
				<value>detail</value>
			</extra>

			<extra>
				<name>Product Sorting</name>
				<type>select</type>
				<param>order_by</param>
				<values>
					<value>
						<name>Product Name</name>
						<value>p.product_name ASC</value>
					</value>
					<value>
						<name>Price, ascending</name>
						<value>p.product_price ASC</value>
					</value>
					<value>
						<name>Price, descending</name>
						<value>p.product_price DESC</value>
					</value>
					<value>
						<name>Product Number</name>
						<value>p.product_number ASC</value>
					</value>
					<value>
						<name>Newest</name>
						<value>p.product_id DESC</value>
					</value>
					<value>
						<name>Order</name>
						<value>pc.ordering ASC</value>
					</value>
					<value>
						<name>Manufacturer Name</name>
						<value>m.manufacturer_name ASC</value>
					</value>
				</values>
			</extra>
			<extra>
				<name>COM_RESHOP_HOW_MANY_PRODUCTS</name>
				<type>text</type>
				<param>maxproduct</param>
				<value>0</value>
				<style>width:50px</style>
			</extra>

			<extra>
				<type>toggler</type>
			</extra>
		</extras>

		<!-- URL parameters
		 * Define what the menu item url should contain
		 * -> Use '$...' to use available variables
		-->
		<urlparams>
			<option>com_redshop</option>
			<view>category</view>
			<layout>$layout</layout>
		</urlparams>

		<!-- Menu item parameters
		 * Define the extra menu item params
		 * -> Use '$...' to use available variables
		-->
		<menuparams>
			<categoryid>$category_id</categoryid>
			<order_by>$order_by</order_by>
			<maxproduct>$maxproduct</maxproduct>
		</menuparams>
	</params>
</addtomenu>