<?xml version="1.0" encoding="utf-8"?>
<install type="module" version="1.5" client="administrator" method="upgrade">
	<name>AceShop - Quick Icons</name>
	<author>JoomAce LLC</author>
	<creationDate>January 2012</creationDate>
	<authorEmail>info@joomace.net</authorEmail>
	<authorUrl>http://www.joomace.net</authorUrl>
	<copyright>Copyright (C) JoomAce LLC, www.joomace.net</copyright>
	<license>GNU/GPL, http://www.gnu.org/licenses/gpl-2.0.html</license>
	<version>1.0.0</version>
	<description>This module shows AceShop Quick Icons on the Admin area Home Page. Publish in "icon" position.</description>
	<files>
		<filename module="mod_aceshop_quickicons">mod_aceshop_quickicons.php</filename>
		<filename>index.html</filename>
	</files>
	<params>
		<param name="aceshop_dashboard" type="radio" default="1" label="COM_ACESHOP_DASHBOARD" description="Show Dashboard button.">
			<option value="0">No</option>
			<option value="1">Yes</option>
		</param>
		<param name="aceshop_categories" type="radio" default="1" label="COM_ACESHOP_CATEGORIES" description="Show Categories button.">
			<option value="0">No</option>
			<option value="1">Yes</option>
		</param>
		<param name="aceshop_products" type="radio" default="1" label="COM_ACESHOP_PRODUCTS" description="Show Products button.">
			<option value="0">No</option>
			<option value="1">Yes</option>
		</param>
		<param name="aceshop_coupons" type="radio" default="0" label="COM_ACESHOP_COUPONS" description="Show Coupons button.">
			<option value="0">No</option>
			<option value="1">Yes</option>
		</param>
		<param name="aceshop_customers" type="radio" default="1" label="COM_ACESHOP_CUSTOMERS" description="Show Customers button.">
			<option value="0">No</option>
			<option value="1">Yes</option>
		</param>
		<param name="aceshop_orders" type="radio" default="1" label="COM_ACESHOP_ORDERS" description="Show Orders button.">
			<option value="0">No</option>
			<option value="1">Yes</option>
		</param>
		<param name="aceshop_affiliates" type="radio" default="0" label="COM_ACESHOP_AFFILIATES" description="Show Affiliates button.">
			<option value="0">No</option>
			<option value="1">Yes</option>
		</param>
	</params>
	<config>
		<fields name="params">
			<fieldset name="basic" >
				<field name="aceshop_dashboard" type="radio" default="1" label="COM_ACESHOP_DASHBOARD" description="Show Dashboard button.">
					<option value="0">No</option>
					<option value="1">Yes</option>
				</field>
				<field name="aceshop_categories" type="radio" default="1" label="COM_ACESHOP_CATEGORIES" description="Show Categories button.">
					<option value="0">No</option>
					<option value="1">Yes</option>
				</field>
				<field name="aceshop_products" type="radio" default="1" label="COM_ACESHOP_PRODUCTS" description="Show Products button.">
					<option value="0">No</option>
					<option value="1">Yes</option>
				</field>
				<field name="aceshop_coupons" type="radio" default="0" label="COM_ACESHOP_COUPONS" description="Show Coupons button.">
					<option value="0">No</option>
					<option value="1">Yes</option>
				</field>
				<field name="aceshop_customers" type="radio" default="1" label="COM_ACESHOP_CUSTOMERS" description="Show Customers button.">
					<option value="0">No</option>
					<option value="1">Yes</option>
				</field>
				<field name="aceshop_orders" type="radio" default="1" label="COM_ACESHOP_ORDERS" description="Show Orders button.">
					<option value="0">No</option>
					<option value="1">Yes</option>
				</field>
				<field name="aceshop_affiliates" type="radio" default="0" label="COM_ACESHOP_AFFILIATES" description="Show Affiliates button.">
					<option value="0">No</option>
					<option value="1">Yes</option>
				</field>
			</fieldset>
		</fields>
	</config>
</install>