<?xml version="1.0" encoding="utf-8"?>
<install type="plugin" version="1.5" method="upgrade" group="system">
	<name>System - AceShop Redirect</name>
	<author>JoomAce LLC</author>
	<creationDate>January 2012</creationDate>
	<copyright>Copyright (C) JoomAce LLC, www.joomace.net</copyright>
	<license>GNU/GPL, http://www.gnu.org/licenses/gpl-2.0.html</license>
	<authorEmail>info@joomace.net</authorEmail>
	<authorUrl>http://www.joomace.net</authorUrl>
	<version>1.0.0</version>
	<description>This plugin makes some required redirects for AceShop and allows you to redirect imported data from Virtuemart, HikaShop, redSHOP, Tienda and JoomShopping to AceShop.</description>
	<files>
		<filename plugin="aceshopredirect">aceshopredirect.php</filename>
	</files>
	<params>
		<param name="virtuemart" type="radio" default="0" label="Redirect VirtueMart" description="Redirect VirtueMart links to AceShop links.">
			<option value="0">No</option>
			<option value="1">Yes</option>
		</param>
		<param name="hikashop" type="radio" default="0" label="Redirect HikaShop" description="Redirect HikaShop links to AceShop links.">
			<option value="0">No</option>
			<option value="1">Yes</option>
		</param>
		<param name="redshop" type="radio" default="0" label="Redirect redSHOP" description="Redirect redSHOP links to AceShop links.">
			<option value="0">No</option>
			<option value="1">Yes</option>
		</param>
		<param name="tienda" type="radio" default="0" label="Redirect Tienda" description="Redirect Tienda links to AceShop links.">
			<option value="0">No</option>
			<option value="1">Yes</option>
		</param>
		<param name="joomshopping" type="radio" default="0" label="Redirect JoomShopping" description="Redirect JoomShopping links to AceShop links.">
			<option value="0">No</option>
			<option value="1">Yes</option>
		</param>
	</params>
	<config>
		<fields name="params">
			<fieldset name="basic">
				<field name="virtuemart" type="radio" default="0" label="Redirect VirtueMart" description="Redirect VirtueMart links to AceShop links.">
					<option value="0">No</option>
					<option value="1">Yes</option>
				</field>
				<field name="hikashop" type="radio" default="0" label="Redirect HikaShop" description="Redirect HikaShop links to AceShop links.">
					<option value="0">No</option>
					<option value="1">Yes</option>
				</field>
				<field name="redshop" type="radio" default="0" label="Redirect redSHOP" description="Redirect redSHOP links to AceShop links.">
					<option value="0">No</option>
					<option value="1">Yes</option>
				</field>
				<field name="tienda" type="radio" default="0" label="Redirect Tienda" description="Redirect Tienda links to AceShop links.">
					<option value="0">No</option>
					<option value="1">Yes</option>
				</field>
				<field name="joomshopping" type="radio" default="0" label="Redirect JoomShopping" description="Redirect JoomShopping links to AceShop links.">
					<option value="0">No</option>
					<option value="1">Yes</option>
				</field>
			</fieldset>
		</fields>
	</config>
</install>