<?xml version="1.0" encoding="utf-8"?>
<install type="module" version="1.5.0" method="upgrade" client="site">
	<name>ZOO Item</name>
	<author>YOOtheme</author>
	<creationDate>August 2011</creationDate>
	<copyright>Copyright (C) YOOtheme GmbH</copyright>
	<license>http://www.gnu.org/licenses/gpl-2.0.html GNU/GPLv2 only</license>
	<assetsLicense>YOOtheme Proprietary Use License (http://www.yootheme.com/license)</assetsLicense>
	<authorEmail>info@yootheme.com</authorEmail>
	<authorUrl>http://www.yootheme.com</authorUrl>
	<version>2.5.0</version>
	<description>OKJoomla.com-Item module for ZOO developed by YOOtheme (http://www.yootheme.com)</description>
	<files>
		<filename module="mod_zooitem">mod_zooitem.php</filename>
		<filename>mod_zooitem.js</filename>
		<filename>changelog.php</filename>
		<folder>elements</folder>
		<folder>fields</folder>
		<folder>renderer</folder>
		<folder>tmpl</folder>
	</files>
	<params addpath="/modules/mod_zooitem/elements">
		<param name="theme" type="filename" default="" label="Theme" description="Visual style" path="/tmpl/" />
		<param name="layout" type="filename" default="" label="Layout" description="The Item Layout" path="/renderer/item/" />
		<param name="media_position" type="list" default="left" label="Media Position" description="MEDIAPOSITION_DESCRIPTION">
			<option value="left">Left</option>
			<option value="right">Right</option>
			<option value="top">Top</option>
			<option value="middle">Middle</option>
			<option value="bottom">Bottom</option>
		</param>
		<param name="application" type="zooapplication" default="" label="Items" description="APPLICATION_DESCRIPTION" categories="true" frontpage="true" items="true" types="true" />
		<param name="subcategories" type="radio" default="0" label="Include Subcategories" description="SUBCATEGORY_DESCRIPTION">
			<option value="0">JNO</option>
			<option value="1">JYES</option>
		</param>
		<param name="count" type="text" default="4" size="5" label="Item Count" description="Maximum number of items to display" />
		<param name="order" type="zooitemorder" default="_itemname" label="Item Order" description="Order that the items will be displayed in" apps="true" random="true" />
		<param name="moduleclass_sfx" type="text" default="" label="Module Class Suffix" description="" />
	</params>
	<config>
		<fields name="params" >
			<fieldset name="basic" addfieldpath="/modules/mod_zooitem/fields">
				<field name="theme" type="filename" default="" label="Theme" description="Visual style" path="/tmpl/" />
				<field name="layout" type="filename" default="" label="Layout" description="The Item Layout" path="/renderer/item/" />
				<field name="media_position" type="list" default="left" label="Media Position" description="MEDIAPOSITION_DESCRIPTION">
					<option value="left">Left</option>
					<option value="right">Right</option>
					<option value="top">Top</option>
					<option value="middle">Middle</option>
					<option value="bottom">Bottom</option>
				</field>
				<field name="application" type="zooapplication" default="" label="Items" description="APPLICATION_DESCRIPTION" categories="true" frontpage="true" items="true" types="true" />
				<field name="mode" type="hidden" label="" required="false" description="" />
				<field name="type" type="hidden" label="" required="false" description="" />
				<field name="category" type="hidden" label="" required="false" description="" />
				<field name="item_id" type="hidden" label="" required="false" description="" />
				<field name="subcategories" type="radio" default="0" label="Include Subcategories" description="SUBCATEGORY_DESCRIPTION">
					<option value="0">JNO</option>
					<option value="1">JYES</option>
				</field>
				<field name="count" type="text" default="4" size="5" label="Item Count" description="Maximum number of items to display" />
				<field name="order" type="zooitemorder" default="_itemname" label="Item Order" description="Order that the items will be displayed in" apps="true" random="true" />
				<field name="moduleclass_sfx" type="text" default="" label="Module Class Suffix" description="" />
			</fieldset>
		</fields>
	</config>
</install>