<?xml version="1.0" encoding="utf-8"?>
<install version="1.5.0" type="module">
	<name>Cache Cleaner</name>
	<description>MOD_CACHECLEANER_DESC</description>
	<version>2.2.0FREE</version>
	<creationDate>June 2012</creationDate>
	<author>NoNumber (Peter van Westen)</author>
	<authorEmail>peter@nonumber.nl</authorEmail>
	<authorUrl>http://www.nonumber.nl</authorUrl>
	<copyright>Copyright © 2012 NoNumber All Rights Reserved</copyright>
	<license>http://www.gnu.org/licenses/gpl-2.0.html GNU/GPL</license>

	<files>
		<filename module="mod_cachecleaner">mod_cachecleaner.php</filename>
	</files>

	<!-- Parameters -->
	<params addpath="/plugins/system/nnframework/fields">
		<param name="@loadlanguage" type="nn_loadlanguage" extension="mod_cachecleaner" admin="1" />
		<param name="@license" type="nn_license" extension="CACHE_CLEANER" />
		<param name="@version" type="nn_version" extension="CACHE_CLEANER" xml="administrator/modules/mod_cachecleaner/mod_cachecleaner.xml" />
		<param name="@dependency" type="nn_dependency"
			label="CC_THE_SYSTEM_PLUGIN"
			file="/plugins/system/cachecleaner.php" />
		<param name="@header" type="nn_header"
			label="CACHE_CLEANER"
			description="CACHE_CLEANER_DESC"
			image="/administrator/modules/mod_cachecleaner/cachecleaner/images/logo.png"
			image_w="120" image_h="160"
			url="http://www.nonumber.nl/cachecleaner"
			help_url="http://www.nonumber.nl/cachecleaner" />

		<param name="@notice_settings" type="nn_plaintext" description="CC_SETTINGS" />
	</params>
</install>