<?xml version="1.0" encoding="utf-8"?>
<extension type="module" version="3.0" client="site" method="upgrade">
	<name>NosCalendarStatistik</name>
	<author>Horst Noreick</author>
	<creationDate>März 2012</creationDate>
	<copyright>Copyright (C) 2012 Noreick Software</copyright>
	<license>GNU/GPLv3 http://www.gnu.org/licenses/gpl-3.0.html</license>
	<authorEmail>horst.noreick@crossbody.de</authorEmail>
	<authorUrl>http://www.crossbody.de</authorUrl>
	<version>1.0.0</version>
	<description>TagCloud</description>
	<languages>
	</languages>
	<files>
		<filename module="mod_noscalstatistik">mod_noscalstatistik.php</filename>
		<filename>mod_noscalstatistik.xml</filename>
		<filename>index.html</filename>		
	</files>
	<config>
		<fields name="params">
			<fieldset name="basic" label="basic">
				<field name="component" type="list" default="" label="Linkziel" description="LINKZIEL">
					<option value="">Startseite</option>
					<option value="calendar">Kalender</option>			
				</field>
				<field name="max_tags" type="text" default="10" label="Anzahl unterschiedlicher Tags" description="Anzahl unterschiedlicher Tags" />
				<field name="fontsize_min" type="text" default="10" label="font-size (min)" description="Größe des kleinsten Fonts in Pixeln" />
				<field name="fontsize_max" type="text" default="20" label="font-size (max)" description="Größe des größten Fonts in Pixeln" />		
				<field name="max_items" type="text" default="10" label="Max. Anzahl Einträge" description="Maximale Anzahl der Einträge" />		
			</fieldset>
		</fields>
	</config>	
</extension>
