<?xml version="1.0" encoding="utf-8"?>
<install type="module" version="1.5.0">
	<name>NosCalendarStatistik</name>
	<author>Horst Noreick</author>
	<creationDate>März 2012</creationDate>
	<copyright>Copyright (C) 2012 Noreick Software</copyright>
	<license>GNU/GPLv3 http://www.gnu.org/licenses/gpl-3.0.html</license>
	<authorEmail>horst.noreick@crossbody.de</authorEmail>
	<authorUrl>http://www.crossbody.de</authorUrl>
	<version>1.0.0</version>
	<description>TagCloud</description>
	<languages>
	</languages>
	<files>
		<filename module="mod_noscalstatistik">mod_noscalstatistik.php</filename>
		<filename>mod_noscalstatistik.xml</filename>
		<filename>index.html</filename>		
	</files>
	<params>
		<param name="component" type="list" default="" label="Linkziel" description="LINKZIEL">
			<option value="">Startseite</option>
			<option value="calendar">Kalender</option>			
		</param>
		<param name="max_tags" type="text" default="10" label="Anzahl unterschiedlicher Tags" description="Anzahl unterschiedlicher Tags" />
		<param name="fontsize_min" type="text" default="10" label="font-size (min)" description="Größe des kleinsten Fonts in Pixeln" />
		<param name="fontsize_max" type="text" default="20" label="font-size (max)" description="Größe des größten Fonts in Pixeln" />		
		<param name="max_items" type="text" default="10" label="Max. Anzahl Einträge" description="Maximale Anzahl der Einträge" />		
	</params>
	<params group="advanced">
		<param name="cache" type="list" default="0" label="Caching" description="Select whether to cache the content of this module">
			<option value="1">Use global</option>
			<option value="0">No caching</option>
		</param>
		<param name="cache_time" type="text" default="900" label="Cache Time" description="The time before the module is recached" />
	</params>
	<config>
		<fields name="params">
			<fieldset name="basic" label="basic">
				<field name="component" type="list" default="" label="Linkziel" description="LINKZIEL">
					<option value="">Startseite</option>
					<option value="calendar">Kalender</option>			
				</field>
				<field name="max_tags" type="text" default="10" label="Anzahl unterschiedlicher Tags" description="Anzahl unterschiedlicher Tags" />
				<field name="fontsize_min" type="text" default="10" label="font-size (min)" description="Größe des kleinsten Fonts in Pixeln" />
				<field name="fontsize_max" type="text" default="20" label="font-size (max)" description="Größe des größten Fonts in Pixeln" />		
				<field name="max_items" type="text" default="10" label="Max. Anzahl Einträge" description="Maximale Anzahl der Einträge" />		
			</fieldset>
		</fields>
	</config>	
</install>
