<?xml version="1.0" encoding="utf-8"?>
<install version="1.6" type="plugin" group="system">
	<name>PHP Image Editor - Edit your images directly in Joomla!</name>
	<author>Patrik Hultgren</author>
	<creationDate>November 2008</creationDate>
	<copyright>Copyright (C) 2008, 2009, 2010, 2011 Holder.</copyright>
	<license>http://www.gnu.org/licenses/gpl-3.0.html GPLv3</license>
	<authorEmail>patrik.hult@gmail.com</authorEmail>
	<authorUrl>http://www.phpimageeditor.se</authorUrl>
	<version>2.20</version>
	<description>Activate the PHP Image Editor plugin, then you can edit your images directly in Joomla! Just open the Media Manager and a new "Edit Image" link has appeared.</description>
	<files>
		<filename plugin="phpimageeditor">phpimageeditor.php</filename>
		<filename>editimagesoriginal/sample.jpg</filename>
		<filename>editimagespng/sample.png</filename>
		<filename>editimagesworkwith/sample.png</filename>
		<filename>index.php</filename>
		<filename>includes/joomla_login_redirect.php</filename>
		<filename>install_joomla_plugin.php</filename>
		<filename>language/ar-AA.ini</filename>
		<filename>language/en-GB.ini</filename>
		<filename>language/sv-SE.ini</filename>
        <filename>language/hu-HU.ini</filename>
        <filename>language/de-DE.ini</filename>
        <filename>language/pt-BR.ini</filename>
        <filename>language/nl-NL.ini</filename>
        <filename>language/es-ES.ini</filename>
        <filename>language/es-LA.ini</filename>
        <filename>language/nb-NO.ini</filename>
        <filename>language/ru-RU.ini</filename>
        <filename>language/pl-PL.ini</filename>
        <filename>language/bg-BG.ini</filename>
        <filename>language/he-IL.ini</filename>
        <filename>language/fr-FR.ini</filename>
        <filename>language/it-IT.ini</filename>
        <filename>language/zh-CN.ini</filename>
        <filename>language/sr-YU.ini</filename>
		<filename>lite/shared/classes/phpimageeditor.php</filename>
		<filename>lite/shared/config.php</filename>
		<filename>lite/shared/css/jquery.jcrop.css</filename>
		<filename>lite/shared/css/style.css</filename>
		<filename>lite/shared/css/ui.resizable.css</filename>
		<filename>lite/shared/css/ui.slider.css</filename>
		<filename>lite/shared/index.php</filename>
		<filename>lite/shared/images/edit.gif</filename>
		<filename>lite/shared/images/empty.gif</filename>
		<filename>lite/shared/images/jcrop.gif</filename>
		<filename>lite/shared/images/slider_pointer.gif</filename>
		<filename>lite/shared/images/slider_track_small.gif</filename>
		<filename>lite/shared/images/slider_track.gif</filename>
		<filename>lite/shared/images/slider.png</filename>
		<filename>lite/shared/images/tab_body.png</filename>
		<filename>lite/shared/images/tab_not_selected.png</filename>
		<filename>lite/shared/images/tab_selected.png</filename>
		<filename>lite/shared/includes/acl_functions.php</filename>
		<filename>lite/shared/includes/constants.php</filename>
		<filename>lite/shared/includes/functions.php</filename>
		<filename>lite/shared/javascript/jquery-1.7.1.min.js</filename>
		<filename>lite/shared/javascript/jquery-ui-1.8.16.custom.min.js</filename>
		<filename>lite/shared/javascript/jquery.jcrop.js</filename>
        <filename>lite/shared/javascript/jquery.numeric.js</filename>
		<filename>lite/shared/javascript/joomla_editimagelink.js</filename>
        <filename>lite/shared/javascript/phpimageeditor.js</filename>
        <filename>lite/shared/javascript/phpimageeditor_footer_link.js</filename>
        <filename>sample.jpg</filename>
	</files>
</install>