<?xml version="1.0" encoding="utf-8"?>
<install type="module" version="1.5.0" method="upgrade">
	<name>EasyBlog Tag Cloud</name>
	<author>StackIdeas</author>
	<creationDate>11th May 2010</creationDate>
	<copyright>Copyright 2009 - 2011 StackIdeas. All rights reserved.</copyright>
	<license>GPL License</license>
	<authorEmail>support@stackideas.com</authorEmail>
	<authorUrl>http://www.stackideas.com</authorUrl>
	<version>3.5.4</version>
	<description>This module will list down tags created through EasyBlog in a tag cloud layout.</description>
	<languages>
		<language tag="en-GB">en-GB.mod_easyblogtagcloud.ini</language>
		<language tag="da-DK">da-DK.mod_easyblogtagcloud.ini</language>
		<language tag="fr-FR">fr-FR.mod_easyblogtagcloud.ini</language>
		<language tag="sv-SE">sv-SE.mod_easyblogtagcloud.ini</language>
	</languages>
	<files>
		<filename module="mod_easyblogtagcloud">mod_easyblogtagcloud.php</filename>
		<filename>helper.php</filename>
		<filename>index.html</filename>
		<folder>tmpl</folder>
	</files>
	<params addpath="/administrator/components/com_easyblog/elements">
		<param name="moduleclass_sfx" type="text" default="" label="Module Class Suffix" description="PARAMMODULECLASSSUFFIX" />
		<param name="routingtype" type="list" default="default" label="Routing Type" description="Choose the routing type when generate tag link">
			<option value="default">Use default behaviour</option>
			<option value="menuitem">Use menu item</option>
		</param>
		<param name="menuitemid" type="easyblogmenuitem" default="" label="Use Menu Item" description="Select menu item if you have choose to use 'menu item' as routing type" state="1" />

		<param name="@spacer" type="spacer" default="" label="" description="" />
		<param name="layout" type="list" default="tagcloud" label="layout" description="Set the layout format of the tags display whether in tagcloud or listing.">
			<option value="tagcloud">Default (Tag Cloud)</option>
			<option value="list">Listing</option>
		</param>
		<param name="order" type="list" default="postcount" label="Ordering" description="Retrieve the tag cloud base on post count or title (useful when you are limiting the number of tags in the tag cloud).">
			<option value="postcount">Postcount</option>
			<option value="title">Title</option>
		</param>
		<param name="sort" type="list" default="desc" label="Sorting" description="Retrieve the tag cloud in either ascending or descending order (useful when you are limiting the number of tags in the tag cloud).">
			<option value="asc">Ascending</option>
			<option value="desc">Descending</option>
		</param>
		<param name="count" type="text" default="0" label="Count" description="The number of items to display (set it to 0 if tags limiting if not required)." />
		<param name="shuffleTags" type="list" default="1" label="Shuffle Tags [Tag Cloud Layout]" description="Shuffling the tags inside the tag cloud.">
			<option value="0">No</option>
			<option value="1">Yes</option>
		</param>
		<param name="minsize" type="text" default="10" label="Min. Tag size [Tag Cloud Layout]" description="The minimum tag font size." />
		<param name="maxsize" type="text" default="30" label="Max. Tag size [Tag Cloud Layout]" description="The maximum tag font size." />
	</params>
	<params group="advanced">
		<param name="cache" type="list" default="0" label="Caching" description="Select whether to cache the content of this module">
			<option value="1">Use global</option>
			<option value="0">No caching</option>
		</param>
		<param name="cache_time" type="text" default="900" label="Cache Time" description="The time before the module is recached" />
	</params>

	<config>
		<fields name="params">
			<fieldset name="basic" addfieldpath="/administrator/components/com_easyblog/elements/fields">
				<field name="routingtype" type="list" default="default" label="Routing Type" description="Choose the routing type when generate tag link">
					<option value="default">Use default behaviour</option>
					<option value="menuitem">Use menu item</option>
				</field>
				<field name="menuitemid" type="modal_easyblogmenuitem" default="" label="Use Menu Item" description="Select menu item if you have choose to use 'menu item' as routing type" state="1" />
				<field name="layout" type="list" default="tagcloud" label="layout" description="Set the layout format of the tags display whether in tagcloud or listing.">
					<option value="tagcloud">Default (Tag Cloud)</option>
					<option value="list">Listing</option>
				</field>
				<field name="order" type="list" default="postcount" label="Ordering" description="Retrieve the tag cloud base on post count or title (useful when you are limiting the number of tags in the tag cloud)." >
					<option value="postcount">Postcount</option>
					<option value="title">Title</option>
				</field>
				<field name="sort" type="list" default="desc" label="Sorting" description="Retrieve the tag cloud in either ascending or descending order (useful when you are limiting the number of tags in the tag cloud)." >
					<option value="asc">Ascending</option>
					<option value="desc">Descending</option>
				</field>
				<field name="count" type="text" default="0" label="Count" description="The number of items to display (set it to 0 if tags limiting if not required)." />
				<field name="shuffleTags" type="list" default="1" label="Shuffle Tags [Tag Cloud Layout]" description="Shuffling the tags inside the tag cloud." >
					<option value="0">No</option>
					<option value="1">Yes</option>
				</field>
				<field name="minsize" type="text" default="10" label="Min. Tag size [Tag Cloud Layout]" description="The minimum tag font size." />
				<field name="maxsize" type="text" default="30" label="Max. Tag size [Tag Cloud Layout]" description="The maximum tag font size." />
			</fieldset>
			<fieldset name="advanced">
				<field name="moduleclass_sfx" type="text" label="COM_MODULES_FIELD_MODULECLASS_SFX_LABEL" description="COM_MODULES_FIELD_MODULECLASS_SFX_DESC" />
				<field name="cache" type="list" default="0" label="COM_MODULES_FIELD_CACHING_LABEL" description="COM_MODULES_FIELD_CACHING_DESC" >
					<option value="1">JGLOBAL_USE_GLOBAL</option>
					<option value="0">COM_MODULES_FIELD_VALUE_NOCACHING
					</option>
				</field>
				<field name="cache_time" type="text" default="900" label="COM_MODULES_FIELD_CACHE_TIME_LABEL" description="COM_MODULES_FIELD_CACHE_TIME_DESC" />
			</fieldset>
		</fields>
	</config>

</install>
