<?xml version="1.0" encoding="utf-8" ?>
<install version="1.6" client="administrator" type="language" method="upgrade">
 <author>Tiago Prado Lone</author>
 <authorEmail>tiago@maxwellbohr.com.br</authorEmail>
 <authorUrl>http://www.maxwellbohr.com.br</authorUrl>
 <copyright>Copyright (C) 2007 - 2011 RSJoomla.com</copyright>
 <creationDate>2011-06-29</creationDate>
 <description></description>
 <license>http://www.gnu.org/licenses/gpl-2.0.html GNU/GPL</license>
 <name>Brazilian - Portuguese</name>
 <tag>pt-BR</tag>
 
 <version>1.3.0</version>
	<files folder="../">
		  <filename>pt-BR.com_rsform.ini</filename>
		  <filename>pt-BR.com_rsform.menu.ini</filename>
		  <filename>pt-BR.com_rsform.sys.ini</filename>
		  <filename>pt-BR.plg_system_rsfpgoogle.ini</filename>
		  <filename>pt-BR.plg_system_rsfpmailchimp.ini</filename>
		  <filename>pt-BR.plg_system_rsfppaypal.ini</filename>
		  <filename>pt-BR.plg_system_rsfprecaptcha.ini</filename>
		  <filename>pt-BR.plg_system_rsfpsalesforce.ini</filename>
    </files>
</install>
