<?xml version="1.0" encoding="utf-8"?>
<element type="itemcategory" group="Core" hidden="true">
	<name>Item Category</name>
	<author>YOOtheme</author>
	<creationDate>August 2011</creationDate>
	<copyright>Copyright (C) YOOtheme GmbH</copyright>
	<authorEmail>info@yootheme.com</authorEmail>
	<authorUrl>http://www.yootheme.com</authorUrl>
	<version>2.5.0</version>
	<description>Item Category Core System</description>
	<params group="render">
		<param name="linked" type="radio" default="1" label="Link Category" description="Wrap category in with a link">
			<option value="0">JNO</option>
			<option value="1">JYES</option>
		</param>
		<param name="separated_by" type="zoolist" default="Space" label="Separated by" description="CHOOSE_SEPARATOR_REPEATED_ELEMENTS">
			<option name="Space"><![CDATA[separator=[ ]]]></option>
			<option name="Comma"><![CDATA[separator=[, ]]]></option>
			<option name="Hyphen"><![CDATA[separator=[ - ]]]></option>
			<option name="Pipe"><![CDATA[separator=[ | ]]]></option>
			<option name="Break"><![CDATA[separator=[<br />]]]></option>
			<option name="Span"><![CDATA[tag=[<span>%s</span>]]]></option>
			<option name="Paragraph"><![CDATA[tag=[<p>%s</p>]]]></option>
			<option name="Div"><![CDATA[tag=[<div>%s</div>]]]></option>
			<option name="List Item"><![CDATA[tag=[<li>%s</li>]]]></option>
			<option name="Unordered List"><![CDATA[tag=[<li>%s</li>] enclosing_tag=[<ul>%s</ul>]]]></option>
			<option name="Ordered List"><![CDATA[tag=[<li>%s</li>] enclosing_tag=[<ol>%s</ol>]]]></option>
			<option name="Warp Item"><![CDATA[tag=[<article class="item">%s</article>]]]></option>
		</param>
	</params>
    <params group="submission">
		<param name="multiple" type="radio" default="1" label="Multiple" description="Allow users to select multiple categories">
			<option value="0">JNO</option>
			<option value="1">JYES</option>
		</param>
		<param name="primary" type="radio" default="0" label="Primary Category" description="Allow users to select primary category">
			<option value="0">JNO</option>
			<option value="1">JYES</option>
		</param>
	</params>
</element>