<?xml version="1.0" encoding="utf-8"?>
<install version="1.5" type="plugin" group="eventbooking" method="upgrade">
	<name>Events Booking - Move Registrants Plugin</name>
	<author>Tuan Pham Ngoc</author>
	<creationDate>Aug 2010</creationDate>
	<copyright>Ossolution Team</copyright>
	<license>http://www.gnu.org/licenses/gpl-2.0.html GNU/GPL</license>
	<authorEmail>contact@joomdonation.com</authorEmail>
	<authorUrl>www.joomdonation.com</authorUrl>
	<version>1.0</version>
	<description>This plugin is to move users from waitinglist into EB registrants. Only works for free events (as paid events need to be paid before users can become registrants)</description>
	<files>
		<filename plugin="moveregistrants">moveregistrants.php</filename>
	</files>	
</install>