<?xml version="1.0" encoding="utf-8"?>
<extension type="component" version="1.6.0" method="upgrade">
	<name>Quick Content</name>
	<creationDate>2011-11-13</creationDate>
	<copyright>Copyright (C) 2011. All rights reserved.</copyright>
	<license>GNU General Public License version 2 or later; see LICENSE.txt</license>
    <author>Asika</author>
	<authorEmail>asika32764@gmail.com</authorEmail>
	<authorUrl>http://asikart.com</authorUrl>
	<version>1.0.1</version>
	<description>Quickcontent</description>

	<install> <!-- Runs on install -->
    	<sql>
        	<file driver="mysql" charset="utf8">sql/install.mysql.utf8.sql</file>
  		</sql>
    </install>
    <uninstall> <!-- Runs on uninstall -->
    	<sql>
        	<file driver="mysql" charset="utf8">sql/uninstall.mysql.utf8.sql</file>
  		</sql>
   </uninstall>
	<administration>
		<menu>COM_QUICKCONTENT</menu>
		<files folder="administrator">
			<filename>access.xml</filename>
			<filename>config.xml</filename>
			<filename>controller.php</filename>
			<filename>index.html</filename>
			<filename>quickcontent.php</filename>
			<folder>controllers</folder>
			<folder>helpers</folder>
			<folder>models</folder>
			<folder>sql</folder>
			<folder>tables</folder>
			<folder>views</folder>
			<folder>language</folder>
			<folder>akhelper</folder>
		</files>
	</administration>
	
	<updateservers>
        <server type="extension" priority="1" name="Quick Content">http://asikart.com/update/quickcontent.xml</server>
    </updateservers>
</extension>

