<?xml version="1.0" encoding="utf-8"?>
<extension type="component" version="2.5.0" method="upgrade">
	<name>Admintools</name>
	<creationDate>2013-09-10</creationDate>
	<author>Nicholas K. Dionysopoulos</author>
	<authorEmail>nicholas@akeebabackup.com</authorEmail>
	<authorUrl>http://www.akeebabackup.com</authorUrl>
	<copyright>Copyright (c)2010 Nicholas K. Dionysopoulos</copyright>
	<license>This component in released under the GNU/GPL v3 or later license</license>
	<version>2.5.8</version>
	<description>Security and utilitarian tools for Joomla! site administrators</description>

	<!-- Public front end files -->
	<files folder="frontend">
		<filename>admintools.php</filename>
		<filename>index.html</filename>
		<folder>views</folder>
	</files>

	<!-- Front end translation files -->
	<languages folder="language/frontend">
		<language tag="en-GB">en-GB/en-GB.com_admintools.ini</language>
	</languages>

	<!-- SQL query files to execute on installation -->
	<install>
		<sql>
			<file driver="mysql" charset="utf8">sql/install/mysql/install.sql</file>
			<file driver="mysql">sql/install/mysql/install.sql</file>
			<file driver="mysqli" charset="utf8">sql/install/mysql/install.sql</file>
			<file driver="mysqli">sql/install/mysql/install.sql</file>

			<file driver="sqlsrv" charset="utf8">sql/install/sqlsrv/install.sql</file>
			<file driver="sqlsrv">sql/install/sqlsrv/install.sql</file>
			<file driver="sqlazure" charset="utf8">sql/install/sqlsrv/install.sql</file>
			<file driver="sqlazure">sql/install/sqlsrv/install.sql</file>

			<file driver="postgresql" charset="utf8">sql/install/postgresql/install.sql</file>
			<file driver="postgresql">sql/install/postgresql/install.sql</file>
		</sql>
	</install>

	<!-- SQL query files to execute on uninstallation -->
	<uninstall>
		<sql>
			<file driver="mysql" charset="utf8">sql/install/mysql/uninstall.sql</file>
			<file driver="mysql">sql/install/mysql/uninstall.sql</file>
			<file driver="mysqli" charset="utf8">sql/install/mysql/uninstall.sql</file>
			<file driver="mysqli">sql/install/mysql/uninstall.sql</file>

			<file driver="sqlsrv" charset="utf8">sql/install/sqlsrv/uninstall.sql</file>
			<file driver="sqlsrv">sql/install/sqlsrv/uninstall.sql</file>
			<file driver="sqlazure" charset="utf8">sql/install/sqlsrv/uninstall.sql</file>
			<file driver="sqlazure">sql/install/sqlsrv/uninstall.sql</file>

			<file driver="postgresql" charset="utf8">sql/install/postgresql/uninstall.sql</file>
			<file driver="postgresql">sql/install/postgresql/uninstall.sql</file>
		</sql>
	</uninstall>

	<!-- SQL files to run on update -->
	<update>
		<schemas>
			<schemapath type="mysql">sql/update/mysql</schemapath>
			<schemapath type="sqlsrv">sql/update/sqlsrv</schemapath>
			<schemapath type="sqlazure">sql/update/sqlazure</schemapath>
			<schemapath type="postgresql">sql/update/postgresql</schemapath>
		</schemas>
	</update>

	<!-- Media files -->
	<media destination="com_admintools" folder="media">
		<folder>css</folder>
		<folder>images</folder>
		<folder>js</folder>
	</media>

	<!-- Administrator back-end section -->
	<administration>
		<!-- Administration menu -->
		<menu view="cpanel"
			img="../media/com_admintools/images/admintools-16.png">COM_ADMINTOOLS</menu>

		<!-- Back-end files -->
		<files folder="backend">
			<filename>access.xml</filename>
			<filename>admintools.php</filename>
			<filename>config.xml</filename>
			<filename>dispatcher.php</filename>
			<filename>fof.xml</filename>
			<filename>index.html</filename>
			<!--<filename>restore.php</filename>-->
			<filename>toolbar.php</filename>
			<filename>version.php</filename>
			<filename>CHANGELOG.php</filename>

			<folder>akeeba</folder>
			<folder>assets</folder>
			<!--<folder>classes</folder>-->
			<folder>controllers</folder>
			<folder>fof</folder>
			<folder>helpers</folder>
			<folder>liveupdate</folder>
			<folder>models</folder>
			<folder>sql</folder>
			<folder>tables</folder>
			<folder>views</folder>
		</files>

		<!-- Back-end translation files -->
		<languages folder="language/backend">
			<language tag="en-GB">en-GB/en-GB.com_admintools.ini</language>
			<language tag="en-GB">en-GB/en-GB.com_admintools.sys.ini</language>
			<language tag="en-GB">en-GB/en-GB.com_admintools.menu.ini</language>
		</languages>

	</administration>

	<!-- Installation / uninstallation PHP scripts -->
	<scriptfile>script.admintools.php</scriptfile>

	<!-- Akeeba Backup System Restore Points integration -->
	<restorepoint>
		<customdirs>
			<dir>administrator/modules/mod_atjupgrade</dir>
			<dir>plugins/system/admintools</dir>
			<dir>plugins/system/atoolsjupdatecheck</dir>
			<dir>plugins/system/atoolsupdatecheck</dir>
			<dir>plugins/system/oneclickaction</dir>
		</customdirs>
		<customfiles>
			<file>plugins/system/admintools.php</file>
			<file>plugins/system/admintools.xml</file>
			<file>plugins/system/atoolsjupdatecheck.php</file>
			<file>plugins/system/atoolsjupdatecheck.xml</file>
			<file>plugins/system/atoolsupdatecheck.php</file>
			<file>plugins/system/atoolsupdatecheck.xml</file>
			<file>plugins/system/oneclickaction.php</file>
			<file>plugins/system/oneclickaction.xml</file>
		</customfiles>
		<langfiles>
			<lang>mod_atjupgrade</lang>
			<lang>plg_system_admintools</lang>
			<lang>plg_system_atoolsjupdatecheck</lang>
			<lang>plg_system_atoolsupdatecheck</lang>
			<lang>plg_system_oneclickaction</lang>
		</langfiles>
		<skiptables>
			<table>admintools_filescache</table>
			<table>admintools_log</table>
			<table>admintools_scanalerts</table>
			<table>admintools_scans</table>
		</skiptables>
	</restorepoint>
</extension>