<?xml version="1.0" encoding="utf-8"?>
<install type="module" version="1.5.0" method="upgrade">
	<name>Blog Categories</name>
	<author>StackIdeas</author>
	<creationDate>11th May 2010</creationDate>
	<copyright>Copyright 2009 - 2011 StackIdeas. All rights reserved.</copyright>
	<license>GPL License</license>
	<authorEmail>support@stackideas.com</authorEmail>
	<authorUrl>http://stackideas.com</authorUrl>
	<version>3.5.4</version>
	<description>Lists down categories which are created in EasyBlog.</description>
	<languages>
		<language tag="en-GB">en-GB.mod_easyblogcategories.ini</language>
		<language tag="da-DK">da-DK.mod_easyblogcategories.ini</language>
		<language tag="sv-SE">sv-SE.mod_easyblogcategories.ini</language>
		<language tag="pl-PL">pl-PL.mod_easyblogcategories.ini</language>
	</languages>
	<files>
		<filename module="mod_easyblogcategories">mod_easyblogcategories.php</filename>
		<filename>helper.php</filename>
		<filename>index.html</filename>
		<folder>tmpl</folder>
		<folder>assets</folder>
	</files>
	<params addpath="/administrator/components/com_easyblog/elements">
		<param name="moduleclass_sfx" type="text" default="" label="Module Class Suffix" description="PARAMMODULECLASSSUFFIX" />
		<param name="routingtype" type="list" default="default" label="Routing Type" description="Choose the routing type when generate url link">
			<option value="default">Use default behaviour</option>
			<option value="menuitem">Use menu item</option>
		</param>
		<param name="menuitemid" type="easyblogmenuitem" default="" label="Use Menu Item" description="Select menu item if you have choose to use 'menu item' as routing type" state="1" />

		<param name="@spacer" type="spacer" default="" label="" description="" />
		<param name="layouttype" type="list" label="Layout type" description="Select what to display in the module">
			<option value="tree">Category Tree (With subcategories)</option>
			<option value="flat">Flat layout (With subcategories)</option>
			<option value="flatmain">Flat layout (Without subcategories)</option>
		</param>
		<param name="order" type="list" default="popular" label="Ordering" description="Retrieve the tag cloud base on post count or title (useful when you are limiting the number of tags in the tag cloud).">
			<option value="alphabet">Alphabetical</option>
			<option value="latest">Latest</option>
			<option value="popular">Popular</option>
		</param>
		<param name="catid" type="text" label="Category ID" description="Only select items from specific categories. Leave empty to select from all categories" />
		<param name="sort" type="list" default="desc" label="Sorting" description="Display categories in either ascending or descending order.">
			<option value="asc">Ascending</option>
			<option value="desc">Descending</option>
		</param>
		<param name="count" type="text" default="0" label="Count" description="The number of items to display (set it to 0 if categories limiting if not required)." />
		<param name="hideemptypost" type="list" default="1" label="Hide categories with no post" description="Hide categories without post.">
			<option value="0">No</option>
			<option value="1">Yes</option>
		</param>
		<param name="showcavatar" type="list" default="1" label="Show category avatar" description="Display category avatar.">
			<option value="0">No</option>
			<option value="1">Yes</option>
		</param>
	</params>
	<params group="advanced">
		<param name="cache" type="list" default="0" label="Caching" description="Select whether to cache the content of this module">
			<option value="1">Use global</option>
			<option value="0">No caching</option>
		</param>
		<param name="cache_time" type="text" default="900" label="Cache Time" description="The time before the module is recached" />
	</params>

	<config>
		<fields name="params">
			<fieldset name="basic" addfieldpath="/administrator/components/com_easyblog/elements/fields">
				<field name="routingtype" type="list" default="default" label="Routing Type" description="Choose the routing type when generate url link">
					<option value="default">Use default behaviour</option>
					<option value="menuitem">Use menu item</option>
				</field>
				<field name="menuitemid" type="modal_easyblogmenuitem" default="" label="Use Menu Item" description="Select menu item if you have choose to use 'menu item' as routing type" state="1" />
				<field
					name="order"
					type="list"
					default="popular"
					label="Ordering"
					description="Retrieve the tag cloud base on post count or title (useful when you are limiting the number of tags in the tag cloud)." >
					<option value="alphabet">Alphabetical</option>
					<option value="latest">Latest</option>
					<option value="popular">Popular</option>
				</field>
				<field name="layouttype" type="list" label="Layout type" description="Select what to display in the module">
					<option value="tree">Category Tree (With subcategories)</option>
					<option value="flat">Flat layout (With subcategories)</option>
					<option value="flatmain">Flat layout (Without subcategories)</option>
				</field>
				<field
					name="catid"
					type="text"
					default=""
					label="Category ID"
					description="Only select items from specific categories. Leave empty to select from all categories" />
				<field
					name="sort"
					type="list"
					default="desc"
					label="Sorting"
					description="Display categories in either ascending or descending order." >
					<option value="asc">Ascending</option>
					<option value="desc">Descending</option>
				</field>

				<field
					name="count"
					type="text"
					default="0"
					label="Count"
					description="The number of items to display (set it to 0 if categories limiting if not required)." />

				<field
					name="hideemptypost"
					type="list"
					default="1"
					label="Hide categories with no post"
					description="Hide categories without post." >
					<option value="0">No</option>
					<option value="1">Yes</option>
				</field>

				<field
					name="showcavatar"
					type="list"
					default="1"
					label="Show category avatar"
					description="Display category avatar." >
					<option value="0">No</option>
					<option value="1">Yes</option>
				</field>
			</fieldset>
			<fieldset name="advanced">
				<field
					name="moduleclass_sfx" type="text"
					label="COM_MODULES_FIELD_MODULECLASS_SFX_LABEL"
					description="COM_MODULES_FIELD_MODULECLASS_SFX_DESC" />

				<field
					name="cache"
					type="list"
					default="0"
					label="COM_MODULES_FIELD_CACHING_LABEL"
					description="COM_MODULES_FIELD_CACHING_DESC" >
					<option value="1">JGLOBAL_USE_GLOBAL</option>
					<option value="0">COM_MODULES_FIELD_VALUE_NOCACHING
					</option>
				</field>

				<field
					name="cache_time"
					type="text"
					default="900"
					label="COM_MODULES_FIELD_CACHE_TIME_LABEL"
					description="COM_MODULES_FIELD_CACHE_TIME_DESC" />
			</fieldset>
		</fields>
	</config>

</install>
