<?xml version="1.0" encoding="utf-8"?>
<extension type="component" version="1.6.0" method="upgrade" client="site">
    <name>JFBConnect</name>
    <version>4.3.4</version>
    <creationDate>2013/01/04</creationDate>
    <author>SourceCoast | www.sourcecoast.com</author>
    <authorEmail>support@sourcecoast.com</authorEmail>
    <authorUrl>http://www.sourcecoast.com</authorUrl>
    <copyright>Copyright (C) 2009-2013 SourceCoast. All rights reserved.</copyright>
    <license>http://www.gnu.org/licenses/gpl-2.0.html GNU/GPL</license>
    <description>This component uses the Facebook Connect API to map Joomla users to their corresponding Facebook
        account, with flexibility to create new Joomla users automatically.
    </description>
    <scriptfile>install/install.php</scriptfile>
    <install>
        <sql folder="admin">
            <file driver="mysql" charset="utf8">install/sql/install.jfbconnect.sql</file>
        </sql>
    </install>
    <!-- Do not let Joomla do automatic schema updates as they don't allow for downgrades
    <update>
        <schemas>
            <schemapath type="mysql">install/sql/updates</schemapath>
        </schemas>
    </update>-->
    <files folder="component">
        <filename>index.html</filename>
        <filename>controller.php</filename>
        <filename>jfbconnect.php</filename>
        <filename>assets/jfbcchannel.php</filename>
        <filename>assets/jfbconnect.css</filename>
        <filename>assets/poweredBy.php</filename>
        <filename>controllers/index.html</filename>
        <filename>controllers/loginregister.php</filename>
        <filename>controllers/opengraph.php</filename>
        <filename>controllers/request.php</filename>
        <filename>controllers/social.php</filename>
        <filename>includes/index.html</filename>
        <filename>includes/jfbconnect.js</filename>
        <filename>libraries/index.html</filename>
        <filename>libraries/canvas.php</filename>
        <filename>libraries/facebook.php</filename>
        <filename>libraries/profile.php</filename>
        <filename>libraries/request.php</filename>
        <filename>models/index.html</filename>
        <filename>models/loginregister.php</filename>
        <filename>models/notification.php</filename>
        <filename>models/opengraphaction.php</filename>
        <filename>models/opengraphactivity.php</filename>
        <filename>models/opengraphobject.php</filename>
        <filename>models/request.php</filename>
        <filename>views/index.html</filename>
        <filename>views/loginregister/index.html</filename>
        <filename>views/loginregister/metadata.xml</filename>
        <filename>views/loginregister/view.html.php</filename>
        <filename>views/loginregister/tmpl/default.php</filename>
        <filename>views/loginregister/tmpl/default.xml</filename>
        <filename>views/loginregister/tmpl/index.html</filename>
        <filename>views/loginregister/tmpl/loginregister.css</filename>
        <filename>views/opengraph/index.html</filename>
        <filename>views/opengraph/metadata.xml</filename>
        <filename>views/opengraph/view.html.php</filename>
        <filename>views/opengraph/tmpl/index.html</filename>
        <filename>views/opengraph/tmpl/activity.php</filename>
        <filename>views/opengraph/tmpl/activity.xml</filename>
        <filename>views/opengraph/tmpl/settings.php</filename>
        <filename>views/opengraph/tmpl/settings.xml</filename>
    </files>
    <languages folder="translations/frontend">
        <language tag="en-GB">en-GB.com_jfbconnect.ini</language>
        <language tag="de-DE">de-DE.com_jfbconnect.ini</language>
        <language tag="es-ES">es-ES.com_jfbconnect.ini</language>
        <language tag="fr-FR">fr-FR.com_jfbconnect.ini</language>
        <language tag="he-IL">he-IL.com_jfbconnect.ini</language>
        <language tag="nl-NL">nl-NL.com_jfbconnect.ini</language>
        <language tag="pt-BR">pt-BR.com_jfbconnect.ini</language>
        <language tag="sv-SE">sv-SE.com_jfbconnect.ini</language>
        <language tag="tr-TR">tr-TR.com_jfbconnect.ini</language>
        <language tag="zh-TW">zh-TW.com_jfbconnect.ini</language>
    </languages>
    <administration>
        <menu img="components/com_jfbconnect/assets/images/jfbconn_icon.png">COM_JFBCONNECT</menu>
        <submenu>
            <menu view="jfbconnect" alt="COM_JFBCONNECT_JFBCONNECT">COM_JFBCONNECT_MENU_OVERVIEW</menu>
            <menu view="config" alt="COM_JFBCONNECT_CONFIG">COM_JFBCONNECT_MENU_CONFIGURATION</menu>
            <menu view="opengraph" alt="COM_JFBCONNECT_OPENGRAPH">COM_JFBCONNECT_MENU_OPENGRAPH</menu>
            <menu view="social" alt="COM_JFBCONNECT_SOCIAL">COM_JFBCONNECT_MENU_SOCIAL</menu>
            <menu view="canvas" alt="COM_JFBCONNECT_CANVAS">COM_JFBCONNECT_MENU_CANVAS</menu>
            <menu view="request" alt="COM_JFBCONNECT_REQUESTS">COM_JFBCONNECT_MENU_REQUESTS</menu>
            <menu view="profiles" alt="COM_JFBCONNECT_PROFILES">COM_JFBCONNECT_MENU_PROFILES</menu>
            <menu view="usermap" alt="COM_JFBCONNECT_USERMAP">COM_JFBCONNECT_MENU_USER_MAP</menu>
        </submenu>
        <files folder="admin">
            <file>install/sql/updates/4.1.0.sql</file>
            <file>install/sql/updates/4.2.0.sql</file>
            <file>install/sql/updates/4.3.0.sql</file>
            <file>install/sql/install.jfbconnect.sql</file>
            <file>install/packages/mod_sclogin_j2.5_v1.1.5.zip</file>
            <file>install/packages/plg_authentication_jfbconnectauth_j2.5_v4.2.0.zip</file>
            <file>install/packages/plg_user_jfbconnectuser_j2.5_v4.3.0.zip</file>
            <file>install/packages/plg_system_jfbcsystem_j2.5_v4.3.3.zip</file>
            <file>install/packages/plg_content_jfbccontent_j2.5_v4.3.0.zip</file>
            <file>install/packages/lib_sourcecoast_j2.5_v1.0.11.zip</file>
            <file>admin.jfbconnect.php</file>
            <file>controller.php</file>
            <file>index.html</file>
            <file>toolbar.jfbconnect.html.php</file>
            <file>toolbar.jfbconnect.php</file>
            <file>assets/index.html</file>
            <file>assets/default.css</file>
            <file>assets/jfbconnect-admin.js</file>
            <file>assets/sourcecoast.php</file>
            <file>assets/facebook-api/facebook.php</file>
            <file>assets/facebook-api/base_facebook.php</file>
            <file>assets/facebook-api/fb_ca_chain_bundle.crt</file>
            <file>assets/facebook-api/index.html</file>
            <file>assets/facebook-api/jsonwrapper/index.html</file>
            <file>assets/facebook-api/jsonwrapper/jsonwrapper_inner.php</file>
            <file>assets/facebook-api/jsonwrapper/JSON/JSON.php</file>
            <file>assets/facebook-api/jsonwrapper/JSON/LICENSE</file>
            <file>assets/facebook-api/jsonwrapper/JSON/index.html</file>
            <file>assets/footer/index.html</file>
            <file>assets/footer/footer.php</file>
            <file>assets/footer/SourceCoast_Logo.png</file>
            <file>assets/images/index.html</file>
            <file>assets/images/jfbconn.png</file>
            <file>assets/images/jfbconn_icon.png</file>
            <file>assets/images/jfbconn_icon48.png</file>
            <file>assets/images/icon-16-allow.png</file>
            <file>assets/images/icon-16-deny.png</file>
            <file>assets/images/icon-16-notice-note.png</file>
            <file>assets/images/icon-32-refresh.png</file>
            <file>assets/images/icon-32-opengraph.png</file>
            <file>assets/images/icon-48-config.png</file>
            <file>assets/images/icon-48-action-sc.png</file>
            <file>assets/images/icon-48-activity-sc.png</file>
            <file>assets/images/icon-48-object-sc.png</file>
            <file>assets/images/icon-48-config-sc.png</file>
            <file>assets/images/open-graph-example.png</file>
            <file>common/scconfig.php</file>
            <file>controllers/autotune.php</file>
            <file>controllers/canvas.php</file>
            <file>controllers/config.php</file>
            <file>controllers/index.html</file>
            <file>controllers/notification.php</file>
            <file>controllers/opengraph.php</file>
            <file>controllers/profiles.php</file>
            <file>controllers/request.php</file>
            <file>controllers/social.php</file>
            <file>controllers/usermap.php</file>
            <file>models/autotune.php</file>
            <file>models/config.php</file>
            <file>models/index.html</file>
            <file>models/notification.php</file>
            <file>models/opengraphaction.php</file>
            <file>models/opengraphactivity.php</file>
            <file>models/opengraphobject.php</file>
            <file>models/request.php</file>
            <file>models/usermap.php</file>
            <file>tables/config.php</file>
            <file>tables/index.html</file>
            <file>tables/jfbconnectnotification.php</file>
            <file>tables/jfbconnectopengraphaction.php</file>
            <file>tables/jfbconnectopengraphobject.php</file>
            <file>tables/jfbconnectrequest.php</file>
            <file>tables/usermap.php</file>
            <file>views/index.html</file>
            <file>views/autotune/index.html</file>
            <file>views/autotune/view.html.php</file>
            <file>views/autotune/tmpl/basicinfo.php</file>
            <file>views/autotune/tmpl/default.php</file>
            <file>views/autotune/tmpl/errors.php</file>
            <file>views/autotune/tmpl/fbapp.php</file>
            <file>views/autotune/tmpl/fbappnew.php</file>
            <file>views/autotune/tmpl/finish.php</file>
            <file>views/autotune/tmpl/index.html</file>
            <file>views/autotune/tmpl/siteconfig.php</file>
            <file>views/autotune/tmpl/step_sidebar.php</file>
            <file>views/autotune/tmpl/subscription_status.php</file>
            <file>views/config/index.html</file>
            <file>views/config/view.html.php</file>
            <file>views/config/tmpl/default.php</file>
            <file>views/config/tmpl/index.html</file>
            <file>views/jfbconnect/index.html</file>
            <file>views/jfbconnect/view.html.php</file>
            <file>views/jfbconnect/tmpl/default.php</file>
            <file>views/jfbconnect/tmpl/index.html</file>
            <file>views/canvas/index.html</file>
            <file>views/canvas/view.html.php</file>
            <file>views/canvas/tmpl/default.php</file>
            <file>views/canvas/tmpl/index.html</file>
            <file>views/profiles/index.html</file>
            <file>views/profiles/view.html.php</file>
            <file>views/profiles/tmpl/default.php</file>
            <file>views/profiles/tmpl/index.html</file>
            <file>views/request/index.html</file>
            <file>views/request/view.html.php</file>
            <file>views/request/tmpl/default.php</file>
            <file>views/request/tmpl/edit.php</file>
            <file>views/request/tmpl/index.html</file>
            <file>views/request/tmpl/send.php</file>
            <file>views/notification/index.html</file>
            <file>views/notification/view.html.php</file>
            <file>views/notification/tmpl/default.php</file>
            <file>views/notification/tmpl/index.html</file>
            <file>views/opengraph/index.html</file>
            <file>views/opengraph/view.html.php</file>
            <file>views/opengraph/tmpl/actioncreate.php</file>
            <file>views/opengraph/tmpl/actionedit.php</file>
            <file>views/opengraph/tmpl/actions.php</file>
            <file>views/opengraph/tmpl/activitylist.php</file>
            <file>views/opengraph/tmpl/default.php</file>
            <file>views/opengraph/tmpl/index.html</file>
            <file>views/opengraph/tmpl/objectcreate.php</file>
            <file>views/opengraph/tmpl/objectedit.php</file>
            <file>views/opengraph/tmpl/objects.php</file>
            <file>views/opengraph/tmpl/settings.php</file>
            <file>views/social/index.html</file>
            <file>views/social/view.html.php</file>
            <file>views/social/tmpl/default.php</file>
            <file>views/social/tmpl/index.html</file>
            <file>views/usermap/index.html</file>
            <file>views/usermap/view.html.php</file>
            <file>views/usermap/tmpl/index.html</file>
            <file>views/usermap/tmpl/list.php</file>
            <file>views/usermap/tmpl/select_request.php</file>
            <file>liveupdate/config.php</file>
            <file>liveupdate/LICENSE.txt</file>
            <file>liveupdate/liveupdate.php</file>
            <file>liveupdate/assets/current-32.png</file>
            <file>liveupdate/assets/fail-24.png</file>
            <file>liveupdate/assets/liveupdate-48.png</file>
            <file>liveupdate/assets/liveupdate.css</file>
            <file>liveupdate/assets/nosupport-32.png</file>
            <file>liveupdate/assets/ok-24.png</file>
            <file>liveupdate/assets/update-32.png</file>
            <file>liveupdate/assets/warn-24.png</file>
            <file>liveupdate/classes/abstractconfig.php</file>
            <file>liveupdate/classes/controller.php</file>
            <file>liveupdate/classes/download.php</file>
            <file>liveupdate/classes/inihelper.php</file>
            <file>liveupdate/classes/model.php</file>
            <file>liveupdate/classes/updatefetch.php</file>
            <file>liveupdate/classes/view.php</file>
            <file>liveupdate/classes/xmlslurp.php</file>
            <file>liveupdate/classes/storage/component.php</file>
            <file>liveupdate/classes/storage/file.php</file>
            <file>liveupdate/classes/storage/storage.php</file>
            <file>liveupdate/classes/tmpl/install.php</file>
            <file>liveupdate/classes/tmpl/overview.php</file>
            <file>liveupdate/classes/tmpl/startupdate.php</file>
            <file>liveupdate/language/da-DK/da-DK.liveupdate.ini</file>
            <file>liveupdate/language/de-DE/de-DE.liveupdate.ini</file>
            <file>liveupdate/language/el-GR/el-GR.liveupdate.ini</file>
            <file>liveupdate/language/en-GB/en-GB.liveupdate.ini</file>
            <file>liveupdate/language/es-ES/es-ES.liveupdate.ini</file>
            <file>liveupdate/language/fr-FR/fr-FR.liveupdate.ini</file>
            <file>liveupdate/language/hu-HU/hu-HU.liveupdate.ini</file>
            <file>liveupdate/language/it-IT/it-IT.liveupdate.ini</file>
            <file>liveupdate/language/lt-LT/lt-LT.liveupdate.ini</file>
            <file>liveupdate/language/nb-NO/nb-NO.liveupdate.ini</file>
            <file>liveupdate/language/nl-NL/nl-NL.liveupdate.ini</file>
            <file>liveupdate/language/pl-PL/pl-PL.liveupdate.ini</file>
            <file>liveupdate/language/pt-BR/pt-BR.liveupdate.ini</file>
            <file>liveupdate/language/ru-RU/ru-RU.liveupdate.ini</file>
            <file>liveupdate/language/sv-SE/sv-SE.liveupdate.ini</file>
            <file>liveupdate/language/tr-TR/tr-TR.liveupdate.ini</file>
            <file>liveupdate/language/uk-UA/uk-UA.liveupdate.ini</file>
        </files>
        <languages folder="translations/backend">
            <language tag="de-DE">de-DE.com_jfbconnect.sys.ini</language>
            <language tag="de-DE">de-DE.com_jfbconnect.ini</language>
            <language tag="en-GB">en-GB.com_jfbconnect.sys.ini</language>
            <language tag="en-GB">en-GB.com_jfbconnect.ini</language>
            <language tag="es-ES">es-ES.com_jfbconnect.sys.ini</language>
            <language tag="he-IL">he-IL.com_jfbconnect.sys.ini</language>
            <language tag="nl-NL">nl-NL.com_jfbconnect.sys.ini</language>
            <language tag="pt-BR">pt-BR.com_jfbconnect.sys.ini</language>
            <language tag="sv-SE">sv-SE.com_jfbconnect.sys.ini</language>
            <language tag="tr-TR">tr-TR.com_jfbconnect.sys.ini</language>
        </languages>
    </administration>
    <updateservers>
        <server type="extension" priority="1" name="JFBConnect Updates">
            <![CDATA[http://www.sourcecoast.com/updates/jfbconnect.xml]]></server>
    </updateservers>
</extension>
