<?xml version="1.0" encoding="utf-8"?>
<extension type="module" version="2.5" client="site" method="upgrade">
	<name>MOD_SMARTCOUNTDOWN</name>
	<author>Alex Polonski</author>
	<creationDate>2012 - 2013</creationDate>
	<copyright>Copyright (c)2012 Alex Polonski</copyright>
	<license>GNU/GPLv3 http://www.gnu.org/licenses/gpl-3.0.html</license>
	<authorEmail>alex3493@yandex.ru</authorEmail>
	<authorUrl>smartcalc.es</authorUrl>
	<version>2.1</version>
	<description>MOD_SMARTCDPRO_XML_DESCRIPTION</description>
	<files>
		<filename module="mod_smartcountdown">mod_smartcountdown.php</filename>
		<folder>tmpl</folder>
		<folder>helpers</folder>
		<folder>fields</folder>
		<folder>rules</folder>
		<folder>fx</folder>
		<folder>images</folder>
		<folder>plural_js</folder>
		<filename>index.html</filename>
		<filename>mod_smartcountdown.xml</filename>
		<filename>styles.css</filename>
		<filename>smartcdpro.js</filename>
	</files>
	<languages>
		<language tag="en-GB">language/en-GB/en-GB.mod_smartcountdown.ini</language>
		<language tag="ru-RU">language/ru-RU/ru-RU.mod_smartcountdown.ini</language>
        <language tag="es-ES">language/es-ES/es-ES.mod_smartcountdown.ini</language>
		<language tag="en-GB">language/en-GB/en-GB.mod_smartcountdown.sys.ini</language>
	</languages>
	<config>
		<fields name="params">
			<fieldset name="basic">
				<field name="deadline" type="calendar" label="MOD_SMARTCDPRO_DEADLINE_LABEL"
					description="MOD_SMARTCDPRO_DEADLINE_DESC" class="inputbox" size="22"
					format="%Y-%m-%d %H:%M:%S" filter="user_utc" default="now" />
				<field name="hide_zero_fields" type="radio" default="1"
					label="MOD_SMARTCDPRO_HIDE_ZERO_FIELDS_LABEL" description="MOD_SMARTCDPRO_HIDE_ZERO_FIELDS_DESC">
					<option value="1">JYES</option>
					<option value="0">JNO</option>
				</field>
				<field name="show_countdown" type="groupedlist" default="-1"
					label="MOD_SMARTCDPRO_SHOW_COUNTDOWN_LABEL" description="MOD_SMARTCDPRO_SHOW_COUNTDOWN_DESC">
					<option value="-2">MOD_SMARTCDPRO_SHOW_COUNTDOWN_ONLY</option>
					<option value="-1">MOD_SMARTCDPRO_SHOW_BOTH_AUTO</option>
					<option value="0">MOD_SMARTCDPRO_SHOW_COUNTUP_ONLY</option>
					<group label="MOD_SMARTCDPRO_COUNTDOWN_OPTIONS_GROUP">
						<option value="60">MOD_SMARTCDPRO_SHOW_COUNTDOWN_60</option>
						<option value="300">MOD_SMARTCDPRO_SHOW_COUNTDOWN_300</option>
						<option value="900">MOD_SMARTCDPRO_SHOW_COUNTDOWN_900</option>
						<option value="1800">MOD_SMARTCDPRO_SHOW_COUNTDOWN_1800</option>
						<option value="3600">MOD_SMARTCDPRO_SHOW_COUNTDOWN_3600</option>
						<option value="28800">MOD_SMARTCDPRO_SHOW_COUNTDOWN_28800</option>
						<option value="43200">MOD_SMARTCDPRO_SHOW_COUNTDOWN_43200</option>
						<option value="86400">MOD_SMARTCDPRO_SHOW_COUNTDOWN_86400</option>
					</group>
					<group label="MOD_SMARTCDPRO_COUNTUP_OPTIONS_GROUP">
						<option value="-60">MOD_SMARTCDPRO_SHOW_COUNTUP_60</option>
						<option value="-300">MOD_SMARTCDPRO_SHOW_COUNTUP_300</option>
						<option value="-900">MOD_SMARTCDPRO_SHOW_COUNTUP_900</option>
						<option value="-1800">MOD_SMARTCDPRO_SHOW_COUNTUP_1800</option>
						<option value="-3600">MOD_SMARTCDPRO_SHOW_COUNTUP_3600</option>
						<option value="-28800">MOD_SMARTCDPRO_SHOW_COUNTUP_28800</option>
						<option value="-43200">MOD_SMARTCDPRO_SHOW_COUNTUP_43200</option>
						<option value="-86400">MOD_SMARTCDPRO_SHOW_COUNTUP_86400</option>
					</group>
				</field>
				<field name="display_seconds" type="radio" default="1"
					label="MOD_SMARTCDPRO_DISPLAY_SECONDS_LABEL" description="MOD_SMARTCDPRO_DISPLAY_SECONDS_DESC">
					<option value="1">JYES</option>
					<option value="0">JNO</option>
				</field>
				<field name="text_down_def" type="textarea"
					label="MOD_SMARTCDPRO_TEXT_DOWN_DEF_LABEL" description="MOD_SMARTCDPRO_TEXT_DOWN_DEF_DESC"
					rows="8" cols="30" filter="safehtml" />
				<field name="text_up_def" type="textarea"
					label="MOD_SMARTCDPRO_TEXT_UP_DEF_LABEL" description="MOD_SMARTCDPRO_TEXT_UP_DEF_DESC"
					rows="8" cols="30" filter="safehtml" />
				<field name="overload_labels" type="radio" default="0"
					label="MOD_SMARTCDPRO_OVERLOAD_LABELS_LABEL" description="MOD_SMARTCDPRO_OVERLOAD_LABELS_DESC">
					
					<option value="1">JYES</option>
					<option value="0">JNO</option>
				</field>
				<field name="overload_labels_tpl" type="text" default="" filter="raw"
					label="MOD_SMARTCDPRO_OVERLOAD_LABELS_TPL_LABEL"
					description="MOD_SMARTCDPRO_OVERLOAD_LABELS_TPL_DESC" />
				<field name="separator_image" type="media" default=""
					label="MOD_SMARTCDPRO_SEPARATOR_IMAGE_LABEL"
					description="MOD_SMARTCDPRO_SEPARATOR_IMAGE_DESC" />
				<field name="separator_blink" type="radio" default="0"
					label="MOD_SMARTCDPRO_SEPARATOR_BLINK_LABEL"
					description="MOD_SMARTCDPRO_SEPARATOR_BLINK_DESC">
					
					<option value="0">JNO</option>
					<option value="1">JYES</option>
				</field>
				<field name="js_library" type="list" default=""
					label="MOD_SMARTCDPRO_JS_LIBRARY_LABEL"		
					description="MOD_SMARTCDPRO_JS_LIBRARY_DESC">
					
					<option value="">MOD_SMARTCDPRO_JS_LIBRARY_AUTODETECT</option>
					<option value="1">MOD_SMARTCDPRO_JS_LIBRARY_MOOTOOLS</option>
					<option value="2">MOD_SMARTCDPRO_JS_LIBRARY_JQUERY</option>	
				</field>
			</fieldset>
			<fieldset name="redirection">
				<field name="event_goto" type="radio" default="0"
					label="MOD_SMARTCDPRO_EVENT_GOTO_LABEL" description="MOD_SMARTCDPRO_EVENT_GOTO_DESC">
					<option value="1">JYES</option>
					<option value="0">JNO</option>
				</field>
				<field name="event_goto_menu" type="menuitem" default=""
					label="MOD_SMARTCDPRO_EVENT_GOTO_MENU_LABEL" description="MOD_SMARTCDPRO_EVENT_GOTO_MENU_DESC" />
				<field name="event_goto_url" type="url" default="" filter="url" size="50"
					label="MOD_SMARTCDPRO_EVENT_GOTO_URL_LABEL" description="MOD_SMARTCDPRO_EVENT_GOTO_URL_DESC" />
			</fieldset>
			<fieldset name="layout">
				<field name="text_position" type="list" default="top"
					label="MOD_SMARTCDPRO_TEXT_POSITION_LABEL"
					description="MOD_SMARTCDPRO_TEXT_POSITION_DESC">
					<option value="top">MOD_SMARTCDPRO_POSITION_OPTION_TOP</option>
					<option value="left">MOD_SMARTCDPRO_POSITION_OPTION_LEFT</option>
					<option value="bottom">MOD_SMARTCDPRO_POSITION_OPTION_BOTTOM</option>
					<option value="right">MOD_SMARTCDPRO_POSITION_OPTION_RIGHT</option>
				</field>
				<field name="counter_layout" type="radio" default="column"
					label="MOD_SMARTCDPRO_COUNTER_LAYOUT_LABEL"
					description="MOD_SMARTCDPRO_COUNTER_LAYOUT_DESC">
					<option value="column">MOD_SMARTCDPRO_COUNTER_LAYOUT_OPTION_COLUMN</option>
					<option value="row">MOD_SMARTCDPRO_COUNTER_LAYOUT_OPTION_ROW</option>
				</field>
				<field name="global_center" type="radio" default="1"
					label="MOD_SMARTCDPRO_GLOBAL_CENTER_LABEL"
					description="MOD_SMARTCDPRO_GLOBAL_CENTER_DESC">
					<option value="1">JYES</option>
					<option value="0">JNO</option>
				</field>
				<field name="text_spacing" type="integer"
					label="MOD_SMARTCDPRO_TEXT_SPACING_LABEL" description="MOD_SMARTCDPRO_TEXT_SPACING_DESC"
					first="0" last="30" step="2" default="6" />
				<field name="units_spacing" type="integer"
					label="MOD_SMARTCDPRO_UNITS_SPACING_LABEL" description="MOD_SMARTCDPRO_UNITS_SPACING_DESC"
					first="0" last="20" step="2" default="4" />
				<field name="numbers_lables_spacing" type="integer"
					label="MOD_SMARTCDPRO_NUMBERS_LABELS_SPACING_LABEL" description="MOD_SMARTCDPRO_NUMBERS_LABELS_SPACING_DESC"
					first="0" last="30" step="1" default="8" />
			</fieldset>
			<fieldset name="styles">
				<field name="module_width" type="text" filter="integer"
					default="" size="4" label="MOD_SMARTCDPRO_MODULE_WIDTH_LABEL"
					description="MOD_SMARTCDPRO_MODULE_WIDTH_DESC" />
				<field name="module_padding" type="text" filter="integer"
					default="" size="4" label="MOD_SMARTCDPRO_MODULE_PADDING_LABEL"
					description="MOD_SMARTCDPRO_MODULE_PADDING_DESC" />
				<field name="module_background" type="text"
					label="MOD_SMARTCDPRO_MODULE_BACKGROUND_LABEL" description="MOD_SMARTCDPRO_MODULE_BACKGROUND_DESC"
					size="50" class="inputbox" />
				<field name="event_text_size" type="integer"
					label="MOD_SMARTCDPRO_EVENT_TEXT_SIZE_LABEL" description="MOD_SMARTCDPRO_EVENT_TEXT_SIZE_DESC"
					first="10" last="50" step="1" default="20" />
				<field name="labels_position" type="list" default="right"
					label="MOD_SMARTCDPRO_LABELS_POSITION_LABEL"
					description="MOD_SMARTCDPRO_LABELS_POSITION_DESC">
					<option value="top">MOD_SMARTCDPRO_POSITION_OPTION_TOP</option>
					<option value="left">MOD_SMARTCDPRO_POSITION_OPTION_LEFT</option>
					<option value="bottom">MOD_SMARTCDPRO_POSITION_OPTION_BOTTOM</option>
					<option value="right">MOD_SMARTCDPRO_POSITION_OPTION_RIGHT</option>
				</field>
				<field name="labels_vert_pos" type="list" default="middle"
					label="MOD_SMARTCDPRO_LABELS_VERT_POS_LABEL"
					description="MOD_SMARTCDPRO_LABELS_VERT_POS_DESC">
					<option value="middle">MOD_SMARTCDPRO_LABELS_VERT_POS_OPTION_MIDDLE</option>
					<option value="top">MOD_SMARTCDPRO_LABELS_VERT_POS_OPTION_TOP</option>
					<option value="bottom">MOD_SMARTCDPRO_LABELS_VERT_POS_OPTION_BOTTOM</option>
					<option value="superscript">MOD_SMARTCDPRO_LABELS_VERT_POS_OPTION_SUPERSCRIPT</option>
					<option value="subscript">MOD_SMARTCDPRO_LABELS_VERT_POS_OPTION_SUBSCRIPT</option>
				</field>
				<field name="scale_by" type="list" label="COM_SMARTDCPRO_SCALE_BY_LABEL"
					description="COM_SMARTDCPRO_SCALE_BY_DESC" default="0.6">
					<option value="0.2">20%</option>
					<option value="0.25">25%</option>
					<option value="0.3">30%</option>
					<option value="0.35">35%</option>
					<option value="0.4">40%</option>
					<option value="0.45">45%</option>
					<option value="0.5">50%</option>
					<option value="0.55">55%</option>
					<option value="0.6">60%</option>
					<option value="0.65">65%</option>
					<option value="0.7">70%</option>
					<option value="0.75">75%</option>
					<option value="0.8">80%</option>
					<option value="0.85">85%</option>
					<option value="0.9">90%</option>
					<option value="0.95">95%</option>
					<option value="1.0">100%</option>
					<option value="1.05">105%</option>
					<option value="1.1">110%</option>
					<option value="1.15">115%</option>
					<option value="1.2">120%</option>
					<option value="1.25">125%</option>
					<option value="1.3">130%</option>
					<option value="1.35">135%</option>
					<option value="1.4">140%</option>
					<option value="1.45">145%</option>
					<option value="1.5">150%</option>
				</field>
				<field name="labels_size" type="integer"
					label="MOD_SMARTCDPRO_LABELS_SIZE_LABEL" description="MOD_SMARTCDPRO_LABELS_SIZE_DESC"
					first="10" last="50" step="1" default="16" />
				<field name="event_text_style" type="text"
					label="MOD_SMARTCDPRO_EVENT_TEXT_STYLE_LABEL" description="MOD_SMARTCDPRO_EVENT_TEXT_STYLE_DESC"
					size="50" class="inputbox" />
				<field name="counter_style" type="text"
					label="MOD_SMARTCDPRO_COUNTER_STYLE_LABEL" description="MOD_SMARTCDPRO_COUNTER_STYLE_DESC"
					size="50" class="inputbox" />	
				<field name="digits_style" type="text"
					label="MOD_SMARTCDPRO_DIGITS_STYLE_LABEL" description="MOD_SMARTCDPRO_DIGITS_STYLE_DESC"
					size="50" class="inputbox" />
				<field name="min_days_width" label="MOD_SMARTCDPRO_MIN_DAYS_WIDTH_LABEL" description="MOD_SMARTCDPRO_MIN_DAYS_WIDTH_DESC"
					size="3" default="" class="inputbox" />
				<field name="labels_style" type="text"
					label="MOD_SMARTCDPRO_LABELS_STYLE_LABEL" description="MOD_SMARTCDPRO_LABELS_STYLE_DESC"
					size="50" class="inputbox" />
			</fieldset>
			<fieldset name="animation" addfieldpath="modules/mod_smartcountdown/fields"
				addrulepath="modules/mod_smartcountdown/rules">
				<field name="digits_config" type="config" defalut=""
					label="MOD_SMARTCDPRO_CONFIG_LABEL" description="MOD_SMARTCDPRO_CONFIG_DESC">
					<option value="">MOD_SMARTCDPRO_CONFIG_OPTION_CUSTOM</option>
				</field>
				<field name="preview_mode" type="radio" label="COM_SMARTDCPRO_PREVIEW_MODE_LABEL"
					description="COM_SMARTDCPRO_PREVIEW_MODE_DESC" default="down">
					<option value="down">MOD_SMARTCDPRO_PREVIEW_MODE_OPTION_DOWN</option>
					<option value="up">MOD_SMARTCDPRO_PREVIEW_MODE_OPTION_UP</option>
				</field>
				<field name="preview" type="preview" label="COM_SMARTDCPRO_DIGIT_PREVIEW_LABEL"
					description="COM_SMARTDCPRO_DIGIT_PREVIEW_DESC" />
				<field name="digits_xml" type="customconfig" label="COM_SMARTDCPRO_DIGITS_XML_LABEL"
					description="COM_SMARTDCPRO_DIGITS_XML_DESC" rows="20" cols="32" filter="raw" 
					validate="digitsxml" class="clear" />
			</fieldset>
			<fieldset name="advanced">
				<field name="layout" type="modulelayout" label="JFIELD_ALT_LAYOUT_LABEL"
					description="JFIELD_ALT_MODULE_LAYOUT_DESC" />
				<field name="moduleclass_sfx" type="text"
					label="COM_MODULES_FIELD_MODULECLASS_SFX_LABEL" description="COM_MODULES_FIELD_MODULECLASS_SFX_DESC" />
			</fieldset>
		</fields>
	</config>
    <updateservers>
		<server type="extension" priority="1" name="SmartCountdown Update Site">http://smartcalc.es/updates/smartcountdown-update.xml</server>
	</updateservers>
</extension>
