<?xml version="1.0" encoding="utf-8"?>
<extension 
	type="module" 
	version="2.5.0" 
	method="upgrade">
	
	<name>DM J2Store Cart</name>
	<author>DM Digital</author>
	<creationDate>Jan 2013</creationDate>
	<copyright>All rights reserved by DM Digital - www.dmdigital.net</copyright>
	<license>GNU/LGPL http://www.gnu.org/licenses/lgpl-3.0-standalone.html</license>
	<authorEmail>support@dmjoomlaextensions.com</authorEmail>
	<authorUrl>www.dmjoomlaextensions.com</authorUrl>
	<version>1.1.2</version>
	<description>An alternative cart module for J2Store. Currency options are loaded from the component configuration.</description>
	
	<files>
		<filename module="mod_dmj2storecart">mod_dmj2storecart.php</filename>
		<filename>style.css</filename>
		<filename>cartjs.js</filename>
		<filename>index.html</filename>
		<folder>helpers</folder>
		<folder>tmpl</folder>
	</files>
	
    <languages folder="language">
		<language tag="en-GB">en-GB.mod_dmj2storecart.ini</language>
		<language tag="en-GB">en-GB.mod_dmj2storecart.sys.ini</language>
    </languages>
	
	<config>
		<fields name="params">
		
			<fieldset name="basic">
				
				<field 	name="moduleclass_sfx" type="text" default="" 
						label="MOD_DMJ2STORECART_PARAMMODULECLASSSUFFIX_LABEL" 
						description="MOD_DMJ2STORECART_PARAMMODULECLASSSUFFIX_DESC" />
						
				<field 	name="link_text" type="text" default="View Cart" 
						label="MOD_DMJ2STORECART_PARAMLINKTEXT_LABEL" 
						description="MOD_DMJ2STORECART_PARAMLINKTEXT_DESC" />
				
				<field 	name="showthumb" type="list" default="1" 
	    	    		label="MOD_DMJ2STORECART_PARAMSHOWTHUMB_LABEL" 
	    	    		description="MOD_DMJ2STORECART_PARAMSHOWTHUMB_DESC" >
	    	    	<option value="1">Yes</option>
	    	    	<option value="0">No</option>
	    	    </field>
				
				<field 	name="include_jquery" type="list" default="1" 
	    	    		label="MOD_DMJ2STORECART_PARAMINCLUDEJQUERY_LABEL" 
	    	    		description="MOD_DMJ2STORECART_PARAMINCLUDEJQUERY_DESC" >
	    	    	<option value="1">Yes</option>
	    	    	<option value="0">No</option>
	    	    </field>
				
			</fieldset>
		
		</fields>
	</config>
	
</extension>