<?xml version="1.0" encoding="UTF-8" ?>
<extension type="package" version="1.6">
<name>العربية</name>
<packagename>ar-AA</packagename>
<version>1.6</version>
<url></url>
<packager></packager>
<packagerurl></packagerurl>
<description><![CDATA[
  <div align="center">
    <table border="0" width="90%">
	    <tr>
		    <td width="100%" colspan="2">
		      <div align="center"> <a href="http://rsjoomla.com" target="_blank"><img border="0" src="http://www.rsjoomla.com/templates/rsjoomla/img/logo.png" alt="RSJoomla.com" /></a>
				<h3> ملفات اللغة للتطبيق RSForm!Pro الإصدار  30:</h3>
		      </div>
		      <hr />
		    </td>
	    </tr>
	    <tr>
		    <td width="18%"><u><b>اللغة:</b></u></td>
		    <td width="80%">العربية</td>
	    </tr>
	    <tr>
		    <td width="18%"><u><b>المحتوى:</b></u></td>
		    <td width="80%">المشرف (واجهة الإدارة) والموقع (واجهة المستخدم)</td>
	    </tr>
	    <tr>
		    <td width="18%"><u><b>الناشر:</b></u></td>
		    <td width="80%">rsjoomla.com</td>
	    </tr>
	    <tr>
		    <td width="18%"><u><b>الموقع:</b></u></td>
		    <td width="80%"><a href="http://www.rsjoomla.com" target="_blank">http://www.rsjoomla.com</a></td>
	    </tr>
	    <tr>
		    <td width="18%"><u><b>الإصدار:</b></u></td>
		    <td width="80%">3.0.0 Rev 31</td>
	    </tr>
	    <tr>
		    <td width="100%" colspan="2">
		      <p align="center"><b><font color="#008000">انظر صفحة التحميلات على موقع RSJoomla! لتحديثات الترجمة لهذا التطبيق.</font></b></td>
	    </tr>
    </table>
  </div>]]></description>
<files>
    <file type="language" client="site" id="ar-AA">site</file>
    <file type="language" client="administrator" id="ar-AA">admin</file>
</files>
</extension>