<?xml version="1.0" encoding="utf-8" ?>
<install version="1.6" client="site" type="language" method="upgrade">
 <author>rsjoomla.com</author>
 <authorEmail>support@rsjoomla.com</authorEmail>
 <authorUrl>http://www.rsjoomla.com</authorUrl>
 <copyright>Copyright (C) 2007 - 2011 RSJoomla.com</copyright>
 <creationDate>2011-06-22</creationDate>
 <description></description>
 <license>http://www.gnu.org/licenses/gpl-2.0.html GNU/GPL</license>
 <name>French</name>
 <tag>fr-FR</tag>
 
 <version>1.4.0</version>
	<files folder="../">
		  <filename>fr-FR.com_rsform.ini</filename>
    </files>
</install>
