<?xml version="1.0" encoding="utf-8"?>
<install version="1.6" type="module">
	<name>MOD_CACHECLEANER</name>
	<description>MOD_CACHECLEANER_DESC</description>
	<version>1.11.3</version>
	<creationDate>November 2011</creationDate>
	<author>NoNumber! (Peter van Westen)</author>
	<authorEmail>peter@nonumber.nl</authorEmail>
	<authorUrl>http://www.nonumber.nl</authorUrl>
	<copyright>Copyright © 2011 NoNumber! All Rights Reserved</copyright>
	<license>http://www.gnu.org/licenses/gpl-2.0.html GNU/GPL</license>

	<files>
		<filename module="mod_cachecleaner">mod_cachecleaner.php</filename>
		<folder>cachecleaner</folder>
	</files>

	<!-- Parameters -->
	<config>
		<fields name="params" addfieldpath="/plugins/system/nnframework/fields">
			<fieldset name="basic">
				<field name="@loadlanguage" type="nn_loadlanguage" extension="mod_cachecleaner" admin="1" />
				<field name="@license" type="nn_license" extension="CACHE_CLEANER" />
				<field name="@version" type="nn_version" extension="CACHE_CLEANER" xml="administrator/modules/mod_cachecleaner/mod_cachecleaner.xml" />
				<field name="@dependency" type="nn_dependency"
					label="CC_THE_SYSTEM_PLUGIN"
					file="/plugins/system/cachecleaner/cachecleaner.php" />
				<field name="@header" type="nn_header"
					label="CACHE_CLEANER"
					description="CACHE_CLEANER_DESC"
					image="/administrator/modules/mod_cachecleaner/cachecleaner/images/logo.png"
					image_w="60" image_h="80"
					url="http://www.nonumber.nl/cachecleaner"
					help_url="http://www.nonumber.nl/cachecleaner" />

				<field name="display_link" type="radio" default="both" label="NN_DISPLAY_LINK" description="NN_DISPLAY_LINK_DESC">
					<option value="icon">NN_ICON_ONLY</option>
					<option value="text">NN_TEXT_ONLY</option>
					<option value="both">NN_BOTH</option>
				</field>
				<field name="@toggler_link_a" type="nn_toggler" param="display_link" value="text,both" />
					<field name="icon_text" type="text" default="Clean Cache" label="NN_LINK_TEXT" description="NN_LINK_TEXT_DESC" />
				<field name="@toggler_link_b" type="nn_toggler" />
				<field name="display_tooltip" type="radio" default="1" label="NN_DISPLAY_TOOLTIP" description="NN_DISPLAY_TOOLTIP_DESC">
					<option value="0">JNO</option>
					<option value="1">JYES</option>
				</field>
				<field name="show_purge" type="radio" default="1" label="CC_DISPLAY_PURGE_CACHE" description="CC_DISPLAY_LINK_DESC">
					<option value="0">JNO</option>
					<option value="1">JYES</option>
				</field>
				<field name="show_checkin" type="radio" default="1" label="CC_DISPLAY_CHECK_IN" description="CC_DISPLAY_LINK_DESC">
					<option value="0">JNO</option>
					<option value="1">JYES</option>
				</field>
			</fieldset>
		</fields>
	</config>
</install>