<?xml version="1.0" encoding="utf-8"?>
<extension version="2.5" type="plugin" group="editors-xtd" method="upgrade">
    <name>plg_editors-xtd_admirorbutton</name>
    <author>Igor Kekeljevic and Nikola Vasiljevski</author>
    <creationDate>05/05/2012</creationDate>	
    <copyright>This extension in released under the GNU/GPL License - http://www.gnu.org/copyleft/gpl.html</copyright>
    <authorEmail></authorEmail>
    <authorUrl>http://www.admiror-design-studio.com</authorUrl>
    <version>4.5.0</version>
    <description></description>
    <files>
        <filename plugin="admirorbutton">admirorbutton.php</filename>
        <filename>index.html</filename>
    </files>
    <languages folder="language">
            <language tag="en-GB">en-GB/en-GB.plg_editors-xtd_admirorbutton.ini</language>
            <language tag="en-GB">en-GB/en-GB.plg_editors-xtd_admirorbutton.sys.ini</language>
    </languages>
    <params />
</extension>
