<?xml version="1.0" encoding="utf-8"?>
<extension version="1.6" type="plugin" group="system" method="upgrade">
    <name>plg_system_jch_optimize</name>
    <author>Samuel Marshall</author>
    <creationDate>March 2010</creationDate>
    <copyright>Copyright (C) 2010 Samuel Marshall. All rights reserved.</copyright>
    <license>GNU/GPLv3 http://www.gnu.org/copyleft/gpl.html</license>
    <authorEmail>sdmarshall73@gmail.com</authorEmail>
    <authorUrl>http://jch-optimize.sourceforge.net</authorUrl>
    <version>2.1.1</version>
    <description>JCH_OPTIMIZE_DESCRIPTION</description>
    <files>
        <filename plugin="jch_optimize">jch_optimize.php</filename>
        <filename>index.html</filename>
        <folder>libs</folder>
    </files>
    <languages folder="language">
        <language tag="en-GB">en-GB/en-GB.plg_system_jch_optimize.ini</language>
        <language tag="en-GB">en-GB/en-GB.plg_system_jch_optimize.sys.ini</language>
        <language tag="lv-LV">lv-LV/lv-LV.plg_system_jch_optimize.ini</language>
        <language tag="lv-LV">lv-LV/lv-LV.plg_system_jch_optimize.sys.ini</language>
        <language tag="sr-YU">sr-YU/sr-YU.plg_system_jch_optimize.ini</language>
        <language tag="sr-YU">sr-YU/sr-YU.plg_system_jch_optimize.sys.ini</language>
        <language tag="sr-RS">sr-RS/sr-RS.plg_system_jch_optimize.ini</language>
        <language tag="sr-RS">sr-RS/sr-RS.plg_system_jch_optimize.sys.ini</language>
    </languages>
    <updateservers>
   <server type="extension" priority="2" name="JCH Optimize Updates">https://sourceforge.net/projects/jch-optimize/files/updateserver/extension.xml</server>
</updateservers>
	
    <config>
        <fields name="params">
            <fieldset name="basic">
                <field name="css" type="radio" default="1" label="CSS_LABEL" description="CSS_DESCRIPTION">
                    <option value="0">JNO</option>
                    <option value="1">JYES</option>
                </field>
                <field name="import" type="radio" default="0" label="IMPORT_LABEL" description="IMPORT_DESCRIPTION">
                    <option value="0">JNO</option>
                    <option value="1">JYES</option>
                </field>
                <field name="javascript" type="radio" default="1" label="JAVASCRIPT_LABEL" description="JAVASCRIPT_DESCRIPTION">
                    <option value="0">JNO</option>
                    <option value="1">JYES</option>
                </field>
                <field name="gzip" type="radio" default="0" label="GZIP_LABEL" description="GZIP_DESCRIPTION">
                    <option value="0">JNO</option>
                    <option value="1">JYES</option>
                </field>
                <field name="css_minify" type="radio" default="0" label="COMPRESS_CSS" description="COMPRESS_CSS_DESCRIPTION">
                    <option value="0">JNO</option>
                    <option value="1">JYES</option>
                </field>
                <field name="js_minify" type="radio" default="0" label="COMPRESS_JAVASCRIPT" description="COMPRESS_JAVASCRIPT_DESCRIPTION">
                    <option value="0">JNO</option>
                    <option value="1">JYES</option>
                </field>
                <field name="html_minify" type="radio" default="0" label="COMPRESS_HTML" description="COMPRESS_HTML_DESCRIPTION">
                    <option value="0">JNO</option>
                    <option value="1">JYES</option>
                </field>
                <field name="defer_js" type="radio" default="0" label="DEFER_JS" description="DEFER_JS_DESCRIPTION">
                    <option value="0">JNO</option>
                    <option value="1">JYES</option>
                </field>
                <field name="bottom_js" type="list" default="2" label="POSITION_JS_LABEL" description="POSITION_JS_DESCRIPTION">
                    <option value="0">FIRST_FOUND_JAVASCRIPT_TAG</option>
                    <option value="2">LAST_FOUND_JAVASCRIPT_TAG</option>
                    <option value="1">BOTTOM_OF_PAGE</option>
                </field>
                <field name="lifetime" type="text" default="30" label="LIFETIME_LABEL" description="LIFETIME_DESCRIPTION" size="6" ></field>
            </fieldset>
            <fieldset name="advanced">
                <field name="excludeAllExtensions" type="radio" default="1" label="EXCLUDE_ALL_EXTENSIONS_LABEL" description="EXCLUDE_ALL_EXTENSIONS_DESCRIPTION">
                    <option value="0">JNO</option>
                    <option value="1">JYES</option>
                </field>
                <field name="excludeCss" type="textarea"  rows="3" default="" cols="20" label="EXCLUDE_CSS_LABEL" description="EXCLUDE_CSS_DESCRIPTION"></field>
                <field name="excludeJs" type="textarea" rows="3" default="" cols="20" label="EXCLUDE_JS_LABEL" description="EXCLUDE_JS_DESCRIPTION"></field>
                <field name="excludeComponents" type="textarea" rows="3" default="" cols="20" label="EXCLUDE_COMPONENTS_LABEL" description="EXCLUDE_COMPONENTS_DESCRIPTION"></field>
                <field name="jqueryNOConflict" type="radio" default="1" label="JQUERY_NO_CONFLICT_LABEL" description="JQUERY_NO_CONFLICT_DESCRIPTION">
                    <option value="0">JNO</option>
                    <option value="1">JYES</option>
                </field>
                <field name="jquery" type="text" default="jquery.js" label="JQUERY_LABEL" description="JQUERY_DESCRIPTION"></field>
                <field name="customOrder" type="textarea" rows="3" cols="20" default="mootools.js,jquery.js,jquery.innerfade.js" label="JS_CUSTOM_ORDER_LABEL" description="JS_CUSTOM_ORDER_DESCRIPTON"></field>
                <field name="htaccess" type="radio" default="0" label="HTACCESS_LABEL" description="HTACCESS_DESCRIPTION">
                    <option value="0">JNO</option>
                    <option value="1">JYES</option>
                </field>
            </fieldset>
            <fieldset name="SPRITE">
                <field name="csg_enable" type="radio" default="0" label="SPRITE_ENABLE_LABEL" description="SPRITE_ENABLE_DESCRIPTION">
                    <option value="0">JNO</option>
                    <option value="1">JYES</option>
                </field>
                <field name="csg_file_output" type="list" default="PNG" label="FILE_OUTPUT_LABEL" description="FILE_OUTPUT_DESCRIPTION">
                    <option value="PNG">PNG</option>
                    <option value="GIF">GIF</option>
                </field>
                <field name="csg_min_max_images" type="list" default="0" label="MIN_MAX_IMAGES_LABEL" description="MIN_MAX_IMAGES_DESCRIPTION">
                    <option value="0">MINIMUM</option>
                    <option value="1">MAXIMUM</option>
                </field>
                <field name="csg_direction" type="list" default="vertical" label="SPRITE_DIRECTION_LABEL" description="SPRITE_DIRECTION_DESCRIPTION">
                    <option value="vertical">VERTICAL</option>
                    <option value="horizontal">HORIZONTAL</option>
                </field>
                <field name="csg_wrap_images" type="radio" default="off" label="WRAP_IMAGES_LABEL" description="WRAP_IMAGES_DESCRIPTION">
                    <option value="off">JNO</option>
                    <option value="on">JYES</option>
                </field>
                <field name="csg_include_images" type="textarea"  rows="3" default="" cols="20" label="INCLUDE_IMAGES_LABEL" description="INCLUDE_IMAGES_DESCRIPTION"></field>
                <field name="csg_exclude_images" type="textarea"  rows="3" default="" cols="20" label="EXCLUDE_IMAGES_LABEL" description="EXCLUDE_IMAGES_DESCRIPTION"></field>
            </fieldset>
        </fields>
    </config>
</extension>