<?xml version="1.0" encoding="UTF-8"?>
<!-- generator="FeedCreator 1.7.3" -->
<?xml-stylesheet href="http://www.w3.org/2000/08/w3c-synd/style.css" type="text/css"?>
<rss version="2.0">
	<channel>
		<title>http://localhost/joomla31/ - Newest Hotspots</title>
		<description>New Hotspots at http://localhost/joomla31/</description>
		<link>http://localhost/joomla31/</link>
		<lastBuildDate>Sun, 14 Jul 2013 11:09:52 +0100</lastBuildDate>
        <generator>FeedCreator 1.7.3</generator>
		<image>
			<url>http://localhost/joomla31/media/com_hotspots/images/utils/logo.jpg</url>
			<title>http://localhost/joomla31/ Hotspots</title>
			<link>http://localhost/joomla31/</link>
			<description>Feed provided by http://localhost/joomla31/. Click to visit</description>
		</image>
		<item>
			<title>test 3</title>
			<link>http://localhost/joomla31/index.php?option=com_hotspots&amp;view=hotspot&amp;catid=1:education&amp;id=100376:test-3&amp;Itemid=129</link>
			<description>20A Mühltalstraße, 69221 Dossenheim&lt;br /&gt;Germany&lt;br /&gt;&lt;br /&gt;test</description>
			<author>Daniel D</author>
			<pubDate>Mon, 22 Apr 2013 08:37:31 +0100</pubDate>
		</item>
		<item>
			<title>test jomsocial</title>
			<link>http://localhost/joomla31/index.php?option=com_hotspots&amp;view=hotspot&amp;catid=3:culture-1&amp;id=100375:test-jomsocial&amp;Itemid=129</link>
			<description>Mannheimer Straße 29, 68723 Schwetzingen&lt;br /&gt;Germany&lt;br /&gt;&lt;br /&gt;&lt;p&gt;test&lt;/p&gt;</description>
			<author>admin</author>
			<pubDate>Tue, 11 Dec 2012 15:01:08 +0100</pubDate>
		</item>
		<item>
			<title>test jomsocial</title>
			<link>http://localhost/joomla31/index.php?option=com_hotspots&amp;view=hotspot&amp;catid=3:culture-1&amp;id=100374:test-jomsocial&amp;Itemid=129</link>
			<description>Mannheimer Straße 29, 68723 Schwetzingen&lt;br /&gt;Germany&lt;br /&gt;&lt;br /&gt;&lt;p&gt;test&lt;/p&gt;</description>
			<author>admin</author>
			<pubDate>Tue, 11 Dec 2012 14:59:45 +0100</pubDate>
		</item>
		<item>
			<title>test jomsocial</title>
			<link>http://localhost/joomla31/index.php?option=com_hotspots&amp;view=hotspot&amp;catid=3:culture-1&amp;id=100373:test-jomsocial&amp;Itemid=129</link>
			<description>Mannheimer Straße 29, 68723 Schwetzingen&lt;br /&gt;Germany&lt;br /&gt;&lt;br /&gt;&lt;p&gt;test&lt;/p&gt;</description>
			<author>admin</author>
			<pubDate>Tue, 11 Dec 2012 14:59:06 +0100</pubDate>
		</item>
		<item>
			<title>test jomsocial</title>
			<link>http://localhost/joomla31/index.php?option=com_hotspots&amp;view=hotspot&amp;catid=3:culture-1&amp;id=100372:test-jomsocial&amp;Itemid=129</link>
			<description>Mannheimer Straße 29, 68723 Schwetzingen&lt;br /&gt;Germany&lt;br /&gt;&lt;br /&gt;&lt;p&gt;test&lt;/p&gt;</description>
			<author>admin</author>
			<pubDate>Tue, 11 Dec 2012 14:58:47 +0100</pubDate>
		</item>
		<item>
			<title>test jomsocial</title>
			<link>http://localhost/joomla31/index.php?option=com_hotspots&amp;view=hotspot&amp;catid=3:culture-1&amp;id=100371:test-jomsocial&amp;Itemid=129</link>
			<description>Mannheimer Straße 29, 68723 Schwetzingen&lt;br /&gt;Germany&lt;br /&gt;&lt;br /&gt;&lt;p&gt;test&lt;/p&gt;</description>
			<author>admin</author>
			<pubDate>Tue, 11 Dec 2012 14:57:43 +0100</pubDate>
		</item>
		<item>
			<title>test jomsocial</title>
			<link>http://localhost/joomla31/index.php?option=com_hotspots&amp;view=hotspot&amp;catid=3:culture-1&amp;id=100370:test-jomsocial&amp;Itemid=129</link>
			<description>Mannheimer Straße 29, 68723 Schwetzingen&lt;br /&gt;Germany&lt;br /&gt;&lt;br /&gt;&lt;p&gt;test&lt;/p&gt;</description>
			<author>admin</author>
			<pubDate>Tue, 11 Dec 2012 14:57:19 +0100</pubDate>
		</item>
		<item>
			<title>test jomsocial</title>
			<link>http://localhost/joomla31/index.php?option=com_hotspots&amp;view=hotspot&amp;catid=3:culture-1&amp;id=100369:test-jomsocial&amp;Itemid=129</link>
			<description>Mannheimer Straße 29, 68723 Schwetzingen&lt;br /&gt;Germany&lt;br /&gt;&lt;br /&gt;&lt;p&gt;test&lt;/p&gt;</description>
			<author>admin</author>
			<pubDate>Tue, 11 Dec 2012 14:56:53 +0100</pubDate>
		</item>
		<item>
			<title>test jomsocial</title>
			<link>http://localhost/joomla31/index.php?option=com_hotspots&amp;view=hotspot&amp;catid=3:culture-1&amp;id=100368:test-jomsocial&amp;Itemid=129</link>
			<description>Mannheimer Straße 29, 68723 Schwetzingen&lt;br /&gt;Germany&lt;br /&gt;&lt;br /&gt;&lt;p&gt;test&lt;/p&gt;</description>
			<author>admin</author>
			<pubDate>Tue, 11 Dec 2012 14:56:18 +0100</pubDate>
		</item>
		<item>
			<title>Test jomsocial</title>
			<link>http://localhost/joomla31/index.php?option=com_hotspots&amp;view=hotspot&amp;catid=3:culture-1&amp;id=100367:test-jomsocial&amp;Itemid=129</link>
			<description>Mannheimer Straße 29, 68723 Schwetzingen&lt;br /&gt;Germany&lt;br /&gt;&lt;br /&gt;test jomsocial</description>
			<author>Daniel</author>
			<pubDate>Tue, 11 Dec 2012 14:53:41 +0100</pubDate>
		</item>
		<item>
			<title>new test</title>
			<link>http://localhost/joomla31/index.php?option=com_hotspots&amp;view=hotspot&amp;catid=1:education&amp;id=100366:new-test&amp;Itemid=129</link>
			<description> D244, 67160 Wissembourg&lt;br /&gt;France&lt;br /&gt;&lt;br /&gt;test</description>
			<author>Daniel</author>
			<pubDate>Sat, 17 Nov 2012 08:49:33 +0100</pubDate>
		</item>
		<item>
			<title>dsafdfaf</title>
			<link>http://localhost/joomla31/index.php?option=com_hotspots&amp;view=hotspot&amp;catid=3221:test-new-cat&amp;id=100347:dsafdfaf&amp;Itemid=129</link>
			<description>Grandvilliers , 28150 Viabon&lt;br /&gt;France&lt;br /&gt;&lt;br /&gt;&lt;p&gt;sdfafdsaf&lt;/p&gt;</description>
			<author>Super User</author>
			<pubDate>Tue, 14 Aug 2012 11:14:49 +0100</pubDate>
		</item>
		<item>
			<title>dsaf safa sfas</title>
			<link>http://localhost/joomla31/index.php?option=com_hotspots&amp;view=hotspot&amp;catid=3221:test-new-cat&amp;id=100346:dsaf-safa-sfas&amp;Itemid=129</link>
			<description>Carrer de la Serra de ses Pasteretes , 07184 Calvià&lt;br /&gt;Spain&lt;br /&gt;&lt;br /&gt;&lt;p&gt;sdf asf as f&lt;/p&gt;</description>
			<author>Super User</author>
			<pubDate>Tue, 14 Aug 2012 11:13:38 +0100</pubDate>
		</item>
		<item>
			<title>it is not a bug, it is a feature</title>
			<link>http://localhost/joomla31/index.php?option=com_hotspots&amp;view=hotspot&amp;catid=3221:test-new-cat&amp;id=100345:it-is-not-a-bug-it-is-a-feature&amp;Itemid=129</link>
			<description>,  &lt;br /&gt;&lt;br /&gt;&lt;br /&gt;&lt;p&gt;It is not a bug, it is a feature!&lt;/p&gt;
&lt;p&gt;&lt;br /&gt;It is not a bug, it is a feature!&lt;/p&gt;
&lt;p&gt;It is not a bug, it is a feature!&lt;/p&gt;</description>
			<author>Daniel D</author>
			<pubDate>Fri, 03 Aug 2012 07:14:07 +0100</pubDate>
		</item>
		<item>
			<title>test utc</title>
			<link>http://localhost/joomla31/index.php?option=com_hotspots&amp;view=hotspot&amp;catid=3221:test-new-cat&amp;id=100342:test-utc&amp;Itemid=129</link>
			<description>Rue des Alluets , 78920 Les Alluets-le-Roi&lt;br /&gt;France&lt;br /&gt;&lt;br /&gt;test</description>
			<author>tester</author>
			<pubDate>Mon, 16 Jul 2012 07:41:46 +0100</pubDate>
		</item>
		<item>
			<title>Do the webinar!</title>
			<link>http://localhost/joomla31/index.php?option=com_hotspots&amp;view=hotspot&amp;catid=3221:test-new-cat&amp;id=100341:do-the-webinar&amp;Itemid=129</link>
			<description>Voie des Postes 65-89, 91620 La Ville-du-Bois&lt;br /&gt;France&lt;br /&gt;&lt;br /&gt;&lt;p&gt;test&lt;/p&gt;</description>
			<author>Daniel D</author>
			<pubDate>Mon, 16 Jul 2012 06:52:05 +0100</pubDate>
		</item>
		<item>
			<title>test from frontend</title>
			<link>http://localhost/joomla31/index.php?option=com_hotspots&amp;view=hotspot&amp;catid=3221:test-new-cat&amp;id=100340:test-from-frontend&amp;Itemid=129</link>
			<description>Boulevard Ferdinand Moreau , 28260 Anet&lt;br /&gt;France&lt;br /&gt;&lt;br /&gt;test</description>
			<author>tester</author>
			<pubDate>Mon, 16 Jul 2012 06:51:14 +0100</pubDate>
		</item>
		<item>
			<title>test picture</title>
			<link>http://localhost/joomla31/index.php?option=com_hotspots&amp;view=hotspot&amp;catid=3221:test-new-cat&amp;id=100339:test-picture&amp;Itemid=129</link>
			<description>Rue de l'Université 213, 75007 Paris&lt;br /&gt;France&lt;br /&gt;&lt;br /&gt;test</description>
			<author>dan</author>
			<pubDate>Fri, 01 Jun 2012 10:01:51 +0100</pubDate>
		</item>
		<item>
			<title>test picture</title>
			<link>http://localhost/joomla31/index.php?option=com_hotspots&amp;view=hotspot&amp;catid=3221:test-new-cat&amp;id=100338:test-picture&amp;Itemid=129</link>
			<description>Rue de l'Université 213, 75007 Paris&lt;br /&gt;France&lt;br /&gt;&lt;br /&gt;test</description>
			<author>dan</author>
			<pubDate>Fri, 01 Jun 2012 10:00:43 +0100</pubDate>
		</item>
		<item>
			<title>test</title>
			<link>http://localhost/joomla31/index.php?option=com_hotspots&amp;view=hotspot&amp;catid=3221:test-new-cat&amp;id=100337:test&amp;Itemid=129</link>
			<description>Avenue de la Bourdonnais 17, 75007 Paris&lt;br /&gt;France&lt;br /&gt;&lt;br /&gt;&lt;p&gt;test&lt;/p&gt;</description>
			<author>Super User</author>
			<pubDate>Wed, 09 May 2012 07:39:42 +0100</pubDate>
		</item>
		<item>
			<title>test</title>
			<link>http://localhost/joomla31/index.php?option=com_hotspots&amp;view=hotspot&amp;catid=3221:test-new-cat&amp;id=100336:test&amp;Itemid=129</link>
			<description>Avenue de la Bourdonnais 17, 75007 Paris&lt;br /&gt;France&lt;br /&gt;&lt;br /&gt;&lt;p&gt;test&lt;/p&gt;</description>
			<author>Super User</author>
			<pubDate>Wed, 09 May 2012 07:39:22 +0100</pubDate>
		</item>
		<item>
			<title>test</title>
			<link>http://localhost/joomla31/index.php?option=com_hotspots&amp;view=hotspot&amp;catid=3221:test-new-cat&amp;id=100335:test&amp;Itemid=129</link>
			<description>Avenue de la Bourdonnais 17, 75007 Paris&lt;br /&gt;France&lt;br /&gt;&lt;br /&gt;&lt;p&gt;test&lt;/p&gt;</description>
			<author>Super User</author>
			<pubDate>Wed, 09 May 2012 07:28:24 +0100</pubDate>
		</item>
		<item>
			<title>test</title>
			<link>http://localhost/joomla31/index.php?option=com_hotspots&amp;view=hotspot&amp;catid=3221:test-new-cat&amp;id=100334:test&amp;Itemid=129</link>
			<description>Rue de l'Université 215, 75007 Paris&lt;br /&gt;France&lt;br /&gt;&lt;br /&gt;test</description>
			<author>another alias</author>
			<pubDate>Wed, 09 May 2012 07:24:36 +0100</pubDate>
		</item>
		<item>
			<title>test</title>
			<link>http://localhost/joomla31/index.php?option=com_hotspots&amp;view=hotspot&amp;catid=3221:test-new-cat&amp;id=100333:test&amp;Itemid=129</link>
			<description>Rue de l'Université 215, 75007 Paris&lt;br /&gt;France&lt;br /&gt;&lt;br /&gt;test</description>
			<author>another alias</author>
			<pubDate>Wed, 09 May 2012 07:23:38 +0100</pubDate>
		</item>
		<item>
			<title>test</title>
			<link>http://localhost/joomla31/index.php?option=com_hotspots&amp;view=hotspot&amp;catid=3221:test-new-cat&amp;id=100332:test&amp;Itemid=129</link>
			<description>Rue de l'Université 215, 75007 Paris&lt;br /&gt;France&lt;br /&gt;&lt;br /&gt;test</description>
			<author>another alias</author>
			<pubDate>Wed, 09 May 2012 07:21:37 +0100</pubDate>
		</item>
		<item>
			<title>test</title>
			<link>http://localhost/joomla31/index.php?option=com_hotspots&amp;view=hotspot&amp;catid=3221:test-new-cat&amp;id=100331:test&amp;Itemid=129</link>
			<description>Rue de l'Université 215, 75007 Paris&lt;br /&gt;France&lt;br /&gt;&lt;br /&gt;test</description>
			<author>another alias</author>
			<pubDate>Wed, 09 May 2012 06:57:42 +0100</pubDate>
		</item>
		<item>
			<title>test</title>
			<link>http://localhost/joomla31/index.php?option=com_hotspots&amp;view=hotspot&amp;catid=3221:test-new-cat&amp;id=100330:test&amp;Itemid=129</link>
			<description>Rue de l'Université 215, 75007 Paris&lt;br /&gt;France&lt;br /&gt;&lt;br /&gt;test</description>
			<author>another alias</author>
			<pubDate>Wed, 09 May 2012 06:56:47 +0100</pubDate>
		</item>
		<item>
			<title>test</title>
			<link>http://localhost/joomla31/index.php?option=com_hotspots&amp;view=hotspot&amp;catid=3221:test-new-cat&amp;id=100329:test&amp;Itemid=129</link>
			<description>Rue de l'Université 215, 75007 Paris&lt;br /&gt;France&lt;br /&gt;&lt;br /&gt;test</description>
			<author>another alias</author>
			<pubDate>Wed, 09 May 2012 06:55:56 +0100</pubDate>
		</item>
		<item>
			<title>test</title>
			<link>http://localhost/joomla31/index.php?option=com_hotspots&amp;view=hotspot&amp;catid=3221:test-new-cat&amp;id=100328:test&amp;Itemid=129</link>
			<description>Rue de l'Université 215, 75007 Paris&lt;br /&gt;France&lt;br /&gt;&lt;br /&gt;test</description>
			<author>another alias</author>
			<pubDate>Wed, 09 May 2012 06:54:44 +0100</pubDate>
		</item>
		<item>
			<title>test</title>
			<link>http://localhost/joomla31/index.php?option=com_hotspots&amp;view=hotspot&amp;catid=3221:test-new-cat&amp;id=100327:test&amp;Itemid=129</link>
			<description>Rue de l'Université 215, 75007 Paris&lt;br /&gt;France&lt;br /&gt;&lt;br /&gt;test</description>
			<author>another alias</author>
			<pubDate>Wed, 09 May 2012 06:53:49 +0100</pubDate>
		</item>
		<item>
			<title>test</title>
			<link>http://localhost/joomla31/index.php?option=com_hotspots&amp;view=hotspot&amp;catid=3221:test-new-cat&amp;id=100326:test&amp;Itemid=129</link>
			<description>Rue de l'Université 215, 75007 Paris&lt;br /&gt;France&lt;br /&gt;&lt;br /&gt;&lt;p&gt;test&lt;/p&gt;</description>
			<author>Super User</author>
			<pubDate>Wed, 09 May 2012 06:52:28 +0100</pubDate>
		</item>
		<item>
			<title>test</title>
			<link>http://localhost/joomla31/index.php?option=com_hotspots&amp;view=hotspot&amp;catid=3221:test-new-cat&amp;id=100325:test&amp;Itemid=129</link>
			<description>Rue de l'Université 215, 75007 Paris&lt;br /&gt;France&lt;br /&gt;&lt;br /&gt;&lt;p&gt;test&lt;/p&gt;</description>
			<author>Super User</author>
			<pubDate>Wed, 09 May 2012 06:50:02 +0100</pubDate>
		</item>
		<item>
			<title>test</title>
			<link>http://localhost/joomla31/index.php?option=com_hotspots&amp;view=hotspot&amp;catid=3221:test-new-cat&amp;id=100324:test&amp;Itemid=129</link>
			<description>Avenue de la Bourdonnais 17, 75007 Paris&lt;br /&gt;France&lt;br /&gt;&lt;br /&gt;test</description>
			<author>another alias</author>
			<pubDate>Mon, 07 May 2012 10:20:36 +0100</pubDate>
		</item>
		<item>
			<title>test ip</title>
			<link>http://localhost/joomla31/index.php?option=com_hotspots&amp;view=hotspot&amp;catid=3221:test-new-cat&amp;id=100323:test-ip&amp;Itemid=129</link>
			<description>Avenue de la Bourdonnais 13, 75007 Paris&lt;br /&gt;France&lt;br /&gt;&lt;br /&gt;ip
 </description>
			<author>test</author>
			<pubDate>Mon, 07 May 2012 10:17:12 +0100</pubDate>
		</item>
		<item>
			<title>test</title>
			<link>http://localhost/joomla31/index.php?option=com_hotspots&amp;view=hotspot&amp;catid=3221:test-new-cat&amp;id=100322:test&amp;Itemid=129</link>
			<description>Avenue de la Bourdonnais 17, 75007 Paris&lt;br /&gt;France&lt;br /&gt;&lt;br /&gt;test</description>
			<author>another alias</author>
			<pubDate>Mon, 07 May 2012 10:07:28 +0100</pubDate>
		</item>
		<item>
			<title>test</title>
			<link>http://localhost/joomla31/index.php?option=com_hotspots&amp;view=hotspot&amp;catid=3221:test-new-cat&amp;id=100321:test&amp;Itemid=129</link>
			<description>Avenue de la Bourdonnais 17, 75007 Paris&lt;br /&gt;France&lt;br /&gt;&lt;br /&gt;&lt;p&gt;test&lt;/p&gt;</description>
			<author>Super User</author>
			<pubDate>Mon, 07 May 2012 09:57:48 +0100</pubDate>
		</item>
		<item>
			<title>test</title>
			<link>http://localhost/joomla31/index.php?option=com_hotspots&amp;view=hotspot&amp;catid=3221:test-new-cat&amp;id=100320:test&amp;Itemid=129</link>
			<description>Rue de l'Université 215, 75007 Paris&lt;br /&gt;France&lt;br /&gt;&lt;br /&gt;test</description>
			<author>http://localhost/joomla31/</author>
			<pubDate>Mon, 07 May 2012 09:52:57 +0100</pubDate>
		</item>
		<item>
			<title>test test est</title>
			<link>http://localhost/joomla31/index.php?option=com_hotspots&amp;view=hotspot&amp;catid=3221:test-new-cat&amp;id=100311:test-test-est&amp;Itemid=129</link>
			<description>Avenue de la Bourdonnais 13, 75007 Paris&lt;br /&gt;France&lt;br /&gt;&lt;br /&gt;&lt;p&gt;test&lt;/p&gt;</description>
			<author>http://localhost/joomla31/</author>
			<pubDate>Mon, 07 May 2012 08:37:31 +0100</pubDate>
		</item>
		<item>
			<title>test something else</title>
			<link>http://localhost/joomla31/index.php?option=com_hotspots&amp;view=hotspot&amp;catid=3221:test-new-cat&amp;id=100310:test-something-else&amp;Itemid=129</link>
			<description>Rue de l'Université 215, 75007 Paris&lt;br /&gt;France&lt;br /&gt;&lt;br /&gt;&lt;p&gt;test something&lt;/p&gt;
&lt;p&gt; &lt;/p&gt;</description>
			<author>http://localhost/joomla31/</author>
			<pubDate>Fri, 04 May 2012 11:55:29 +0100</pubDate>
		</item>
		<item>
			<title>test</title>
			<link>http://localhost/joomla31/index.php?option=com_hotspots&amp;view=hotspot&amp;catid=3221:test-new-cat&amp;id=100309:test&amp;Itemid=129</link>
			<description>Rue de l'Université 215, 75007 Paris&lt;br /&gt;France&lt;br /&gt;&lt;br /&gt;&lt;p&gt;test&lt;/p&gt;
&lt;p&gt; &lt;/p&gt;</description>
			<author>http://localhost/joomla31/</author>
			<pubDate>Fri, 04 May 2012 11:44:13 +0100</pubDate>
		</item>
		<item>
			<title>test</title>
			<link>http://localhost/joomla31/index.php?option=com_hotspots&amp;view=hotspot&amp;catid=3221:test-new-cat&amp;id=100308:test&amp;Itemid=129</link>
			<description>Rue de l'Université 215, 75007 Paris&lt;br /&gt;France&lt;br /&gt;&lt;br /&gt;&lt;p&gt;test&lt;/p&gt;
&lt;p&gt; &lt;/p&gt;</description>
			<author>http://localhost/joomla31/</author>
			<pubDate>Fri, 04 May 2012 11:43:59 +0100</pubDate>
		</item>
		<item>
			<title>test test test</title>
			<link>http://localhost/joomla31/index.php?option=com_hotspots&amp;view=hotspot&amp;catid=3221:test-new-cat&amp;id=100307:test-test-test&amp;Itemid=129</link>
			<description>Chemin Fontaine de l'Orme , 78124 Montainville&lt;br /&gt;France&lt;br /&gt;&lt;br /&gt;&lt;p&gt;test&lt;/p&gt;</description>
			<author>http://localhost/joomla31/</author>
			<pubDate>Fri, 04 May 2012 07:08:21 +0100</pubDate>
		</item>
		<item>
			<title>testing asset </title>
			<link>http://localhost/joomla31/index.php?option=com_hotspots&amp;view=hotspot&amp;catid=3221:test-new-cat&amp;id=100306:testing-asset&amp;Itemid=129</link>
			<description>Avenue de la Bourdonnais 13, 75007 Paris&lt;br /&gt;France&lt;br /&gt;&lt;br /&gt;&lt;p&gt;test asset&lt;/p&gt;</description>
			<author>Super User</author>
			<pubDate>Thu, 12 Apr 2012 05:08:16 +0100</pubDate>
		</item>
		<item>
			<title>Test 2</title>
			<link>http://localhost/joomla31/index.php?option=com_hotspots&amp;view=hotspot&amp;catid=4:parks&amp;id=100245:test-2&amp;Itemid=129</link>
			<description>Rue Nicolo 69, 75116 Paris&lt;br /&gt;France&lt;br /&gt;&lt;br /&gt;&lt;p&gt;test&lt;/p&gt;</description>
			<author>http://localhost/joomla31/</author>
			<pubDate>Wed, 21 Mar 2012 08:47:37 +0100</pubDate>
		</item>
		<item>
			<title>test</title>
			<link>http://localhost/joomla31/index.php?option=com_hotspots&amp;view=hotspot&amp;catid=3:culture-1&amp;id=100244:test&amp;Itemid=129</link>
			<description>Rue Nicolo 69, 75116 Paris&lt;br /&gt;France&lt;br /&gt;&lt;br /&gt;&lt;p&gt;test&lt;/p&gt;
</description>
			<author>http://localhost/joomla31/</author>
			<pubDate>Wed, 21 Mar 2012 08:46:27 +0100</pubDate>
		</item>
		<item>
			<title>picture</title>
			<link>http://localhost/joomla31/index.php?option=com_hotspots&amp;view=hotspot&amp;catid=3221:test-new-cat&amp;id=100237:picture&amp;Itemid=129</link>
			<description>Kuhlager-Seele-Weg 3, 76199 Karlsruhe&lt;br /&gt;Germany&lt;br /&gt;&lt;br /&gt;&lt;p&gt;test&lt;/p&gt;
</description>
			<author>Super User</author>
			<pubDate>Fri, 02 Mar 2012 12:39:24 +0100</pubDate>
		</item>
		<item>
			<title>tes</title>
			<link>http://localhost/joomla31/index.php?option=com_hotspots&amp;view=hotspot&amp;catid=1:education&amp;id=238:tes&amp;Itemid=129</link>
			<description>Carrer de Portassa 2-4, 07015 Palma de Mallorca&lt;br /&gt;Spain&lt;br /&gt;&lt;br /&gt;test</description>
			<author>Super User</author>
			<pubDate>Mon, 15 Aug 2011 06:50:20 +0100</pubDate>
		</item>
		<item>
			<title>frontend</title>
			<link>http://localhost/joomla31/index.php?option=com_hotspots&amp;view=hotspot&amp;catid=1:education&amp;id=237:frontend&amp;Itemid=129</link>
			<description>Avinguda de Gabriel Roca 38, 07014 Palma de Mallorca&lt;br /&gt;Spain&lt;br /&gt;&lt;br /&gt;test</description>
			<author>Daniel Dimitrov</author>
			<pubDate>Wed, 27 Jul 2011 14:14:50 +0100</pubDate>
		</item>
		<item>
			<title>backend</title>
			<link>http://localhost/joomla31/index.php?option=com_hotspots&amp;view=hotspot&amp;catid=3221:test-new-cat&amp;id=236:backend&amp;Itemid=129</link>
			<description>Av de Gabriel Roca , 07015 Palma de Mallorca&lt;br /&gt;Spain&lt;br /&gt;&lt;br /&gt;&lt;p&gt; &lt;/p&gt;
</description>
			<author>Super User</author>
			<pubDate>Wed, 27 Jul 2011 14:12:49 +0100</pubDate>
		</item>
		<item>
			<title>new hotspot</title>
			<link>http://localhost/joomla31/index.php?option=com_hotspots&amp;view=hotspot&amp;catid=1:education&amp;id=235:new-hotspot&amp;Itemid=129</link>
			<description>Carrer de Portassa 4, 07015 Palma de Mallorca&lt;br /&gt;Spain&lt;br /&gt;&lt;br /&gt;&lt;p&gt;test&lt;/p&gt;</description>
			<author>Super User</author>
			<pubDate>Wed, 27 Jul 2011 14:10:07 +0100</pubDate>
		</item>
	</channel>
</rss>
