<?xml version="1.0" encoding="UTF-8"?>
<install version="1.0" type="plugin" group="payment">
	<name>os_offline</name>
	<title>Offline Payment</title>	
	<author>Tuan Pham Ngoc</author>
	<creationDate>09-03-2010</creationDate>
	<copyright>Copyright 2007-2010 Ossolution Team</copyright>
	<license>http://www.gnu.org/licenses/old-licenses/gpl-2.0.html GNU/GPL version 2</license>
	<authorEmail>contact@joomdonation.com</authorEmail>
	<authorUrl>www.joomdonation.com</authorUrl>
	<version>1.0</version>
	<description>Offline Payment Plugin For Events Booking Extension</description>
	<params />	
	<files>
		<filename>os_offline.php</filename>				
	</files>	
	<installsql />
	<installfile />	
</install>