<?xml version="1.0" encoding="utf-8"?>
<extension version="2.5.0" type="plugin" group="content" method="upgrade">
	<name>plg_content_cdpetitions</name>
	<author>Daniel Rataj</author>
	<creationDate>November 6th, 2012</creationDate>
	<copyright>(C) 2007 - 2012 Great Joomla! All rights reserved.
	</copyright>
	<license>http://www.gnu.org/copyleft/gpl.html GNU/GPL 3</license>
	<authorEmail>info@greatjoomla.com</authorEmail>
	<authorUrl>www.greatjoomla.com</authorUrl>
	<version>2.5.x.3.0.2</version>
	<description>PLG_CONTENT_CDPETITIONS_XML_DESCRIPTION</description>
	<files>
		<filename plugin="cdpetitions">cdpetitions.php</filename>
		<folder>data</folder>
		<folder>fields</folder>
		<folder>helpers</folder>
		<folder>install</folder>
		<folder>language</folder>
		<folder>table</folder>
		<folder>tmpl</folder>
		<filename>index.html</filename>
		<filename>license-gpl.txt</filename>
	</files>
	<install>
		<sql>
			<file driver="mysql" charset="utf8">install/install.sql</file>
		</sql>
	</install>
	<uninstall>
		<sql>
			<file driver="mysql" charset="utf8">install/uninstall.sql</file>
		</sql>
	</uninstall>
  <update>
        <schemas>
            <schemapath type="mysql">install/updates/mysql</schemapath>
        </schemas>
    </update>
	<languages>
		<language tag="en-GB">language/en-GB/en-GB.plg_content_cdpetitions.ini
		</language>
		<language tag="en-GB">language/en-GB/en-GB.plg_content_cdpetitions.sys.ini
		</language>
	</languages>
	<config>
		<fields name="params" addfieldpath="/plugins/system/cdscriptegrator/fields">
			<fieldset name="layout" label="PLG_CONTENT_CDPETITIONS_FIELDSET_LABEL_LAYOUT" addfieldpath="/plugins/content/cdpetitions/fields">
				<field type="checkscriptegrator" title="PLG_CONTENT_CDPETITIONS_ENABLE_SCRIPTEGRATOR" />
				<field
					name="uitheme"
					type="uithemecombobox"
					default="ui-lightness"
					label="PLG_CONTENT_CDPETITIONS_LABEL_UITHEME"
					description="PLG_CONTENT_CDPETITIONS_DESC_UITHEME"
				/>
				<field
					name="layout"
					type="folderlist"
					directory="plugins/content/cdpetitions/tmpl"
					hide_default="true"
					hide_none="true"
					default="default"
					label="PLG_CONTENT_CDPETITIONS_FIELD_LAYOUT_LABEL"
					description="PLG_CONTENT_CDPETITIONS_FIELD_LAYOUT_DESCRIPTION" />
				<field
					name="use_ajax"
					type="list"
					default="1"
					label="PLG_CONTENT_CDPETITIONS_FIELD_LABEL_USE_AJAX"
					description="PLG_CONTENT_CDPETITIONS_FIELD_DESCRIPTION_USE_AJAX"
				>
					<option value="0">PLG_CONTENT_CDPETITIONS_FIELD_OPTION_USE_AJAX_NO</option>
					<option value="1">PLG_CONTENT_CDPETITIONS_FIELD_OPTION_USE_AJAX_YES</option>
				</field>
				<field type="spacer" />
				<field type="text" size="40" name="dateformat" default="DATE_FORMAT_LC2"
					label="PLG_CONTENT_CDPETITIONS_LABEL_DATEFORMAT" description="PLG_CONTENT_CDPETITIONS_DESC_DATEFORMAT" />
			</fieldset>
			<fieldset name="security" label="PLG_CONTENT_CDPETITIONS_FIELDSET_SECURITY">
				<field
					type="title"
					title="PLG_CONTENT_CDPETITIONS_TITLE_PERMISSIONS"
				/>
				<field
					name="permission_to_manage"
					type="usergroup"
					default=""
					label="PLG_CONTENT_CDPETITIONS_FIELD_LABEL_PERMISSION_TO_MANAGE"
					description="PLG_CONTENT_CDPETITIONS_FIELD_DESCRIPTION_PERMISSION_TO_MANAGE"
					multiple="true"
				/>
				<field
					name="permission_to_manage_edit"
					type="list"
					default="0"
					label="PLG_CONTENT_CDPETITIONS_FIELD_PERMISSION_TO_MANAGE_EDIT_LABEL"
					description="PLG_CONTENT_CDPETITIONS_FIELD_PERMISSION_TO_MANAGE_EDIT_DESCRIPTION"
					>
					<option value="0">PLG_CONTENT_CDPETITIONS_FIELD_PERMISSION_TO_MANAGE_EDIT_OPTION_NO</option>
					<option value="1">PLG_CONTENT_CDPETITIONS_FIELD_PERMISSION_TO_MANAGE_EDIT_OPTION_YES</option>
				</field>
			</fieldset>
		</fields>
	</config>
</extension>