<?xml version="1.0" encoding="utf-8"?>
<install type="module" version="1.5.0" method="upgrade">
	<name>EasyBlog Latest Blogs</name>
	<author>StackIdeas</author>
	<creationDate>16/05/2012</creationDate>
	<copyright>Copyright 2009 - 2012 Stack Ideas. All rights reserved.</copyright>
	<license>GPL License</license>
	<authorEmail>support@stackideas.com</authorEmail>
	<authorUrl>http://stackideas.com</authorUrl>
	<version>3.5.4</version>
	<description>Latest blogs by module for your EasyBlog's component.</description>
	<languages>
		<language tag="en-GB">en-GB.mod_latestblogs.ini</language>
	</languages>
	<files>
		<filename module="mod_latestblogs">mod_latestblogs.php</filename>
		<filename>helper.php</filename>
		<filename>index.html</filename>
		<filename>categories.php</filename>
		<folder>tmpl</folder>
		<folder>elements</folder>
		<folder>assets</folder>
	</files>
	<params addpath="/administrator/components/com_easyblog/elements">
		<param name="routingtype" type="list" default="default" label="Routing Type" description="Choose the routing type when generate blog post link">
			<option value="default">Use default behaviour</option>
			<option value="menuitem">Use menu item</option>
			<option value="category">Use post's category</option>
			<option value="tag">Use post's tag</option>
		</param>
		<param name="menuitemid" type="easyblogmenuitem" default="" label="Use Menu Item" description="Select menu item if you have choose to use 'menu item' as routing type" state="1" />
		<param name="type" type="list" default="0" label="Filter Type" description="Choose the module filter type.">
			<option value="0">By Latest</option>
			<option value="1">By Blogger</option>
			<option value="2">By Category</option>
			<option value="3">By Tag</option>
			<option value="4">By Team</option>
		</param>
		<param name="@spacer" type="spacer" default="" label="" description="" />
		<param name="catid" type="multicategories" label="Category ID [By Latest]" description="Only select blog posts from specific categories. Leave empty to select from all categories" />
		<param name="usefeatured" type="list" default="0" label="Only pickup featured posts [By Latest]" description="If enabled, module will only fetch featured blog entries">
			<option value="0">MOD_LATESTBLOGS_NO</option>
			<option value="1">MOD_LATESTBLOGS_YES</option>
		</param>
		<param name="striptags" type="list" default="0" label="Strip HTML Tags" description="If enabled, all html tags are stripped off">
			<option value="0">MOD_LATESTBLOGS_NO</option>
			<option value="1">MOD_LATESTBLOGS_YES</option>
		</param>
		<param name="@spacer" type="spacer" default="" label="" description="" />
		<param name="bloggerlist" type="text" default="" label="Blogger Ids [By Blogger]" description="Please enter blogger userid here. (Use comma to separate each blogger)." />
		<param name="showbavatar" type="list" default="1" label="Show Blogger's Avatar [By Blogger]" description="Show or hide blogger's avatar in the module.">
			<option value="0">MOD_LATESTBLOGS_NO</option>
			<option value="1">MOD_LATESTBLOGS_YES</option>
		</param>
		<param name="showwebsite" type="list" default="1" label="Show Blogger's Website [By Blogger]" description="Show or hide blogger's website in the module.">
			<option value="0">MOD_LATESTBLOGS_NO</option>
			<option value="1">MOD_LATESTBLOGS_YES</option>
		</param>
		<param name="showbcount" type="list" default="1" label="Show Total Post Count [By Blogger]" description="Show or hide the number of total post count in the module.">
			<option value="0">MOD_LATESTBLOGS_NO</option>
			<option value="1">MOD_LATESTBLOGS_YES</option>
		</param>
		<param name="@spacer" type="spacer" default="" label="" description="" />
		<param name="cid" type="categories" default="0" label="Category Id [By Category]" description="Please select your EasyBlog category." />
		<param name="showcavatar" type="list" default="1" label="Show Category's Avatar [By Category]" description="Show or hide category's avatar in the module.">
			<option value="0">MOD_LATESTBLOGS_NO</option>
			<option value="1">MOD_LATESTBLOGS_YES</option>
		</param>
		<param name="showccount" type="list" default="1" label="Show Total Post Count [By Category]" description="Show or hide the number of total post count of category in the module.">
			<option value="0">MOD_LATESTBLOGS_NO</option>
			<option value="1">MOD_LATESTBLOGS_YES</option>
		</param>
		<param name="@spacer" type="spacer" default="" label="" description="" />
		<param name="tagid" type="text" default="" label="Tag ID [By Tag]" description="The tag id you want to fetch posts from" />
		<param name="showtcount" type="list" default="1" label="Show Total Post Count [By Tag]" description="Show or hide the number of total post count of tag in the module.">
			<option value="0">MOD_LATESTBLOGS_NO</option>
			<option value="1">MOD_LATESTBLOGS_YES</option>
		</param>
		<param name="@spacer" type="spacer" default="" label="" description="" />
		<param name="tid" type="text" default="" label="Team Id [By Team]" description="Please enter your team id." />
		<param name="showtavatar" type="list" default="1" label="Show Team's Avatar [By Team]" description="Show or hide team's avatar in the module.">
			<option value="0">MOD_LATESTBLOGS_NO</option>
			<option value="1">MOD_LATESTBLOGS_YES</option>
		</param>
		<param name="@spacer" type="spacer" default="" label="" description="" />
		<param name="count" type="text" default="5" label="Count" description="The number of items to display (set it to 0 if post limiting if not required)." />
		<param name="dateformat" type="text" default="%d %B %Y" label="Date format" description="Enter a date format for the " />
		<param name="showintro" type="list" default="-1" label="Content be taken from" description="Choose where should the module take the contents from. Or choose not to show any content.">
			<option value="-1">Do not show any content</option>
			<option value="0">Introtext</option>
			<option value="1">Main content</option>
		</param>
		<param name="textcount" type="text" default="0" label="Total characters" description="Set the number of characters should be displayed (set 0 to disable truncating). Only applicable if you did not enable the option to only pickup featured post." />
		<param name="showauthor" type="list" default="1" label="Show Author of blog" description="If disabled, the author section will not be displayed.">
			<option value="0">MOD_LATESTBLOGS_NO</option>
			<option value="1">MOD_LATESTBLOGS_YES</option>
		</param>
		<param name="showdate" type="list" default="1" label="Show written date" description="If enabled, the date of the post will be displayed.">
			<option value="0">MOD_LATESTBLOGS_NO</option>
			<option value="1">MOD_LATESTBLOGS_YES</option>
		</param>
		<param name="showcommentcount" type="list" default="1" label="Show Comment Count" description="Show or hide the post's comment total count in the module.">
			<option value="0">MOD_LATESTBLOGS_NO</option>
			<option value="1">MOD_LATESTBLOGS_YES</option>
		</param>
		<param name="showratings" type="list" default="1" label="Show Ratings" description="Show or hide the rating for the post">
			<option value="0">MOD_LATESTBLOGS_NO</option>
			<option value="1">MOD_LATESTBLOGS_YES</option>
		</param>
		<param name="showhits" type="list" default="1" label="Show Hits" description="Show or hide the hits.">
			<option value="0">MOD_LATESTBLOGS_NO</option>
			<option value="1">MOD_LATESTBLOGS_YES</option>
		</param>
		<param name="showavatar" type="list" default="1" label="Show Blogger Avatar" description="Show or hide the post's blogger avatar.">
			<option value="0">MOD_LATESTBLOGS_NO</option>
			<option value="1">MOD_LATESTBLOGS_YES</option>
		</param>
		<param name="showreadmore" type="list" default="1" label="Show Read More" description="Show or hide the read more link.">
			<option value="0">MOD_LATESTBLOGS_NO</option>
			<option value="1">MOD_LATESTBLOGS_YES</option>
		</param>
		<param name="showcategory" type="list" default="1" label="MOD_LATESTBLOGS_SHOW_CATEGORY" description="MOD_LATESTBLOGS_SHOW_CATEGORY_DESC">
			<option value="0">MOD_LATESTBLOGS_NO</option>
			<option value="1">MOD_LATESTBLOGS_YES</option>
		</param>
		<param name="includesubcategory" type="list" default="0" label="Include SubCategories" description="Whether or not to include subcategories of the category id specified in the filter.">
			<option value="0">MOD_LATESTBLOGS_NO</option>
			<option value="1">MOD_LATESTBLOGS_YES</option>
		</param>
		<param name="sortby" type="list" default="0" label="MOD_LATESTBLOGS_SORTING_BY" description="MOD_LATESTBLOGS_SORTING_BY_DESC">
			<option value="latest">MOD_LATESTBLOGS_CREATED_DATE</option>
			<option value="modified">MOD_LATESTBLOGS_MODIFIED_DATE</option>
		</param>
		
		<param name="@spacer" type="spacer" default="" label="" description="" />
		<param name="video_show" type="list" default="1" label="MOD_LATESTBLOGS_VIDEO_SHOW" description="MOD_LATESTBLOGS_VIDEO_SHOW_DESC">
			<option value="0">MOD_LATESTBLOGS_NO</option>
			<option value="1">MOD_LATESTBLOGS_YES</option>
		</param>
		<param name="video_width" type="text" default="250" size="5" label="MOD_LATESTBLOGS_VIDEO_WIDTH" description="MOD_LATESTBLOGS_VIDEO_WIDTH_DESC" />
		<param name="video_height" type="text" default="250" size="5" label="MOD_LATESTBLOGS_VIDEO_HEIGHT" description="MOD_LATESTBLOGS_VIDEO_HEIGHT_DESC" />
		
		<param name="@spacer" type="spacer" default="" label="" description="" />
		<param name="photo_show" type="list" default="1" label="MOD_LATESTBLOGS_PHOTO_SHOW" description="MOD_LATESTBLOGS_PHOTO_SHOW_DESC">
			<option value="0">MOD_LATESTBLOGS_NO</option>
			<option value="1">MOD_LATESTBLOGS_YES</option>
		</param>
		<param name="photo_width" type="text" default="250" size="5" label="MOD_LATESTBLOGS_PHOTO_MAX_WIDTH" description="MOD_LATESTBLOGS_PHOTO_MAX_WIDTH_DESC" />
		<param name="photo_height" type="text" default="250" size="5" label="MOD_LATESTBLOGS_PHOTO_MAX_HEIGHT" description="MOD_LATESTBLOGS_PHOTO_MAX_HEIGHT_DESC" />
		<param name="alignment" type="list" default="default" label="Alignment" description="Set the photo alignment.">
            <option value="default">Default</option>
			<option value="left">Left</option>
			<option value="right">Right</option>
		</param>
	</params>
	<params group="advanced">
		<param name="moduleclass_sfx" type="text" default="" label="Module Class Suffix" description="PARAMMODULECLASSSUFFIX" />
		<param name="cache" type="list" default="0" label="Caching" description="Select whether to cache the content of this module">
			<option value="1">Use global</option>
			<option value="0">No caching</option>
		</param>
		<param name="cache_time" type="text" default="900" label="Cache Time" description="The time before the module is recached" />
	</params>

	<config>
		<fields name="params" addfieldpath="/administrator/components/com_easyblog/elements/fields">

			<fieldset name="basic" addfieldpath="/modules/mod_latestblogs/elements">
				<field name="type" type="moduletype" default="0" label="MOD_LATESTBLOGS_MODULE_TYPE" description="MOD_LATESTBLOGS_MODULE_TYPE_DESC" />
				<field name="routingtype" type="list" default="default" label="MOD_LATESTBLOGS_ROUTING_BEHAVIOR" description="MOD_LATESTBLOGS_ROUTING_BEHAVIOR_DESC">
					<option value="default">MOD_LATESTBLOGS_DEFAULT_BEHAVIOR</option>
					<option value="menuitem">MOD_LATESTBLOGS_RESPECT_CURRENT_MENU</option>
					<option value="category">MOD_LATESTBLOGS_RESPECT_POST_CATEGORY</option>
					<option value="tag">MOD_LATESTBLOGS_RESPECT_POST_TAG</option>
				</field>
				<field name="menuitemid" type="modal_easyblogmenuitem" default="" label="MOD_LATESTBLOGS_USE_MENU_ITEM" description="MOD_LATESTBLOGS_USE_MENU_ITEM_DESC" state="1" />
			</fieldset>

			<!-- Latest posts -->
			<fieldset name="latest">
				<field name="catid" type="modal_multicategories" default="" label="MOD_LATESTBLOGS_CATEGORIES" description="MOD_LATESTBLOGS_CATEGORIES_DESC" />
				<field name="usefeatured" type="list" default="0" label="MOD_LATESTBLOGS_ONLY_FEATURED" description="MOD_LATESTBLOGS_ONLY_FEATURED_DESC">
					<option value="0">MOD_LATESTBLOGS_NO</option>
					<option value="1">MOD_LATESTBLOGS_YES</option>
				</field>
			</fieldset>

			<!-- Blogger's parameter -->
			<fieldset name="1">
				<field name="bloggerlist" type="modal_multibloggers" default="" label="MOD_LATESTBLOGS_AUTHORS" description="MOD_LATESTBLOGS_AUTHORS_DESC" />
				<field name="showbavatar" type="list" default="1" label="MOD_LATESTBLOGS_AUTHORS_SHOW_AVATAR" description="MOD_LATESTBLOGS_AUTHORS_SHOW_AVATAR_DESC">
					<option value="0">MOD_LATESTBLOGS_NO</option>
					<option value="1">MOD_LATESTBLOGS_YES</option>
				</field>
				<field name="showwebsite" type="list" default="1" label="MOD_LATESTBLOGS_AUTHORS_SHOW_WEBSITE" description="MOD_LATESTBLOGS_AUTHORS_SHOW_WEBSITE_DESC" >
					<option value="0">MOD_LATESTBLOGS_NO</option>
					<option value="1">MOD_LATESTBLOGS_YES</option>
				</field>
				<field name="showbcount" type="list" default="1" label="MOD_LATESTBLOGS_AUTHORS_SHOW_POST_COUNT" description="MOD_LATESTBLOGS_AUTHORS_SHOW_POST_COUNT_DESC">
					<option value="0">MOD_LATESTBLOGS_NO</option>
					<option value="1">MOD_LATESTBLOGS_YES</option>
				</field>
			</fieldset>

			<fieldset name="2">
				<field name="cid" type="modal_categories" default="0" label="MOD_LATESTBLOGS_CATEGORIES" description="MOD_LATESTBLOGS_CATEGORIES_DESC" />
				<field name="showcavatar" type="list" default="1" label="MOD_LATESTBLOGS_CATEGORIES_SHOW_AVATAR" description="MOD_LATESTBLOGS_CATEGORIES_SHOW_AVATAR_DESC" >
					<option value="0">MOD_LATESTBLOGS_NO</option>
					<option value="1">MOD_LATESTBLOGS_YES</option>
				</field>
				<field name="showccount" type="list" default="1" label="MOD_LATESTBLOGS_CATEGORIES_SHOW_POST_COUNT" description="MOD_LATESTBLOGS_CATEGORIES_SHOW_POST_COUNT_DESC">
					<option value="0">MOD_LATESTBLOGS_NO</option>
					<option value="1">MOD_LATESTBLOGS_YES</option>
				</field>
			</fieldset>

			<fieldset name="3">
				<field name="tagid" type="text" default="" label="MOD_LATESTBLOGS_TAGIDS" description="MOD_LATESTBLOGS_TAGIDS_DESC" />
				<field name="showtcount" type="list" default="1" label="MOD_LATESTBLOGS_TAGS_SHOW_POST_COUNT" description="MOD_LATESTBLOGS_TAGS_SHOW_POST_COUNT_DESC" >
					<option value="0">MOD_LATESTBLOGS_NO</option>
					<option value="1">MOD_LATESTBLOGS_YES</option>
				</field>
			</fieldset>

			<fieldset name="4">
				<field name="tid" type="text" default="" label="MOD_LATESTBLOGS_TEAMIDS" description="MOD_LATESTBLOGS_TEAMIDS_DESC" />
				<field name="showtavatar" type="list" default="1" label="MOD_LATESTBLOGS_TEAMS_SHOW_AVATAR" description="MOD_LATESTBLOGS_TEAMS_SHOW_AVATAR_DESC">
					<option value="0">MOD_LATESTBLOGS_NO</option>
					<option value="1">MOD_LATESTBLOGS_YES</option>
				</field>
			</fieldset>

			<fieldset name="standard">
				<field name="striptags" type="list" default="0" label="MOD_LATESTBLOGS_STRIP_HTML_CODES" description="MOD_LATESTBLOGS_STRIP_HTML_CODES_DESC">
					<option value="0">MOD_LATESTBLOGS_NO</option>
					<option value="1">MOD_LATESTBLOGS_YES</option>
				</field>

				<field name="count" type="text" default="5" label="MOD_LATESTBLOGS_TOTAL_POSTS_TO_SHOW" description="MOD_LATESTBLOGS_TOTAL_POSTS_TO_SHOW_DESC" />
				<field name="showintro" type="list" default="-1" label="MOD_LATESTBLOGS_CONTENT_SOURCE" description="MOD_LATESTBLOGS_CONTENT_SOURCE_DESC" >
					<option value="-1">Do not show any content</option>
					<option value="0">Introtext</option>
					<option value="1">Main content</option>
				</field>
				<field name="textcount" type="text" default="0" label="MOD_LATESTBLOGS_TOTAL_CHARACTERS" description="MOD_LATESTBLOGS_TOTAL_CHARACTERS_DESC" />
				<field name="showcontent" type="list" default="1" label="MOD_LATESTBLOGS_SHOW_CONTENT" description="MOD_LATESTBLOGS_SHOW_CONTENT_DESC">
					<option value="0">MOD_LATESTBLOGS_NO</option>
					<option value="1">MOD_LATESTBLOGS_YES</option>
				</field>
				<field name="showauthor" type="list" default="1" label="MOD_LATESTBLOGS_SHOW_AUTHOR" description="MOD_LATESTBLOGS_SHOW_AUTHOR_DESC">
					<option value="0">MOD_LATESTBLOGS_NO</option>
					<option value="1">MOD_LATESTBLOGS_YES</option>
				</field>
				<field name="showavatar" type="list" default="1" label="MOD_LATESTBLOGS_SHOW_AUTHOR_AVATAR" description="MOD_LATESTBLOGS_SHOW_AUTHOR_AVATAR_DESC">
					<option value="0">MOD_LATESTBLOGS_NO</option>
					<option value="1">MOD_LATESTBLOGS_YES</option>
				</field>
				<field name="showcommentcount" type="list" default="1" label="MOD_LATESTBLOGS_SHOW_COMMENTS" description="MOD_LATESTBLOGS_SHOW_COMMENTS_DESC">
					<option value="0">MOD_LATESTBLOGS_NO</option>
					<option value="1">MOD_LATESTBLOGS_YES</option>
				</field>
				<field name="showratings" type="list" default="1" label="MOD_LATESTBLOGS_SHOW_RATINGS" description="MOD_LATESTBLOGS_SHOW_RATINGS_DESC">
					<option value="0">MOD_LATESTBLOGS_NO</option>
					<option value="1">MOD_LATESTBLOGS_YES</option>
				</field>
				<field name="showhits" type="list" default="1" label="MOD_LATESTBLOGS_SHOW_HITS" description="MOD_LATESTBLOGS_SHOW_HITS_DESC">
					<option value="0">MOD_LATESTBLOGS_NO</option>
					<option value="1">MOD_LATESTBLOGS_YES</option>
				</field>

				<field name="showreadmore" type="list" default="1" label="MOD_LATESTBLOGS_SHOW_READMORE" description="MOD_LATESTBLOGS_SHOW_READMORE_DESC">
					<option value="0">MOD_LATESTBLOGS_NO</option>
					<option value="1">MOD_LATESTBLOGS_YES</option>
				</field>
				<field name="showdate" type="list" default="1" label="MOD_LATESTBLOGS_SHOW_DATE" description="MOD_LATESTBLOGS_SHOW_DATE_DESC">
					<option value="0">MOD_LATESTBLOGS_NO</option>
					<option value="1">MOD_LATESTBLOGS_YES</option>
				</field>
				<field name="showcategory" type="list" default="1" label="MOD_LATESTBLOGS_SHOW_CATEGORY" description="MOD_LATESTBLOGS_SHOW_CATEGORY_DESC">
					<option value="0">MOD_LATESTBLOGS_NO</option>
					<option value="1">MOD_LATESTBLOGS_YES</option>
				</field>
				<field name="includesubcategory" type="list" default="0" label="MOD_LATESTBLOGS_INCLUDE_SUBCATEGORIES" description="MOD_LATESTBLOGS_INCLUDE_SUBCATEGORIES_DESC">
					<option value="0">MOD_LATESTBLOGS_NO</option>
					<option value="1">MOD_LATESTBLOGS_YES</option>
				</field>
				<field name="sortby" type="list" default="0" label="MOD_LATESTBLOGS_SORTING_BY" description="MOD_LATESTBLOGS_SORTING_BY_DESC">
					<option value="latest">MOD_LATESTBLOGS_CREATED_DATE</option>
					<option value="modified">MOD_LATESTBLOGS_MODIFIED_DATE</option>
				</field>
			</fieldset>
			<fieldset name="Videos">
				<field name="video_show" type="list" default="1" label="MOD_LATESTBLOGS_VIDEO_SHOW" description="MOD_LATESTBLOGS_VIDEO_SHOW_DESC">
					<option value="0">MOD_LATESTBLOGS_NO</option>
					<option value="1">MOD_LATESTBLOGS_YES</option>
				</field>
				<field name="video_width" type="text" default="250" size="5" label="MOD_LATESTBLOGS_VIDEO_WIDTH" description="MOD_LATESTBLOGS_VIDEO_WIDTH_DESC" />
				<field name="video_height" type="text" default="250" size="5" label="MOD_LATESTBLOGS_VIDEO_HEIGHT" description="MOD_LATESTBLOGS_VIDEO_HEIGHT_DESC" />
			</fieldset>

			<fieldset name="Photos">
				<field name="photo_show" type="list" default="1" label="MOD_LATESTBLOGS_PHOTO_SHOW" description="MOD_LATESTBLOGS_PHOTO_SHOW_DESC">
					<option value="0">MOD_LATESTBLOGS_NO</option>
					<option value="1">MOD_LATESTBLOGS_YES</option>
				</field>
				<field name="photo_width" type="text" default="250" size="5" label="MOD_LATESTBLOGS_PHOTO_MAX_WIDTH" description="MOD_LATESTBLOGS_PHOTO_MAX_WIDTH_DESC" />
				<field name="photo_height" type="text" default="250" size="5" label="MOD_LATESTBLOGS_PHOTO_MAX_HEIGHT" description="MOD_LATESTBLOGS_PHOTO_MAX_HEIGHT_DESC" />
				<field name="alignment" type="list" default="default" label="Alignment" description="Set the photo alignment.">
                    <option value="default">MOD_LATESTBLOGS_DEFAULT</option>
					<option value="left">MOD_LATESTBLOGS_LEFT</option>
					<option value="right">MOD_LATESTBLOGS_RIGHT</option>
				</field>
			</fieldset>

			<fieldset name="advanced">
				<field name="moduleclass_sfx" type="text" label="COM_MODULES_FIELD_MODULECLASS_SFX_LABEL" description="COM_MODULES_FIELD_MODULECLASS_SFX_DESC" />

				<field name="cache" type="list" default="0" label="COM_MODULES_FIELD_CACHING_LABEL" description="COM_MODULES_FIELD_CACHING_DESC">
					<option value="1">JGLOBAL_USE_GLOBAL</option>
					<option value="0">COM_MODULES_FIELD_VALUE_NOCACHING
					</option>
				</field>

				<field name="cache_time" type="text" default="900" label="COM_MODULES_FIELD_CACHE_TIME_LABEL" description="COM_MODULES_FIELD_CACHE_TIME_DESC" />
			</fieldset>
		</fields>
	</config>

</install>
