<?xml version="1.0" encoding="UTF-8" ?>
<extension type="package" version="1.0">
<name>French</name>
<packagename>fr-FR</packagename>
<version>1.0.3</version>
<creationDate>2011-09-24</creationDate>
<url></url>
<packager></packager>
<packagerurl></packagerurl>
<description><![CDATA[
  <div align="center">
    <table border="0" width="90%">
	    <tr>
		    <td width="100%" colspan="2">
		      <div align="center"> <a href="http://rsjoomla.com" target="_blank"><img border="0" src="http://www.rsjoomla.com/templates/rsjoomla/images/logo.png" alt="RSJoomla.com" /></a>
				<h3>RSForm!Pro fichiers de langue pour la version 1.4.0 Rév. 41</h3>
		      </div>
		      <hr />
		    </td>
	    </tr>
	    <tr>
		    <td width="18%"><b><u>Langue</u> :</b></td>
		    <td width="80%">Français (French)</td>
	    </tr>
	    <tr>
		    <td width="18%"><b><u>Section du site</u> :</b></td>
		    <td width="80%">Administrateur (Back-end) et du site (Front-end)</td>
	    </tr>
		<tr>
		    <td width="18%"><b><u>Version de la traduction</u> :</b></td>
		    <td width="80%">1.0.3</td>
	    </tr>
	    <tr>
		    <td width="18%"><b><u>Auteur</u> :</b></td>
		    <td width="80%">Lalit MOUTAL</td>
	    </tr>
	    <tr>
		    <td width="18%"><b><u>E-mail</u> :</b></td>
		    <td width="80%"><a href="mailto:moutal@me.com">moutal@me.com</a></td>
	    </tr>
    </table>
  </div>]]></description>
<files>
    <file type="language" client="site" id="fr-FR">site</file>
    <file type="language" client="administrator" id="fr-FR">admin</file>
</files>
</extension>