<?xml version="1.0" encoding="utf-8" ?>
<install client="both" method="upgrade" type="language" version="1.6">
 <author>rsjoomla.com</author>
 <authorEmail>support@rsjoomla.com</authorEmail>
 <authorUrl>http://www.rsjoomla.com</authorUrl>
 <copyright>Copyright (C) 2007 - 2011 RSJoomla.com</copyright>
 <creationDate>2011-09-24</creationDate>
<description><![CDATA[
  <div align="center">
    <table border="0" width="90%">
	    <tr>
		    <td width="100%" colspan="2">
		      <div align="center"> <a href="http://rsjoomla.com" target="_blank"><img border="0" src="http://www.rsjoomla.com/templates/rsjoomla/images/logo.png" alt="RSJoomla.com" /></a>
				<h3>RSForm!Pro fichiers de langue version 1.4.0 Rév. 41 :</h3>
		      </div>
		      <hr />
		    </td>
	    </tr>
	    <tr>
		    <td width="18%"><u><b>Langue :</b></u></td>
		    <td width="80%">Francais (French)</td>
	    </tr>
	    <tr>
		    <td width="18%"><u><b>Section du site :</b></u></td>
		    <td width="80%">Administrateur (Back-end) et du site (Front-end)</td>
	    </tr>
		<tr>
		    <td width="18%"><u><b>Version de la traduction :</b></u></td>
		    <td width="80%">1.0.3</td>
	    </tr>
	    <tr>
		    <td width="18%"><u><b>Auteur :</b></u></td>
		    <td width="80%">Lalit MOUTAL</td>
	    </tr>
	    <tr>
		    <td width="18%"><u><b>E-mail:</b></u></td>
		    <td width="80%"><a href="mailto:moutal@me.com">moutal@me.com</a></td>
	    </tr>
    </table>
  </div>]]></description>
 <license>http://www.gnu.org/licenses/gpl-2.0.html GNU/GPL</license>
 <name>French</name>
 <tag>fr-FR</tag>
 
 <!-- Enter the version of the component -->
 <version>1.4.0</version>
	
<!-- Language files for the Administrator of Joomla! -->
      <administration>
        <files folder="admin">
<!-- Identify all language files in the admin folder of the installation package language file .-->
<!-- NOTE: Each file must separate between <filename> </ filename>-->
		  <filename>fr-FR.com_rsform.ini</filename>
		  <filename>fr-FR.com_rsform.menu.ini</filename>
		  <filename>fr-FR.com_rsform.sys.ini</filename>
		  <filename>fr-FR.plg_system_rsfpgoogle.ini</filename>
		  <filename>fr-FR.plg_system_rsfpmailchimp.ini</filename>
		  <filename>fr-FR.plg_system_rsfppaypal.ini</filename>
		  <filename>fr-FR.plg_system_rsfprecaptcha.ini</filename>
		  <filename>fr-FR.plg_system_rsfpsalesforce.ini</filename>
        </files>
      </administration>
	  
<!-- Language Files for the Web site of Joomla! -->
      <site>
        <files folder="site">
<!-- Identify all language files in the site folder of the installation package language file .-->
<!-- NOTE: Each file must separate between <filename> </ filename>-->
          <filename>fr-FR.com_rsform.ini</filename>
        </files>
      </site>
</install>