<?xml version="1.0" encoding="utf-8"?>
<extension
	type="module"
	version="2.5"
	method="upgrade"
	client="site">
	<name>J2 Store Cart</name>
	<creationDate>Jan 2012</creationDate>
	<author>Sasi varna kumar</author>
	<copyright>Copyright (c) 2011 - 2016 Weblogicx India Private Ltd. All rights reserved.</copyright>
	<authorEmail>support@j2store.org</authorEmail>
	<authorUrl>http://j2store.org</authorUrl>
	<version>1.0</version>
	<description>
	 <![CDATA[<p>J2 Store Cart
	 <p> Please contact to us for more info <a href="mailto:support@j2store.org">support@j2store.org</a></p>	  
    ]]>	
	
	</description>
<files>
	<filename module="mod_j2store_cart">mod_j2store_cart.php</filename>
	<filename>index.html</filename>
    <filename>helper.php</filename>	
    <filename>mod_j2store_cart.xml</filename>
    <folder>css</folder>
	<folder>tmpl</folder>
</files>

<config>
	<fields name="params">
		<fieldset name="basic" >
			<field name="moduleclass_sfx" type="text" default="" label="Module Class Suffix" description="A suffix to be applied to the css class of the module (table.moduletable), this allows individual module styling" />
			<field name="link_type" type="list" default="link" label="Link type" description="" >
				<option value="link">Link</option>
	      		<option value="button">Button</option>
			</field>
		</fieldset>
		<fieldset name="advanced">

	    <field name="cache" type="list" default="1" label="Caching" description="Select whether to cache the content of this module">
	      <option value="1">Use global</option>
	      <option value="0">No caching</option>
	    </field>
	    <field name="cache_time" type="text" default="900" label="Cache Time" description="The time before the module is recached" />
	  
	  </fieldset>
	</fields>
</config>
</extension>
