<?xml version="1.0" encoding="utf-8"?>
<install version="1.5" type="plugin" group="community" method="upgrade">
	<name>My Contacts</name>
	<author>JomSocial Team</author>
	<creationDate>March 2011</creationDate>
	<copyright>Copyright 2008 - 2010 by Slashes &amp; Dots Sdn Bhd. All rights reserved</copyright>
	<license>http://www.gnu.org/licenses/gpl-2.0.html GNU/GPL</license>
	<authorEmail>support@azrul.com</authorEmail>
	<authorUrl>http://www.jomsocial.com</authorUrl>
	<version>2.6.2</version>
	<isapplication>true</isapplication>
	<description>PLG_MYCONTACTS_XML_DESCRIPTION</description>
	<languages>
	    <language tag="en-GB">en-GB.plg_community_mycontacts.ini</language>
		<language tag="en-GB">en-GB.plg_community_mycontacts.sys.ini</language>
	</languages>
	<files>
		<file plugin="mycontacts">mycontacts.php</file>
		<folder>mycontacts</folder>
	</files>	
	<params>	
		<param name="cache" type="list" default="0" label="Enable caching" description="Cache data">
			<option value="0">No</option>
			<option value="1">Use Global</option>
		</param>
		<param name="coreapp" type="list" default="0" label="Core Application" description="Causes this application to not appearin the users applications list but it will allow this application to appear in the user profile automatically if selected.">
			<option value="0">No</option>
			<option value="1">Yes</option>
		</param>
		<param name="position" type="list" default="content" label="Position" description="Default position if you select this as core apps">
			<option value="content">Main  content</option>
			<option value="sidebar-top">Sidebar top</option>
			<option value="sidebar-bottom">Sidebar bottom</option>
		</param>
		<param name="hide_empty" type="list" default="0" label="Hide empty fields" description="If enabled, empty fields will not be shown.">
			<option value="0">No</option>
			<option value="1">Yes</option>
		</param>
		<param name="home_address" type="list" default="1" label="Home Adress" description="Show home address.">
			<option value="0">No</option>
			<option value="1">Yes</option>
		</param>
		<param name="city" type="list" default="1" label="City" description="Show city.">
			<option value="0">No</option>
			<option value="1">Yes</option>
		</param>
		<param name="postal_code" type="list" default="1" label="Postal Code" description="Show postal code.">
			<option value="0">No</option>
			<option value="1">Yes</option>
		</param>
		<param name="country" type="list" default="1" label="Country" description="Show country.">
			<option value="0">No</option>
			<option value="1">Yes</option>
		</param>
		<param name="phone_number" type="list" default="1" label="Phone Number" description="Show phone number.">
			<option value="0">No</option>
			<option value="1">Yes</option>
		</param>
		<param name="mobile_number" type="list" default="1" label="Mobile Number" description="Show mobile number.">
			<option value="0">No</option>
			<option value="1">Yes</option>
		</param>
		<param name="fax_number" type="list" default="1" label="Fax Number" description="Show fax number.">
			<option value="0">No</option>
			<option value="1">Yes</option>
		</param>
		<param name="website" type="list" default="1" label="Website" description="Show Website.">
			<option value="0">No</option>
			<option value="1">Yes</option>
		</param>
		<param name="my_company" type="list" default="1" label="My Company" description="Show my company.">
			<option value="0">No</option>
			<option value="1">Yes</option>
		</param>
		<param name="work_address" type="list" default="1" label="Work Address" description="Show work address.">
			<option value="0">No</option>
			<option value="1">Yes</option>
		</param>
		<param name="comp_website" type="list" default="1" label="Company's Website" description="Show company's website.">
			<option value="0">No</option>
			<option value="1">Yes</option>
		</param>
		<param name="department" type="list" default="1" label="Department" description="Show department.">
			<option value="0">No</option>
			<option value="1">Yes</option>
		</param>
		<param name="job_title" type="list" default="1" label="Job Title" description="Show job title.">
			<option value="0">No</option>
			<option value="1">Yes</option>
		</param>
		<param name="main_im_id" type="list" default="1" label="Main IM ID" description="Show Main IM ID.">
			<option value="0">No</option>
			<option value="1">Yes</option>
		</param>
		<param name="im_list" type="list" default="1" label="IM list" description="Show IM List.">
			<option value="0">No</option>
			<option value="1">Yes</option>
		</param>
	</params>	
	<config>
		<fields name="params">
			<fieldset name="basic">
				<field name="cache" type="list" default="0" label="Enable caching" description="Cache data">
					<option value="0">No</option>
					<option value="1">Use Global</option>
				</field>
				<field name="coreapp" type="list" default="0" label="Core Application" description="Causes this application to not appearin the users applications list but it will allow this application to appear in the user profile automatically if selected.">
					<option value="0">No</option>
					<option value="1">Yes</option>
				</field>
				<field name="position" type="list" default="content" label="Position" description="Default position if you select this as core apps">
					<option value="content">Main  content</option>
					<option value="sidebar-top">Sidebar top</option>
					<option value="sidebar-bottom">Sidebar bottom</option>
				</field>
				<field name="hide_empty" type="list" default="0" label="Hide empty fields" description="If enabled, empty fields will not be shown.">
					<option value="0">No</option>
					<option value="1">Yes</option>
				</field>
				<field name="home_address" type="list" default="1" label="Home Adress" description="Show home address.">
					<option value="0">No</option>
					<option value="1">Yes</option>
				</field>
				<field name="city" type="list" default="1" label="City" description="Show city.">
					<option value="0">No</option>
					<option value="1">Yes</option>
				</field>
				<field name="postal_code" type="list" default="1" label="Postal Code" description="Show postal code.">
					<option value="0">No</option>
					<option value="1">Yes</option>
				</field>
				<field name="country" type="list" default="1" label="Country" description="Show country.">
					<option value="0">No</option>
					<option value="1">Yes</option>
				</field>
				<field name="phone_number" type="list" default="1" label="Phone Number" description="Show phone number.">
					<option value="0">No</option>
					<option value="1">Yes</option>
				</field>
				<field name="mobile_number" type="list" default="1" label="Mobile Number" description="Show mobile number.">
					<option value="0">No</option>
					<option value="1">Yes</option>
				</field>
				<field name="fax_number" type="list" default="1" label="Fax Number" description="Show fax number.">
					<option value="0">No</option>
					<option value="1">Yes</option>
				</field>
				<field name="website" type="list" default="1" label="Website" description="Show Website.">
					<option value="0">No</option>
					<option value="1">Yes</option>
				</field>
				<field name="my_company" type="list" default="1" label="My Company" description="Show my company.">
					<option value="0">No</option>
					<option value="1">Yes</option>
				</field>
				<field name="work_address" type="list" default="1" label="Work Address" description="Show work address.">
					<option value="0">No</option>
					<option value="1">Yes</option>
				</field>
				<field name="comp_website" type="list" default="1" label="Company's Website" description="Show company's website.">
					<option value="0">No</option>
					<option value="1">Yes</option>
				</field>
				<field name="department" type="list" default="1" label="Department" description="Show department.">
					<option value="0">No</option>
					<option value="1">Yes</option>
				</field>
				<field name="job_title" type="list" default="1" label="Job Title" description="Show job title.">
					<option value="0">No</option>
					<option value="1">Yes</option>
				</field>
				<field name="main_im_id" type="list" default="1" label="Main IM ID" description="Show Main IM ID.">
					<option value="0">No</option>
					<option value="1">Yes</option>
				</field>
				<field name="im_list" type="list" default="1" label="IM list" description="Show IM List.">
					<option value="0">No</option>
					<option value="1">Yes</option>
				</field>
			</fieldset>
		</fields>
	</config>
</install>
