<?xml version="1.0" encoding="utf-8"?>
<install version="1.5" type="plugin" group="system" method="upgrade">
	<name>System - RSForm! Pro RSEvents!</name>
	<author>RSJoomla</author>
	<creationDate>May 2009</creationDate>
	<copyright>(C) 2007-2010 www.rsjoomla.com</copyright>
	<license>GNU General Public License</license>
	<authorEmail>support@rsjoomla.com</authorEmail>
	<authorUrl>www.rsjoomla.com</authorUrl>
	<version>1.4.0</version>
	<description><![CDATA[RSForm!Pro - RSEvents! plugin allows you to create custom registration forms with RSForm!Pro and use them in the RSEvents! registration process.<font color="red"><strong>Make sure you publish the plugin.</strong></font> Works with at least RSForm! Pro 1.3.0 REV30!]]></description>
	<files>
		<filename plugin="rsfprsevents">rsfprsevents.php</filename>
	</files>
	<languages>
		<language tag="en-GB">en-GB.plg_system_rsfprsevents.ini</language>
	</languages>
</install>