<?xml version="1.0" encoding="UTF-8"?>
<extension type="module" version="2.5" client="site" method="upgrade">
    <name>MOD_VCNT</name>
    <author>Viktor Vogel</author>
    <creationDate>05-Jun-2012</creationDate>
    <copyright>This module its released under GPL/GNU License</copyright>
    <license>http://www.gnu.org/copyleft/gpl.html GNU/GPL</license>
    <authorEmail>admin@kubik-rubik.de</authorEmail>
    <authorUrl>www.kubik-rubik.de</authorUrl>
    <version>2.5-2</version>
    <description>MOD_VCNT_XML_DESCRIPTION</description>
    <files>
        <filename module="mod_vcnt">mod_vcnt.php</filename>
        <filename module="mod_vcnt">mod_vcnt.css</filename>
        <filename module="mod_vcnt">helper.php</filename>
        <filename module="mod_vcnt">index.html</filename>
        <filename module="mod_vcnt">tmpl/default.php</filename>
        <filename module="mod_vcnt">tmpl/index.html</filename>
		<folder plugin="mod_vcnt">fields</folder>
    </files>
    <languages>
        <language tag="en-GB">language/en-GB/en-GB.mod_vcnt.sys.ini</language>
        <language tag="en-GB">language/en-GB/en-GB.mod_vcnt.ini</language>
        <language tag="de-DE">language/de-DE/de-DE.mod_vcnt.sys.ini</language>
        <language tag="de-DE">language/de-DE/de-DE.mod_vcnt.ini</language>
    </languages>
    <config>
        <fields name="params" addfieldpath="/modules/mod_vcnt/fields">
            <fieldset name="basic">
				<field type="krdonationcodecheck" />
                <field name="s_today" type="radio" default="1" label="MOD_VCNT_SHOWTODAY" description="MOD_VCNT_SHOWTODAYUSERS">
                    <option value="1">JYES</option>
                    <option value="0">JNO</option>
                </field>
                <field name="today" type="text" default="" label="MOD_VCNT_TODAYOPT" description="MOD_VCNT_TODAYDESC" />
                <field name="s_yesterday" type="radio" default="1" label="MOD_VCNT_SHOWYESTERDAY" description="MOD_VCNT_SHOWYESTERDAYUSERS">
                    <option value="1">JYES</option>
                    <option value="0">JNO</option>
                </field>
                <field name="yesterday" type="text" default="" label="MOD_VCNT_YESTERDAYOPT" description="MOD_VCNT_YESTERDAYDESC" />
                <field name="s_week" type="radio" default="1" label="MOD_VCNT_SHOWWEEK" description="MOD_VCNT_SHOWWEEKUSERS">
                    <option value="1">JYES</option>
                    <option value="0">JNO</option>
                </field>
                <field name="week" type="text" default="" label="MOD_VCNT_WEEKOPT" description="MOD_VCNT_WEEKDESC" />
                <field name="s_month" type="radio" default="1" label="MOD_VCNT_SHOWMONTH" description="MOD_VCNT_SHOWMONTHUSERS">
                    <option value="1">JYES</option>
                    <option value="0">JNO</option>
                </field>
                <field name="month" type="text" default="" label="MOD_VCNT_MONTHOPT" description="MOD_VCNT_MONTHDESC" />
                <field name="s_all" type="radio" default="1" label="MOD_VCNT_SHOWALL" description="MOD_VCNT_SHOWALLUSERS">
                    <option value="1">JYES</option>
                    <option value="0">JNO</option>
                </field>
                <field name="all" type="text" default="" label="MOD_VCNT_ALLOPT" description="MOD_VCNT_ALLDESC" />
                <field name="locktime" type="text" default="1440" label="MOD_VCNT_LOCKTIME" description="MOD_VCNT_LOCKTIMEDESC" />
                <field name="preset" type="text" default="0" label="MOD_VCNT_PRESETCOUNTER" description="MOD_VCNT_PRESETCOUNTERDESC" />
                <field name="whoisonline" type="radio" default="1" label="MOD_VCNT_WHOISONLINE" description="MOD_VCNT_WHOISONLINEDESC">
                    <option value="1">JYES</option>
                    <option value="2">JYESNAMES</option>
                    <option value="0">JNO</option>
                </field>
                <field name="whoisonline_linknames" type="radio" default="0" label="MOD_VCNT_WHOISONLINELINKNAMES" description="MOD_VCNT_WHOISONLINELINKNAMESDESC">
                    <option value="1">JYES</option>
                    <option value="0">JNO</option>
                </field>
                <field name="whoisonline_session" type="text" default="10" label="MOD_VCNT_WHOISONLINESESSION" description="MOD_VCNT_WHOISONLINESESSIONDESC" />
                <field name="horizontal" type="radio" default="0" label="MOD_VCNT_HORIZONTAL" description="MOD_VCNT_HORIZONTALDESC">
                    <option value="0">JNO</option>
                    <option value="1">JYES</option>
                    <option value="2">MOD_VCNT_YESCOMPACT</option>
                </field>
                <field name="s_clean" type="radio" default="1" label="MOD_VCNT_AUTOMATICCLEANUP" description="MOD_VCNT_AUTOMATICCLEANUPDESC">
                    <option value="1">JYES</option>
                    <option value="0">JNO</option>
                </field>
                <field name="hor_text" type="text" default="" label="MOD_VCNT_HORTEXT" description="MOD_VCNT_HORTEXTDESC" />
                <field name="separator" type="text" default="" label="MOD_VCNT_SEPARATOR" description="MOD_VCNT_SEPARATORDESC" />
                <field type="spacer" default="MOD_VCNT_BOTS" />
                <field name="nobots" type="radio" default="1" label="MOD_VCNT_NOBOTS" description="MOD_VCNT_NOBOTSDESC">
                    <option value="1">JYES</option>
                    <option value="0">JNO</option>
                </field>
                <field name="botslist" type="text" size="100" default="bot,spider,crawler,libwww,search,archive,slurp,teoma,facebook,twitter" label="MOD_VCNT_BOTSLIST" description="MOD_VCNT_BOTSLISTDESC" />
                <field name="noip" type="radio" default="0" label="MOD_VCNT_NOIPS" description="MOD_VCNT_NOIPSDESC">
                    <option value="1">JYES</option>
                    <option value="0">JNO</option>
                </field>
                <field name="ipslist" type="text" size="100" default="" label="MOD_VCNT_IPSLIST" description="MOD_VCNT_IPSLISTDESC" />
                <field name="filter_groups" type="usergroup" default="1" multiple="true" size="10" label="MOD_VCNT_SHOWALLOWEDGROUPS" description="MOD_VCNT_SHOWALLOWEDGROUPSDESC" />
            </fieldset>
            <fieldset name="MOD_VCNT_CONTEST">
                <field name="counterwinner" type="radio" default="0" label="MOD_VCNT_CONTESTACTIVATE" description="MOD_VCNT_CONTESTACTIVATEDESC">
                    <option value="1">JYES</option>
                    <option value="0">JNO</option>
                </field>
                <field name="cwnumber" type="text" default="" label="MOD_VCNT_CONTESTNUMBER" description="MOD_VCNT_CONTESTNUMBERDESC" />
                <field name="cwcode" type="text" default="" label="MOD_VCNT_CONTESTCODE" description="MOD_VCNT_CONTESTCODEDESC" />
                <field name="cwemail" type="text" default="" label="MOD_VCNT_CONTESTMAIL" description="MOD_VCNT_CONTESTMAILDESC" />
                <field name="cwtext" type="textarea" cols="40" rows="3" default="" label="MOD_VCNT_CONTESTTEXT" description="MOD_VCNT_CONTESTTEXTDESC" />
                <field name="cwpopup" type="radio" default="0" label="MOD_VCNT_CONTESTPOPUP" description="MOD_VCNT_CONTESTPOPUPDESC">
                    <option value="1">MOD_VCNT_SQUEEZEBOX</option>
                    <option value="2">MOD_VCNT_JSALERTPOPUP</option>
                    <option value="0">JNO</option>
                </field>
                <field name="cwsession" type="radio" default="0" label="MOD_VCNT_CONTESTSESSION" description="MOD_VCNT_CONTESTSESSIONDESC">
                    <option value="1">JYES</option>
                    <option value="0">JNO</option>
                </field>
                <field name="squeeze_url" type="text" default="" label="MOD_VCNT_SQUEEZEURL" description="MOD_VCNT_SQUEEZEURLDESC" />
                <field name="squeeze_relativetoroot" type="radio" default="0" label="MOD_VCNT_SQUEEZERELATIVE" description="MOD_VCNT_SQUEEZERELATIVEDESC">
                    <option value="1">JYES</option>
                    <option value="0">JNO</option>
                </field>
                <field name="squeeze_width" type="text" default="200" label="MOD_VCNT_SQUEEZEWIDTH" description="MOD_VCNT_SQUEEZEWIDTHDESC" />
                <field name="squeeze_height" type="text" default="200" label="MOD_VCNT_SQUEEZEHEIGHT" description="MOD_VCNT_SQUEEZEHEIGHTDESC" />
                <field name="squeeze_time" type="text" default="10" label="MOD_VCNT_SQUEEZETIME" description="MOD_VCNT_SQUEEZETIMEDESC" />
                <field name="squeeze_opacity" type="text" default="70" label="MOD_VCNT_SQUEEZEOPACITY" description="MOD_VCNT_SQUEEZEOPACITYDESC" />
            </fieldset>
            <fieldset name="advanced">
                <field name="cache" type="list" default="0" label="COM_MODULES_FIELD_CACHING_LABEL" description="COM_MODULES_FIELD_CACHING_DESC">
                    <option value="1">JGLOBAL_USE_GLOBAL</option>
                    <option value="0">COM_MODULES_FIELD_VALUE_NOCACHING</option>
                </field>
                <field name="cache_time" type="text" default="900" label="COM_MODULES_FIELD_CACHE_TIME_LABEL" description="COM_MODULES_FIELD_CACHE_TIME_DESC" />
                <field name="moduleclass_sfx" type="text" label="COM_MODULES_FIELD_MODULECLASS_SFX_LABEL" description="COM_MODULES_FIELD_MODULECLASS_SFX_DESC" />
                <field name="sql" type="radio" default="1" label="MOD_VCNT_SQL" description="MOD_VCNT_SQLDESC">
                    <option value="1">JYES</option>
                    <option value="0">JNO</option>
                </field>
                <field name="copy" type="radio" default="1" label="MOD_VCNT_POWEREDBY" description="MOD_VCNT_POWEREDBYDESC">
                    <option value="1">JYES</option>
                    <option value="0">JNO</option>
                </field>
            </fieldset>
			<fieldset name="donation">
				<field name="donation_code" type="text" default="" size="40" label="KR_DONATION_CODE" description="KR_DONATION_CODEDESC" />
			</fieldset>
        </fields>
    </config>
</extension>