<?xml version="1.0" encoding="utf-8"?>
<install type="component" version="1.5" method="upgrade">
<name>rsinstaller</name>
<author>RSJoomla</author>
<creationDate>03/03/2009</creationDate>
<copyright>(C) 2007-2010 www.rsjoomla.com</copyright>
<authorEmail>support@rsjoomla.com</authorEmail>
<authorUrl>www.rsjoomla.com</authorUrl>
<version>1.3.0</version>
<description><![CDATA[RSForm!Pro - RSEvents!plugin allows you to create custom registration forms with RSForm!Pro and use them in the RSEvents! registration process.<font color="red"><strong>Make sure you publish the plugin.</strong></font> Works with at least RSForm! Pro 1.3.0 REV30 !]]></description>
	<install>
		<sql>
			<file driver="mysql">install.mysql.sql</file>
			<file driver="mysql" charset="utf8">install.mysql.sql</file>
		</sql>
	</install>
	
	<uninstall>
		<sql>
			<file driver="mysql">uninstall.mysql.sql</file>
			<file driver="mysql" charset="utf8">uninstall.mysql.sql</file>
		</sql>
	</uninstall>
	<scriptfile>script.rsinstaller.php</scriptfile>
	<installfile>install.rsinstaller.php</installfile>
	<administration>
		<files folder="admin">
			<filename>install.mysql.sql</filename>
			<filename>uninstall.mysql.sql</filename>
		</files>
	</administration>
</install>