<?xml version="1.0" encoding="utf-8"?>
<extension type="component" version="2.5.0" method="upgrade">
	<name>NosCalendar</name>
	<creationDate>2012/08/25</creationDate>
	<author>Horst Noreick</author>
	<authorEmail>horst.noreick@fastbroadcast.de</authorEmail>
	<authorUrl>http://www.fastbroadcast.de</authorUrl>
	<copyright>Horst Noreick</copyright>
	<license>GNU/GPLv3 http://www.gnu.org/licenses/gpl-3.0.html</license>
	<version>1.0.16</version>
	<description>Calendar for Joomla 2.5</description>
	<files folder="site">
		<filename>controller.php</filename>
		<filename>index.html</filename>
		<filename>noscalendar.php</filename>		
		<filename>router.php</filename>
		<folder>assets</folder>
		<folder>cache</folder>
		<folder>helpers</folder>
		<folder>models</folder>
		<folder>Nos</folder>					
		<folder>views</folder>
	</files>
	<languages folder="site/language">
    	<language tag="en-GB">en-GB.com_noscalendar.ini</language>
    	<language tag="de-DE">de-DE.com_noscalendar.ini</language>    
  	</languages>	
	<administration>
		<menu>NosCalendar</menu>
		<files folder="admin">
			<filename>config.xml</filename>
			<filename>index.html</filename>
			<filename>noscalendar.php</filename>			
			<folder>elements</folder>
			<folder>models</folder>
			<folder>views</folder>	
			<folder>helpers</folder>						
			<folder>images</folder>						
		</files>		
	    <languages folder="admin/language">
    	  	<language tag="en-GB">en-GB.com_noscalendar.ini</language>
      		<language tag="en-GB">en-GB.com_noscalendar.sys.ini</language>
    	  	<language tag="de-DE">de-DE.com_noscalendar.ini</language>
      		<language tag="de-DE">de-DE.com_noscalendar.sys.ini</language>
    	</languages>
	</administration>
</extension>
