{
	"files": {
		"1 - Since ZOO 2.5.11 core.config overide is not longer necesary":"zlfw:elements/core.config",
		"2 - Removing the old qtip layout from Static Content":"zlfw:elements/staticcontent/tmpl/render/qtip.php",
		"3 - j1.5 Field moved to ZLFW":"plugins:system/zoo_zlelements/fields/specific.php",
		"3 - j2.5 Field moved to ZLFW":"plugins:system/zoo_zlelements/zoo_zlelements/fields/specific.php",
		"4 - file moved to repeatablepro folder":"zlfw:assets/css/repeatablepro.css"
	},
	"folders": {
		"1 - Let's be sure is deleted when upgrading to ZLFW":"plugins:system/zoo_zlelements/zoo_zlelements/elements_core",
		"2 - Let's be sure is deleted when upgrading to ZLFW for j1.6+":"plugins:system/zoo_zlelements/elements_core",
		"3 - Moving zlparams assets since zlfw 2.5.8":"zlfw:assets/libraries/zlparams"
	}
}