<?xml version="1.0" encoding="utf-8"?>
<install version="1.5" type="plugin" group="user" method="upgrade">
	<name>User - AceShop</name>
	<author>JoomAce LLC</author>
	<creationDate>April 2012</creationDate>
	<copyright>2009-2012 JoomAce LLC. All rights reserved.</copyright>
	<license>http://www.gnu.org/licenses/gpl-2.0.html GNU/GPL</license>
	<authorEmail>info@joomace.net</authorEmail>
	<authorUrl>www.joomace.net</authorUrl>
	<version>1.0.0</version>
	<description>User plugin to integrate Joomla users with OpenCart.</description>
	<files>
		<filename plugin="aceshop">aceshop.php</filename>
	</files>
</install>
