<?xml version="1.0" encoding="utf-8"?>
<extension method="upgrade" type="component" version="2.5.0">
	<name>COM_@@COMPONENTNAMEUPPERCASE@@</name>
	<author>Compojoom.com</author>
	<creationDate>@@DATE@@</creationDate>
	<copyright>(C) 2010 Daniel Dimitrov</copyright>
	<authorEmail>services@compojoom.com</authorEmail>
	<authorUrl>www.compojoom.com</authorUrl>
	<version>@@VERSION@@</version>
	<license>http://www.gnu.org/copyleft/gpl.html GNU/GPL</license>
	<description><![CDATA[Hotspots is an advanced google maps manager by Compojoom.com]]>
	</description>
    <scriptfile>script.php</scriptfile>
	<install>
		<sql>
			<file driver="mysql" charset="utf8">sql/install.mysql.sql</file>
		</sql>
	</install>
	<files folder="components/com_@@COMPONENTNAME@@">
        ##FRONTENDCOMPONENTPACKAGEFILES##
	</files>
	<languages folder="language">
        ##FRONTENDLANGUAGEFILES##
	</languages>
	<administration>
		<menu img="../media/com_hotspots/backend/images/hotspots-16px.png">COM_@@COMPONENTNAMEUPPERCASE@@</menu>
		<submenu>
			<menu img="../media/com_hotspots/backend/images/hotspots-16px.png" view="hotspots">COM_HOTSPOTS_LOCATIONS</menu>
			<menu img="../media/com_hotspots/backend/images/categories-16px.png" view="categories">COM_HOTSPOTS_CATEGORIES</menu>
			<menu img="../media/com_hotspots/backend/images/import-16px.png" view="import">COM_HOTSPOTS_IMPORT</menu>
			<menu img="../media/com_hotspots/backend/images/icon-16-config.png" view="settings">COM_HOTSPOTS_CONFIGURATION</menu>
			<menu img="../media/com_hotspots/backend/images/live-update.png" view="liveupdate">COM_HOTSPOTS_LIVEUPDATE</menu>
		</submenu>
		<files folder="administrator/components/com_@@COMPONENTNAME@@">
            ##ADMINCOMPONENTPACKAGEFILES##
		</files>
		<languages folder="administrator/language">
            ##ADMINLANGUAGEFILES##
        </languages>
	</administration>
	<media destination="com_@@COMPONENTNAME@@" folder="media/com_@@COMPONENTNAME@@">
        ##MEDIAPACKAGEFILES##
	</media>
</extension>