<?xml version="1.0" encoding="utf-8"?>
<install type="plugin" version="1.5" method="upgrade" group="content">
  <name>Content - QuickSellButtons</name>
  <creationDate>03-Nov-2012</creationDate>
  <author>Deian Motov</author>
  <authorEmail>deian@motov.net</authorEmail>
  <authorUrl>http://shopfiles.com</authorUrl>
  <copyright>Shopfiles.com</copyright>
  <license>GPL</license>
  <version>3.1.4</version>
  <description>This is the content plugin that will display the buttons.</description>
  <files folder="site">
    <filename>index.html</filename>
    <filename plugin="quicksellbuttons">quicksellbuttons.php</filename>
    <filename>quicksellbuttons_CHANGELOG.php</filename>
  </files>
  <params/>
  <config>
    <fields name="params">
      
    <fieldset name="basic">
        
      <field name="htmlentities" type="list" default="0" description="Force html entities (if codes doesnt work)" label="HTML entities">
          
          
        <option value="1">Yes</option><option value="0">No</option></field></fieldset></fields>
  </config>
</install>
