<?xml version="1.0" encoding="utf-8"?>
<install type="module" version="1.5.0" method="upgrade" client="site">
	<name>ZOO Tag</name>
	<author>YOOtheme</author>
	<creationDate>August 2011</creationDate>
	<copyright>Copyright (C) YOOtheme GmbH</copyright>
	<license>http://www.gnu.org/licenses/gpl-2.0.html GNU/GPLv2 only</license>
	<assetsLicense>YOOtheme Proprietary Use License (http://www.yootheme.com/license)</assetsLicense>
	<authorEmail>info@yootheme.com</authorEmail>
	<authorUrl>http://www.yootheme.com</authorUrl>
	<version>2.5.0</version>
	<description>Tag module for ZOO developed by YOOtheme (http://www.yootheme.com)</description>
	<files>
		<filename module="mod_zootag">mod_zootag.php</filename>
		<filename>changelog.php</filename>
		<filename>helper.php</filename>
		<folder>elements</folder>
		<folder>fields</folder>
		<folder>tmpl</folder>
	</files>
	<params addpath="/modules/mod_zootag/elements">
		<param name="theme" type="template" default="" label="Theme" description="Visual style" />
		<param name="application" type="zooapplication" default="" label="Application" description="APPLICATION_TAG_DESCRIPTION" />
		<param name="count" type="text" default="10" size="5" label="Tag Count" description="Maximum number of tags to display" />
		<param name="order" type="list" default="alpha" label="Tag Order" description="Order in which tags will be displayed in">
			<option value="alpha">Alphabetical</option>
			<option value="ralpha">Reverse-Alphabetical</option>
			<option value="acount">Count Ascending</option>
			<option value="dcount">Count Descending</option>
			<option value="ocount">Count Outwards</option>
			<option value="icount">Count Inwards</option>
			<option value="random">Random</option>
		</param>
		<param name="menu_item" type="menuitem" default="" state="1" label="Menu Item" description="MENUITEM_TAG_DESCRIPTION" />
		<param name="moduleclass_sfx" type="text" default="" label="Module Class Suffix" description="" />
	</params>
	<config>
		<fields name="params" >
			<fieldset name="basic" addfieldpath="/modules/mod_zootag/fields">
				<field name="theme" type="template" default="" label="Theme" description="Visual style" />
				<field name="mode" type="hidden" label="" required="false" description="" />
				<field name="type" type="hidden" label="" required="false" description="" />
				<field name="category" type="hidden" label="" required="false" description="" />
				<field name="item_id" type="hidden" label="" required="false" description="" />
				<field name="application" type="zooapplication" default="" label="Application" description="APPLICATION_DESCRIPTION" />
				<field name="count" type="text" default="10" size="5" label="Tag Count" description="Maximum number of tags to display" />
				<field name="order" type="list" default="alpha" label="Tag Order" description="Order in which tags will be displayed in">
					<option value="alpha">Alphabetical</option>
					<option value="ralpha">Reverse-Alphabetical</option>
					<option value="acount">Count Ascending</option>
					<option value="dcount">Count Descending</option>
					<option value="ocount">Count Outwards</option>
					<option value="icount">Count Inwards</option>
					<option value="random">Random</option>
				</field>
				<field name="menu_item" type="zoomenuitem" default="" state="1" label="Menu Item" description="MENUITEM_DESCRIPTION" />
				<field name="moduleclass_sfx" type="text" default="" label="Module Class Suffix" description="" />
			</fieldset>
		</fields>
	</config>
</install>