<?xml version="1.0" encoding="utf-8"?>
<extension version="2.5" type="plugin" group="quickicon">
	<name>plg_quickicon_jcefilebrowser</name>
	<author>Ryan Demmer</author>
	<creationDate>April 2012</creationDate>
	<copyright>Copyright (C) 2012 Ryan Demmer. All rights reserved.</copyright>
	<license>http://www.gnu.org/licenses/gpl-2.0.html GNU/GPL</license>
	<authorEmail>admin@joomla.org</authorEmail>
	<authorUrl>www.joomla.org</authorUrl>
	<version>2.5.0</version>
	<description>PLG_QUICKICON_JCEFILEBROWSER_XML_DESCRIPTION</description>
	<files>
		<filename plugin="jcefilebrowser">jcefilebrowser.php</filename>
		<filename>index.html</filename>
	</files>
	<languages>
		<language tag="en-GB">en-GB.plg_quickicon_jcefilebrowser.ini</language>
		<language tag="en-GB">en-GB.plg_quickicon_jcefilebrowser.sys.ini</language>
	</languages>
	<config>
		<fields name="params"></fields>
	</config>
</extension>
