<?xml version="1.0" encoding="utf-8"?>
<install version="1.6" type="plugin" group="system">
	<name>PHP Image Editor - Edit your images directly in Joomla!</name>
	<author>Patrik Hultgren</author>
	<creationDate>November 2008</creationDate>
	<copyright>Copyright (C) 2008, 2009, 2010, 2011 Holder.</copyright>
	<license>http://www.phpimageeditor.se/license-pro.php PHP Image Editor Joomla Pro Software License</license>
	<authorEmail>patrik.hult@gmail.com</authorEmail>
	<authorUrl>http://www.phpimageeditor.se</authorUrl>
	<version>2.31</version>
	<description><![CDATA[IMPORTANT! <a href="../plugins/system/phpimageeditor/install_joomla_plugin.php">Click here</a> to complete the installation.]]></description>
	<files>
		<filename plugin="phpimageeditor">phpimageeditor.php</filename>
		<filename>index.php</filename>
		<filename>install_joomla_plugin.php</filename>
		<filename>sample.jpg</filename>
		<filename>download/sample.jpg</filename>
		<filename>includes/ajax_save_code.php</filename>
		<filename>includes/constants.php</filename>
		<filename>language/ar-AA.ini</filename>
		<filename>language/en-GB.ini</filename>
		<filename>language/sv-SE.ini</filename>
		<filename>language/hu-HU.ini</filename>
		<filename>language/de-DE.ini</filename>
		<filename>language/pt-BR.ini</filename>
		<filename>language/nl-NL.ini</filename>
		<filename>language/es-ES.ini</filename>
		<filename>language/es-LA.ini</filename>
		<filename>language/nb-NO.ini</filename>
		<filename>language/ru-RU.ini</filename>
		<filename>language/pl-PL.ini</filename>
		<filename>language/bg-BG.ini</filename>
		<filename>language/he-IL.ini</filename>
		<filename>language/fr-FR.ini</filename>
		<filename>language/it-IT.ini</filename>
		<filename>language/zh-CN.ini</filename>
		<filename>language/sk-SK.ini</filename>
        <filename>language/sr-YU.ini</filename>
		<filename>pro/css/lightbox.css</filename>
		<filename>pro/javascript/load_squeeze_box.js</filename>
		<filename>pro/shared/javascript/joomla_editimagelink.js</filename>
		<filename>pro/shared/images/edit.gif</filename>
		<filename>pro/shared/includes/acl_functions.php</filename>
		<filename>pro/shared/includes/ajax_file_info.php</filename>
		<filename>pro/shared/includes/ajax_save_code_xml.php</filename>
		<filename>pro/shared/includes/functions.php</filename>
		<filename>pro/shared/includes/plugin.php</filename>
	</files>
</install>