<?xml version="1.0" encoding="utf-8"?>
<extension version="1.6" type="plugin" group="system" method="upgrade">
    <name>Installer</name>
	<author>RocketTheme, LLC</author>
	<creationDate>March 21, 2013</creationDate>
	<copyright>(C) 2005 - 2013 RocketTheme, LLC. All rights reserved.</copyright>
	<license>http://www.gnu.org/copyleft/gpl.html GNU/GPL</license>
	<authorEmail>support@rockettheme.com</authorEmail>
	<authorUrl>http://www.rockettheme.com</authorUrl>
	<version>1.4</version>
    <description>RokFeatureTable for Joomla! v1.4</description>
    <scriptfile>install.script.php</scriptfile>
    <files>
        <filename plugin="rokfeaturetable_installer">installer.php</filename>
    </files>
    <cogs>
        <cog type="module" client="site" access="1" enabled="true" protected="false">
            mod_rokfeaturetable
            <name>RokFeatureTable Module</name>
            <description>RocketTheme RokFeatureTable Module</description>
        </cog>
    </cogs>
</extension>
